{
  "type": "FeatureCollection",
  "generator": "overpass-turbo",
  "copyright": "The data included in this document is from www.openstreetmap.org. The data is made available under ODbL.",
  "timestamp": "2026-03-27T20:22:38Z",
  "features": [
    {
      "type": "Feature",
      "properties": {
        "@id": "node/60660466",
        "colour": "orange",
        "depth": "10",
        "internet_access": "wlan",
        "layer": "-1",
        "name": "Медведково",
        "name:be": "Мядзведкава",
        "name:en": "Medvedkovo",
        "name:ml": "മെഡ്‌വെഡ്‌കോവോ",
        "name:ru": "Медведково",
        "name:uk": "Медведково",
        "network": "Московский метрополитен",
        "opening_hours": "Mo-Su 05:30-01:00",
        "operator": "ГУП «Московский метрополитен»",
        "outdoor_seating": "no",
        "public_transport": "station",
        "railway": "station",
        "start_date": "1978-09-30",
        "station": "subway",
        "subway": "yes",
        "website": "http://mosmetro.ru/",
        "wikidata": "Q2721373"
      },
      "geometry": {
        "type": "Point",
        "coordinates": [
          37.66155,
          55.8871767
        ]
      },
      "id": "node/60660466"
    },
    {
      "type": "Feature",
      "properties": {
        "@id": "node/60660469",
        "colour": "orange",
        "depth": "10",
        "internet_access": "wlan",
        "layer": "-2",
        "name": "Бабушкинская",
        "name:be": "Бабушкінская",
        "name:en": "Babushkinskaya",
        "name:ml": "ബാബുഷ്കിൻസ്കായ",
        "name:ru": "Бабушкинская",
        "name:uk": "Бабушкінська",
        "network": "Московский метрополитен",
        "opening_hours": "Mo-Su 05:30-01:00",
        "operator": "ГУП «Московский метрополитен»",
        "outdoor_seating": "no",
        "public_transport": "station",
        "railway": "station",
        "start_date": "1978-09-30",
        "station": "subway",
        "subway": "yes",
        "website": "http://mosmetro.ru/",
        "wikidata": "Q2721566"
      },
      "geometry": {
        "type": "Point",
        "coordinates": [
          37.6641097,
          55.8696342
        ]
      },
      "id": "node/60660469"
    },
    {
      "type": "Feature",
      "properties": {
        "@id": "node/68916801",
        "colour": "blue",
        "depth": "9",
        "internet_access": "wlan",
        "layer": "-4",
        "name": "Партизанская",
        "name:be": "Партызанская",
        "name:en": "Partizanskaya",
        "name:fa": "پارتیزانسکایا",
        "name:ml": "പാർട്ടിസാൻസ്കായ",
        "name:ru": "Партизанская",
        "name:uk": "Партизанська",
        "network": "Московский метрополитен",
        "old_name": "Измайловский парк",
        "old_name:en": "Izmailovsky Park",
        "opening_hours": "Mo-Su 05:25-01:00",
        "operator": "ГУП «Московский метрополитен»",
        "outdoor_seating": "no",
        "public_transport": "station",
        "railway": "station",
        "start_date": "1944-01-18",
        "station": "subway",
        "subway": "yes",
        "website": "http://mosmetro.ru/",
        "wheelchair": "no",
        "wikidata": "Q2054979",
        "wikipedia": "ru:Партизанская (станция метро, Москва)"
      },
      "geometry": {
        "type": "Point",
        "coordinates": [
          37.7509929,
          55.788503
        ]
      },
      "id": "node/68916801"
    },
    {
      "type": "Feature",
      "properties": {
        "@id": "node/68937012",
        "colour": "blue",
        "depth": "40",
        "internet_access": "wlan",
        "layer": "-4",
        "name": "Семёновская",
        "name:be": "Сямёнаўская",
        "name:en": "Semyonovskaya",
        "name:ml": "സെമിയോനോവ്സ്കായ",
        "name:ru": "Семёновская",
        "name:uk": "Семенівська",
        "network": "Московский метрополитен",
        "opening_hours": "Mo-Su 05:25-01:00",
        "operator": "ГУП «Московский метрополитен»",
        "outdoor_seating": "no",
        "public_transport": "station",
        "railway": "station",
        "start_date": "1944-01-18",
        "station": "subway",
        "subway": "yes",
        "website": "http://mosmetro.ru/",
        "wikidata": "Q2547464",
        "wikipedia": "ru:Семёновская (станция метро)"
      },
      "geometry": {
        "type": "Point",
        "coordinates": [
          37.7212818,
          55.7833072
        ]
      },
      "id": "node/68937012"
    },
    {
      "type": "Feature",
      "properties": {
        "@id": "node/241158259",
        "colour": "lightblue",
        "depth": "0",
        "internet_access": "wlan",
        "name": "Филёвский парк",
        "name:be": "Філёўскі парк",
        "name:de": "Filjowski Park",
        "name:en": "Filyovsky Park",
        "name:ml": "ഫിലിയോവ്സ്കി പാർക്ക്",
        "name:ru": "Филёвский парк",
        "name:uk": "Фільовський парк",
        "network": "Московский метрополитен",
        "opening_hours": "Mo-Su 05:30-01:00",
        "operator": "ГУП «Московский метрополитен»",
        "outdoor_seating": "no",
        "public_transport": "station",
        "railway": "station",
        "start_date": "1961-10-13",
        "station": "subway",
        "subway": "yes",
        "website": "http://mosmetro.ru",
        "wheelchair": "yes",
        "wikidata": "Q2547496"
      },
      "geometry": {
        "type": "Point",
        "coordinates": [
          37.4833717,
          55.7395085
        ]
      },
      "id": "node/241158259"
    },
    {
      "type": "Feature",
      "properties": {
        "@id": "node/241158281",
        "colour": "lightblue",
        "depth": "0",
        "internet_access": "wlan",
        "loc_name": "Багры",
        "name": "Багратионовская",
        "name:be": "Баграціёнаўская",
        "name:en": "Bagrationovskaya",
        "name:ml": "ബഗ്രാറ്റിയോനോവ്സ്കായ",
        "name:ru": "Багратионовская",
        "name:uk": "Багратіонівська",
        "network": "Московский метрополитен",
        "opening_hours": "Mo-Su 05:30-01:00",
        "operator": "ГУП «Московский метрополитен»",
        "outdoor_seating": "no",
        "public_transport": "station",
        "railway": "station",
        "start_date": "1961-10-13",
        "station": "subway",
        "subway": "yes",
        "website": "http://mosmetro.ru",
        "wheelchair": "yes",
        "wikidata": "Q2547853"
      },
      "geometry": {
        "type": "Point",
        "coordinates": [
          37.497737,
          55.7437316
        ]
      },
      "id": "node/241158281"
    },
    {
      "type": "Feature",
      "properties": {
        "@id": "node/241158327",
        "colour": "lightblue",
        "depth": "0",
        "internet_access": "wlan",
        "name": "Фили",
        "name:be": "Філі",
        "name:en": "Fili",
        "name:ml": "ഫിലി",
        "name:ru": "Фили",
        "name:uk": "Філі",
        "network": "Московский метрополитен",
        "opening_hours": "Mo-Su 05:30-01:00",
        "operator": "ГУП «Московский метрополитен»",
        "outdoor_seating": "no",
        "public_transport": "station",
        "railway": "station",
        "start_date": "1959-11-07",
        "station": "subway",
        "subway": "yes",
        "website": "http://mosmetro.ru",
        "wheelchair": "yes",
        "wikidata": "Q2547892"
      },
      "geometry": {
        "type": "Point",
        "coordinates": [
          37.5148273,
          55.7461266
        ]
      },
      "id": "node/241158327"
    },
    {
      "type": "Feature",
      "properties": {
        "@id": "node/241158369",
        "colour": "lightblue",
        "departures_board": "realtime",
        "departures_board:speech_output": "no",
        "depth": "0",
        "internet_access": "wlan",
        "name": "Кутузовская",
        "name:be": "Кутузаўская",
        "name:en": "Kutuzovskaya",
        "name:ml": "കുട്ടുസോവ്സ്കായ",
        "name:ru": "Кутузовская",
        "name:uk": "Кутузовська",
        "network": "Московский метрополитен",
        "opening_hours": "Mo-Su 05:30-01:00",
        "operator": "ГУП «Московский метрополитен»",
        "outdoor_seating": "no",
        "public_transport": "station",
        "railway": "station",
        "start_date": "1958-11-07",
        "station": "subway",
        "subway": "yes",
        "website": "http://mosmetro.ru",
        "wheelchair": "no"
      },
      "geometry": {
        "type": "Point",
        "coordinates": [
          37.5343862,
          55.7399906
        ]
      },
      "id": "node/241158369"
    },
    {
      "type": "Feature",
      "properties": {
        "@id": "node/241158415",
        "colour": "lightblue",
        "depth": "0",
        "internet_access": "wlan",
        "name": "Студенческая",
        "name:be": "Студэнцкая",
        "name:en": "Studencheskaya",
        "name:ml": "സ്റ്റുഡെൻചെസ്കായ",
        "name:ru": "Студенческая",
        "name:uk": "Студентська",
        "network": "Московский метрополитен",
        "opening_hours": "Mo-Su 05:30-01:00",
        "operator": "ГУП «Московский метрополитен»",
        "outdoor_seating": "no",
        "public_transport": "station",
        "railway": "station",
        "start_date": "1958-11-07",
        "station": "subway",
        "subway": "yes",
        "website": "http://mosmetro.ru",
        "wheelchair": "yes",
        "wikidata": "Q2721245",
        "wikipedia": "ru:Студенческая (станция метро, Москва)"
      },
      "geometry": {
        "type": "Point",
        "coordinates": [
          37.5484101,
          55.7388299
        ]
      },
      "id": "node/241158415"
    },
    {
      "type": "Feature",
      "properties": {
        "@id": "node/242546355",
        "colour": "blue",
        "depth": "31.5",
        "internet_access": "wlan",
        "layer": "-4",
        "name": "Электрозаводская",
        "name:be": "Электразаводская",
        "name:cs": "Elektrozavodskaja",
        "name:de": "Elektrosawodskaja",
        "name:en": "Elektrozavodskaya",
        "name:it": "Elektrozavodskaja",
        "name:ml": "എലെക്ട്രോസാവോഡ്സ്കായ",
        "name:pl": "Elektrozawodskaja",
        "name:pt": "Estação Electrosavodskaia",
        "name:ru": "Электрозаводская",
        "name:sv": "Elektrozavodskaja",
        "name:uk": "Електрозаводська",
        "network": "Московский метрополитен",
        "opening_hours": "Mo-Su 05:30-01:00",
        "operator": "ГУП «Московский метрополитен»",
        "outdoor_seating": "no",
        "public_transport": "station",
        "railway": "station",
        "start_date": "1944-05-15",
        "station": "subway",
        "subway": "yes",
        "website": "http://mosmetro.ru/",
        "wikidata": "Q1327563",
        "wikipedia": "ru:Электрозаводская (станция метро, Арбатско-Покровская линия)"
      },
      "geometry": {
        "type": "Point",
        "coordinates": [
          37.7037878,
          55.7817132
        ]
      },
      "id": "node/242546355"
    },
    {
      "type": "Feature",
      "properties": {
        "@id": "node/242546356",
        "colour": "blue",
        "depth": "32.5",
        "internet_access": "wlan",
        "layer": "-4",
        "loc_name": "Бауманка",
        "name": "Бауманская",
        "name:be": "Баўманская",
        "name:en": "Baumanskaya",
        "name:ml": "ബൗമാൻസ്കായ",
        "name:ru": "Бауманская",
        "name:uk": "Бауманська",
        "network": "Московский метрополитен",
        "opening_hours": "Mo-Su 05:30-01:00",
        "operator": "ГУП «Московский метрополитен»",
        "outdoor_seating": "no",
        "public_transport": "station",
        "railway": "station",
        "start_date": "1944-01-18",
        "station": "subway",
        "subway": "yes",
        "website": "http://mosmetro.ru/",
        "wikidata": "Q980794",
        "wikipedia": "ru:Бауманская (станция метро)"
      },
      "geometry": {
        "type": "Point",
        "coordinates": [
          37.6805494,
          55.7730392
        ]
      },
      "id": "node/242546356"
    },
    {
      "type": "Feature",
      "properties": {
        "@id": "node/242546357",
        "name": "Курская",
        "public_transport": "stop_position",
        "railway": "stop",
        "subway": "yes"
      },
      "geometry": {
        "type": "Point",
        "coordinates": [
          37.6583103,
          55.7581156
        ]
      },
      "id": "node/242546357"
    },
    {
      "type": "Feature",
      "properties": {
        "@id": "node/242546475",
        "alt_name:en": "Ploschad Revolyutsii;Ploshchad Revolyutsii",
        "colour": "blue",
        "depth": "33.6",
        "internet_access": "wlan",
        "layer": "-4",
        "name": "Площадь Революции",
        "name:be": "Плошча Рэвалюцыі",
        "name:de": "Revolutionsplatz",
        "name:en": "Revolution Square",
        "name:fa": "میدان انقلاب",
        "name:ml": "വിപ്ലവ ചത്വരം",
        "name:ru": "Площадь Революции",
        "name:uk": "Площа Революції",
        "network": "Московский метрополитен",
        "opening_hours": "Mo-Su 05:30-01:00",
        "operator": "ГУП «Московский метрополитен»",
        "outdoor_seating": "no",
        "public_transport": "station",
        "railway": "station",
        "start_date": "1938-03-13",
        "station": "subway",
        "subway": "yes",
        "website": "http://mosmetro.ru",
        "wikidata": "Q2721257",
        "wikipedia": "ru:Площадь Революции (станция метро, Москва)"
      },
      "geometry": {
        "type": "Point",
        "coordinates": [
          37.6217842,
          55.7566512
        ]
      },
      "id": "node/242546475"
    },
    {
      "type": "Feature",
      "properties": {
        "@id": "node/242546476",
        "colour": "blue",
        "depth": "41",
        "internet_access": "wlan",
        "layer": "-4",
        "name": "Арбатская",
        "name:be": "Арбацкая",
        "name:en": "Arbatskaya",
        "name:ml": "അർബാറ്റ്സ്കായ",
        "name:ru": "Арбатская",
        "name:uk": "Арбатська",
        "network": "Московский метрополитен",
        "opening_hours": "Mo-Su 05:30-01:00",
        "operator": "ГУП «Московский метрополитен»",
        "outdoor_seating": "no",
        "public_transport": "station",
        "railway": "station",
        "start_date": "1953-04-05",
        "station": "subway",
        "subway": "yes",
        "website": "http://mosmetro.ru",
        "wikidata": "Q2604365",
        "wikipedia": "ru:Арбатская (станция метро, Арбатско-Покровская линия)"
      },
      "geometry": {
        "type": "Point",
        "coordinates": [
          37.6069779,
          55.752095
        ]
      },
      "id": "node/242546476"
    },
    {
      "type": "Feature",
      "properties": {
        "@id": "node/244036218",
        "name": "Кунцевская",
        "public_transport": "stop_position",
        "railway": "stop",
        "subway": "yes"
      },
      "geometry": {
        "type": "Point",
        "coordinates": [
          37.4460135,
          55.7306986
        ]
      },
      "id": "node/244036218"
    },
    {
      "type": "Feature",
      "properties": {
        "@id": "node/244036228",
        "colour": "blue",
        "depth": "6.5",
        "internet_access": "wlan",
        "layer": "-4",
        "name": "Молодёжная",
        "name:be": "Маладзёжная",
        "name:en": "Molodyozhnaya",
        "name:ml": "മൊലൊഡോജ്നായ",
        "name:ru": "Молодёжная",
        "name:uk": "Молодіжна",
        "network": "Московский метрополитен",
        "opening_hours": "Mo-Su 05:30-01:00",
        "operator": "ГУП «Московский метрополитен»",
        "outdoor_seating": "no",
        "public_transport": "station",
        "railway": "station",
        "start_date": "1965-07-05",
        "station": "subway",
        "subway": "yes",
        "website": "http://mosmetro.ru",
        "wheelchair": "no",
        "wikidata": "Q1943679"
      },
      "geometry": {
        "type": "Point",
        "coordinates": [
          37.4169385,
          55.7407572
        ]
      },
      "id": "node/244036228"
    },
    {
      "type": "Feature",
      "properties": {
        "@id": "node/244036856",
        "colour": "lightblue",
        "depth": "0",
        "internet_access": "wlan",
        "loc_name": "Пионерка",
        "name": "Пионерская",
        "name:be": "Піянерская",
        "name:en": "Pionerskaya",
        "name:ml": "പിയോണേർസ്കായ",
        "name:ru": "Пионерская",
        "name:uk": "Піонерська",
        "network": "Московский метрополитен",
        "opening_hours": "Mo-Su 05:30-01:00",
        "operator": "ГУП «Московский метрополитен»",
        "outdoor_seating": "no",
        "public_transport": "station",
        "railway": "station",
        "start_date": "1961-10-13",
        "station": "subway",
        "subway": "yes",
        "website": "http://mosmetro.ru",
        "wheelchair": "yes",
        "wikidata": "Q2721123",
        "wikipedia": "ru:Пионерская (станция метро, Москва)"
      },
      "geometry": {
        "type": "Point",
        "coordinates": [
          37.4671358,
          55.7359875
        ]
      },
      "id": "node/244036856"
    },
    {
      "type": "Feature",
      "properties": {
        "@id": "node/252828224",
        "colour": "blue",
        "depth": "50",
        "internet_access": "wlan",
        "layer": "-4",
        "name": "Смоленская",
        "name:be": "Смаленская",
        "name:en": "Smolenskaya",
        "name:ml": "സ്മോലെൻസ്കായ",
        "name:ru": "Смоленская",
        "name:uk": "Смоленьска",
        "network": "Московский метрополитен",
        "opening_hours": "Mo-Su 05:30-01:00",
        "operator": "ГУП «Московский метрополитен»",
        "outdoor_seating": "no",
        "public_transport": "station",
        "railway": "station",
        "start_date": "1953-04-05",
        "station": "subway",
        "subway": "yes",
        "website": "http://mosmetro.ru",
        "wikidata": "Q935808",
        "wikipedia": "ru:Смоленская (станция метро, Арбатско-Покровская линия)"
      },
      "geometry": {
        "type": "Point",
        "coordinates": [
          37.5818245,
          55.747394
        ]
      },
      "id": "node/252828224"
    },
    {
      "type": "Feature",
      "properties": {
        "@id": "node/252934400",
        "alt_name:uk": "Ковальський міст",
        "colour": "violet",
        "depth": "39.5",
        "internet_access": "wlan",
        "layer": "-5",
        "name": "Кузнецкий Мост",
        "name:be": "Кузнецкі мост",
        "name:de": "Kusnezk-Brücke",
        "name:en": "Kuznetsky Most",
        "name:ml": "കുസ്നെറ്റ്സ്കി പാലം",
        "name:ru": "Кузнецкий Мост",
        "name:uk": "Кузнецький міст",
        "network": "Московский метрополитен",
        "opening_hours": "Mo-Su 05:30-01:00",
        "operator": "ГУП «Московский метрополитен»",
        "outdoor_seating": "no",
        "public_transport": "station",
        "railway": "station",
        "start_date": "1975-12-17",
        "station": "subway",
        "subway": "yes",
        "website": "http://mosmetro.ru",
        "wikidata": "Q2549598"
      },
      "geometry": {
        "type": "Point",
        "coordinates": [
          37.6261429,
          55.7607508
        ]
      },
      "id": "node/252934400"
    },
    {
      "type": "Feature",
      "properties": {
        "@id": "node/252934401",
        "name": "Китай-город",
        "public_transport": "stop_position",
        "railway": "stop",
        "subway": "yes"
      },
      "geometry": {
        "type": "Point",
        "coordinates": [
          37.6331968,
          55.7556055
        ]
      },
      "id": "node/252934401"
    },
    {
      "type": "Feature",
      "properties": {
        "@id": "node/253016890",
        "colour": "violet",
        "depth": "36",
        "internet_access": "wlan",
        "layer": "-4",
        "loc_name": "Таганка",
        "name": "Таганская",
        "name:be": "Таганская",
        "name:en": "Taganskaya",
        "name:ml": "ടാഗാൻസ്കായ",
        "name:ru": "Таганская",
        "name:uk": "Таганська",
        "network": "Московский метрополитен",
        "opening_hours": "Mo-Su 05:30-01:00",
        "operator": "ГУП «Московский метрополитен»",
        "outdoor_seating": "no",
        "public_transport": "station",
        "railway": "station",
        "start_date": "1966-12-31",
        "station": "subway",
        "subway": "yes",
        "website": "http://mosmetro.ru",
        "wikidata": "Q3028818",
        "wikipedia": "ru:Таганская (станция метро, Таганско-Краснопресненская линия)"
      },
      "geometry": {
        "type": "Point",
        "coordinates": [
          37.6518996,
          55.740465
        ]
      },
      "id": "node/253016890"
    },
    {
      "type": "Feature",
      "properties": {
        "@id": "node/253016891",
        "colour": "violet",
        "depth": "9",
        "internet_access": "wlan",
        "layer": "-2",
        "name": "Пролетарская",
        "name:be": "Пралетарская",
        "name:en": "Proletarskaya",
        "name:ml": "പ്രൊലെറ്റാർസ്കായ",
        "name:ru": "Пролетарская",
        "name:uk": "Пролетарська",
        "network": "Московский метрополитен",
        "opening_hours": "Mo-Su 05:30-01:00",
        "operator": "ГУП «Московский метрополитен»",
        "outdoor_seating": "no",
        "public_transport": "station",
        "railway": "station",
        "start_date": "1966-12-31",
        "station": "subway",
        "subway": "yes",
        "website": "http://mosmetro.ru",
        "wheelchair": "no",
        "wikidata": "Q614711"
      },
      "geometry": {
        "type": "Point",
        "coordinates": [
          37.6658787,
          55.731857
        ]
      },
      "id": "node/253016891"
    },
    {
      "type": "Feature",
      "properties": {
        "@id": "node/253016892",
        "colour": "violet",
        "depth": "8",
        "internet_access": "wlan",
        "layer": "-2",
        "name": "Волгоградский проспект",
        "name:be": "Валгаградскі праспект",
        "name:en": "Volgogradsky Prospekt",
        "name:ml": "വോൾഗോഗ്രാഡ്സ്കി പ്രോസ്പെക്റ്റ്",
        "name:ru": "Волгоградский проспект",
        "name:uk": "Волгоградський проспект",
        "network": "Московский метрополитен",
        "opening_hours": "Mo-Su 05:30-01:00",
        "operator": "ГУП «Московский метрополитен»",
        "outdoor_seating": "no",
        "public_transport": "station",
        "railway": "station",
        "start_date": "1966-12-31",
        "station": "subway",
        "subway": "yes",
        "website": "http://mosmetro.ru/",
        "wikidata": "Q2551336"
      },
      "geometry": {
        "type": "Point",
        "coordinates": [
          37.6868906,
          55.7252386
        ]
      },
      "id": "node/253016892"
    },
    {
      "type": "Feature",
      "properties": {
        "@id": "node/253016893",
        "alt_name:en": "Tekstilschiki",
        "alt_name:uk": "Текстильники",
        "colour": "violet",
        "depth": "13",
        "internet_access": "wlan",
        "layer": "-2",
        "name": "Текстильщики",
        "name:be": "Тэкстыльшчыкі",
        "name:en": "Tekstilshchiki",
        "name:ml": "ടെക്സ്റ്റിൽഷ്ചിക്കി",
        "name:ru": "Текстильщики",
        "name:uk": "Текстильщики",
        "network": "Московский метрополитен",
        "opening_hours": "Mo-Su 05:30-01:00",
        "operator": "ГУП «Московский метрополитен»",
        "outdoor_seating": "no",
        "public_transport": "station",
        "railway": "station",
        "start_date": "1966-12-31",
        "station": "subway",
        "subway": "yes",
        "website": "http://mosmetro.ru/",
        "wheelchair": "no",
        "wikidata": "Q21152431"
      },
      "geometry": {
        "type": "Point",
        "coordinates": [
          37.7315039,
          55.7088138
        ]
      },
      "id": "node/253016893"
    },
    {
      "type": "Feature",
      "properties": {
        "@id": "node/253016894",
        "colour": "violet",
        "depth": "8",
        "internet_access": "wlan",
        "layer": "-2",
        "name": "Кузьминки",
        "name:be": "Кузьмінкі",
        "name:en": "Kuzminki",
        "name:ml": "കുസ്മിങ്കി",
        "name:ru": "Кузьминки",
        "name:uk": "Кузьмінки",
        "network": "Московский метрополитен",
        "opening_hours": "Mo-Su 05:30-01:00",
        "operator": "ГУП «Московский метрополитен»",
        "outdoor_seating": "no",
        "public_transport": "station",
        "railway": "station",
        "start_date": "1966-12-31",
        "station": "subway",
        "subway": "yes",
        "website": "http://mosmetro.ru/",
        "wikidata": "Q2550982"
      },
      "geometry": {
        "type": "Point",
        "coordinates": [
          37.7657844,
          55.7056021
        ]
      },
      "id": "node/253016894"
    },
    {
      "type": "Feature",
      "properties": {
        "@id": "node/253016895",
        "alt_name:en": "Vyhino",
        "colour": "violet",
        "depth": "0",
        "internet_access": "wlan",
        "name": "Выхино",
        "name:be": "Выхіна",
        "name:en": "Vykhino",
        "name:ml": "വിഖിനോ",
        "name:ru": "Выхино",
        "name:uk": "Вихіно",
        "network": "Московский метрополитен",
        "opening_hours": "Mo-Su 05:25-01:00",
        "operator": "ГУП «Московский метрополитен»",
        "outdoor_seating": "no",
        "public_transport": "station",
        "railway": "station",
        "start_date": "1966-12-31",
        "station": "subway",
        "subway": "yes",
        "website": "http://mosmetro.ru/",
        "wikidata": "Q2551396"
      },
      "geometry": {
        "type": "Point",
        "coordinates": [
          37.8179229,
          55.7156444
        ]
      },
      "id": "node/253016895"
    },
    {
      "type": "Feature",
      "properties": {
        "@id": "node/253017004",
        "colour": "violet",
        "depth": "6",
        "internet_access": "wlan",
        "layer": "-1",
        "name": "Рязанский проспект",
        "name:be": "Разанскі праспект",
        "name:en": "Ryazansky Prospekt",
        "name:ml": "റിയാസാൻസ്കി പ്രോസ്പെക്റ്റ്",
        "name:ru": "Рязанский проспект",
        "name:uk": "Рязанський проспект",
        "network": "Московский метрополитен",
        "opening_hours": "Mo-Su 05:25-01:00",
        "operator": "ГУП «Московский метрополитен»",
        "outdoor_seating": "no",
        "public_transport": "station",
        "railway": "station",
        "start_date": "1966-12-31",
        "station": "subway",
        "subway": "yes",
        "website": "http://mosmetro.ru/",
        "wikidata": "Q740829"
      },
      "geometry": {
        "type": "Point",
        "coordinates": [
          37.7933151,
          55.716947
        ]
      },
      "id": "node/253017004"
    },
    {
      "type": "Feature",
      "properties": {
        "@id": "node/253043175",
        "colour": "lightblue",
        "depth": "8",
        "internet_access": "wlan",
        "layer": "-2",
        "name": "Арбатская",
        "name:be": "Арбацкая",
        "name:de": "Arbatskaja",
        "name:en": "Arbatskaya",
        "name:ml": "അർബാറ്റ്സ്കായ",
        "name:ru": "Арбатская",
        "name:uk": "Арбатська",
        "network": "Московский метрополитен",
        "opening_hours": "Mo-Su 05:30-01:00",
        "operator": "ГУП «Московский метрополитен»",
        "outdoor_seating": "no",
        "public_transport": "station",
        "railway": "station",
        "start_date": "1935-05-15",
        "station": "subway",
        "subway": "yes",
        "website": "http://mosmetro.ru"
      },
      "geometry": {
        "type": "Point",
        "coordinates": [
          37.6006567,
          55.7518523
        ]
      },
      "id": "node/253043175"
    },
    {
      "type": "Feature",
      "properties": {
        "@id": "node/253045735",
        "colour": "lightblue",
        "depth": "25",
        "internet_access": "wlan",
        "layer": "-4",
        "name": "Деловой центр",
        "name:en": "Delovoy Center",
        "name:ru": "Деловой центр",
        "network": "Московский метрополитен",
        "old_name": "Выставочная",
        "old_name:en": "Vystavochnaya",
        "opening_hours": "Mo-Su 05:30-01:00",
        "operator": "ГУП «Московский метрополитен»",
        "outdoor_seating": "no",
        "public_transport": "station",
        "railway": "station",
        "start_date": "2005-09-10",
        "station": "subway",
        "subway": "yes",
        "website": "http://mosmetro.ru",
        "wikidata": "Q2541674"
      },
      "geometry": {
        "type": "Point",
        "coordinates": [
          37.5413666,
          55.7500874
        ]
      },
      "id": "node/253045735"
    },
    {
      "type": "Feature",
      "properties": {
        "@id": "node/253228506",
        "colour": "lightblue",
        "depth": "7",
        "internet_access": "wlan",
        "layer": "-2",
        "name": "Александровский сад",
        "name:be": "Аляксандраўскі Сад",
        "name:de": "Alexandergarten",
        "name:en": "Alexander Garden",
        "name:ml": "അലക്സാണ്ടർ പൂന്തോട്ടം",
        "name:ru": "Александровский сад",
        "name:uk": "Олександрівський сад",
        "network": "Московский метрополитен",
        "opening_hours": "Mo-Su 05:30-01:00",
        "operator": "ГУП «Московский метрополитен»",
        "outdoor_seating": "no",
        "public_transport": "station",
        "railway": "station",
        "start_date": "1935-05-15",
        "station": "subway",
        "subway": "yes",
        "website": "http://mosmetro.ru",
        "wheelchair": "no",
        "wikidata": "Q1728328"
      },
      "geometry": {
        "type": "Point",
        "coordinates": [
          37.6086825,
          55.7524027
        ]
      },
      "id": "node/253228506"
    },
    {
      "type": "Feature",
      "properties": {
        "@id": "node/253375111",
        "colour": "lightblue",
        "depth": "8.7",
        "internet_access": "wlan",
        "layer": "-4",
        "name": "Киевская",
        "name:be": "Кіеўская",
        "name:en": "Kiyevskaya",
        "name:ml": "കിയെവ്സ്കായ",
        "name:ru": "Киевская",
        "name:uk": "Київська",
        "network": "Московский метрополитен",
        "opening_hours": "Mo-Su 05:30-01:00",
        "operator": "ГУП «Московский метрополитен»",
        "outdoor_seating": "no",
        "public_transport": "station",
        "railway": "station",
        "start_date": "1937-03-20",
        "station": "subway",
        "subway": "yes",
        "website": "http://mosmetro.ru",
        "wheelchair": "no"
      },
      "geometry": {
        "type": "Point",
        "coordinates": [
          37.5656452,
          55.7436835
        ]
      },
      "id": "node/253375111"
    },
    {
      "type": "Feature",
      "properties": {
        "@id": "node/253776238",
        "name": "Крылатское",
        "public_transport": "stop_position",
        "railway": "stop",
        "subway": "yes"
      },
      "geometry": {
        "type": "Point",
        "coordinates": [
          37.408242,
          55.7565916
        ]
      },
      "id": "node/253776238"
    },
    {
      "type": "Feature",
      "properties": {
        "@id": "node/253780238",
        "colour": "blue",
        "depth": "8.5",
        "internet_access": "wlan",
        "layer": "-2",
        "name": "Славянский бульвар",
        "name:be": "Славянскі бульвар",
        "name:en": "Slavyansky Bulvar",
        "name:ml": "സ്ലാവ്യാൻസ്കി ബുൾവാർ",
        "name:ru": "Славянский бульвар",
        "name:uk": "Слов’янський бульвар",
        "network": "Московский метрополитен",
        "opening_hours": "Mo-Su 05:30-01:00",
        "operator": "ГУП «Московский метрополитен»",
        "outdoor_seating": "no",
        "public_transport": "station",
        "railway": "station",
        "start_date": "2008-09-07",
        "station": "subway",
        "subway": "yes",
        "website": "http://mosmetro.ru",
        "wheelchair": "yes",
        "wikidata": "Q2721528"
      },
      "geometry": {
        "type": "Point",
        "coordinates": [
          37.4707878,
          55.7295963
        ]
      },
      "id": "node/253780238"
    },
    {
      "type": "Feature",
      "properties": {
        "@id": "node/255744331",
        "alt_name:uk": "Новогірєєво",
        "colour": "yellow",
        "depth": "9",
        "internet_access": "wlan",
        "layer": "-4",
        "name": "Новогиреево",
        "name:be": "Навагірэева",
        "name:en": "Novogireyevo",
        "name:ru": "Новогиреево",
        "name:uk": "Новогіреєво",
        "network": "Московский метрополитен",
        "opening_hours": "Mo-Su 05:25-01:00",
        "operator": "ГУП «Московский метрополитен»",
        "outdoor_seating": "no",
        "public_transport": "station",
        "railway": "station",
        "start_date": "1979-12-30",
        "station": "subway",
        "subway": "yes",
        "website": "http://mosmetro.ru",
        "wikidata": "Q662318"
      },
      "geometry": {
        "type": "Point",
        "coordinates": [
          37.8167454,
          55.751769
        ]
      },
      "id": "node/255744331"
    },
    {
      "type": "Feature",
      "properties": {
        "@id": "node/255744332",
        "colour": "yellow",
        "depth": "9",
        "internet_access": "wlan",
        "layer": "-2",
        "name": "Перово",
        "name:be": "Пярова",
        "name:en": "Perovo",
        "name:ru": "Перово",
        "name:uk": "Перово",
        "network": "Московский метрополитен",
        "opening_hours": "Mo-Su 05:30-01:00",
        "operator": "ГУП «Московский метрополитен»",
        "outdoor_seating": "no",
        "public_transport": "station",
        "railway": "station",
        "start_date": "1979-12-30",
        "station": "subway",
        "subway": "yes",
        "website": "http://mosmetro.ru",
        "wikidata": "Q2550994",
        "wikipedia:ru": "Перово (станция метро)"
      },
      "geometry": {
        "type": "Point",
        "coordinates": [
          37.7864823,
          55.7511973
        ]
      },
      "id": "node/255744332"
    },
    {
      "type": "Feature",
      "properties": {
        "@id": "node/255744578",
        "colour": "yellow",
        "depth": "53",
        "internet_access": "wlan",
        "layer": "-4",
        "name": "Шоссе Энтузиастов",
        "name:be": "Шаша Энтузіястаў",
        "name:cs": "Šosse Entuziastov",
        "name:en": "Shosse Entuziastov",
        "name:it": "Šosse Entuziastov",
        "name:pl": "Szosse Entuziastow",
        "name:pt": "Estação Chosse Entusiasstov",
        "name:ru": "Шоссе Энтузиастов",
        "name:uk": "Шосе Ентузіастів",
        "network": "Московский метрополитен",
        "opening_hours": "Mo-Su 05:30-01:00",
        "operator": "ГУП «Московский метрополитен»",
        "outdoor_seating": "no",
        "public_transport": "station",
        "railway": "station",
        "start_date": "1979-12-30",
        "station": "subway",
        "subway": "yes",
        "website": "http://mosmetro.ru",
        "wikidata": "Q2551495",
        "wikipedia": "ru:Шоссе Энтузиастов (станция метро)"
      },
      "geometry": {
        "type": "Point",
        "coordinates": [
          37.7494868,
          55.7575686
        ]
      },
      "id": "node/255744578"
    },
    {
      "type": "Feature",
      "properties": {
        "@id": "node/255856078",
        "colour": "lightblue",
        "depth": "25",
        "internet_access": "wlan",
        "layer": "-4",
        "name": "Москва-Сити",
        "name:en": "Moscow-City",
        "name:ru": "Москва-Сити",
        "network": "Московский метрополитен",
        "old_name": "Международная",
        "old_name:en": "Mezhdunarodnaya",
        "opening_hours": "Mo-Su 05:30-01:00",
        "operator": "ГУП «Московский метрополитен»",
        "outdoor_seating": "no",
        "public_transport": "station",
        "railway": "station",
        "start_date": "2006-08-30",
        "station": "subway",
        "subway": "yes",
        "website": "http://mosmetro.ru",
        "wheelchair": "no",
        "wikidata": "Q2547428"
      },
      "geometry": {
        "type": "Point",
        "coordinates": [
          37.5342309,
          55.7483053
        ]
      },
      "id": "node/255856078"
    },
    {
      "type": "Feature",
      "properties": {
        "@id": "node/259785706",
        "colour": "orange",
        "depth": "8",
        "internet_access": "wlan",
        "layer": "-4",
        "name": "Тёплый Стан",
        "name:be": "Цёплы Стан",
        "name:en": "Tyoply Stan",
        "name:ml": "ട്യോപ്ലി സ്റ്റാൻ",
        "name:ru": "Тёплый Стан",
        "name:uk": "Теплий стан",
        "network": "Московский метрополитен",
        "opening_hours": "Mo-Su 05:30-01:00",
        "operator": "ГУП «Московский метрополитен»",
        "outdoor_seating": "no",
        "public_transport": "station",
        "railway": "station",
        "start_date": "1987-11-06",
        "station": "subway",
        "subway": "yes",
        "website": "http://mosmetro.ru",
        "wheelchair": "no",
        "wikidata": "Q2548991"
      },
      "geometry": {
        "type": "Point",
        "coordinates": [
          37.5082183,
          55.6188619
        ]
      },
      "id": "node/259785706"
    },
    {
      "type": "Feature",
      "properties": {
        "@id": "node/259786804",
        "colour": "orange",
        "depth": "10",
        "internet_access": "wlan",
        "layer": "-4",
        "name": "Калужская",
        "name:be": "Калужская",
        "name:en": "Kaluzhskaya",
        "name:ml": "കാലുജ്‌സ്കായ",
        "name:ru": "Калужская",
        "name:uk": "Калузька",
        "network": "Московский метрополитен",
        "opening_hours": "Mo-Su 05:30-01:00",
        "operator": "ГУП «Московский метрополитен»",
        "outdoor_seating": "no",
        "public_transport": "station",
        "railway": "station",
        "start_date": "1974-08-12",
        "station": "subway",
        "subway": "yes",
        "website": "http://mosmetro.ru",
        "wheelchair": "no",
        "wikidata": "Q2721697"
      },
      "geometry": {
        "type": "Point",
        "coordinates": [
          37.5405263,
          55.657091
        ]
      },
      "id": "node/259786804"
    },
    {
      "type": "Feature",
      "properties": {
        "@id": "node/259786806",
        "colour": "orange",
        "depth": "7",
        "internet_access": "wlan",
        "layer": "-4",
        "name": "Новые Черёмушки",
        "name:be": "Новыя Чаромушкі",
        "name:en": "Novye Cheryomushki",
        "name:ml": "നോവ്യെ ചെർയോമുഷ്കി",
        "name:ru": "Новые Черёмушки",
        "name:uk": "Нові Черьомушки",
        "network": "Московский метрополитен",
        "opening_hours": "Mo-Su 05:25-01:00",
        "operator": "ГУП «Московский метрополитен»",
        "outdoor_seating": "no",
        "public_transport": "station",
        "railway": "station",
        "start_date": "1962-10-13",
        "station": "subway",
        "subway": "yes",
        "website": "http://mosmetro.ru",
        "wikidata": "Q2549441"
      },
      "geometry": {
        "type": "Point",
        "coordinates": [
          37.5546984,
          55.6702787
        ]
      },
      "id": "node/259786806"
    },
    {
      "type": "Feature",
      "properties": {
        "@id": "node/264162888",
        "colour": "orange",
        "depth": "8",
        "internet_access": "wlan",
        "layer": "-4",
        "name": "Ясенево",
        "name:be": "Ясенева",
        "name:cs": "Jaseněvo",
        "name:en": "Yasenevo",
        "name:it": "Jasenevo",
        "name:ml": "യാസെനെവോ",
        "name:pl": "Jasieniewo",
        "name:pt": "Estação Iassenevo",
        "name:ru": "Ясенево",
        "name:uk": "Ясенєво",
        "network": "Московский метрополитен",
        "opening_hours": "Mo-Su 05:30-01:00",
        "operator": "ГУП «Московский метрополитен»",
        "outdoor_seating": "no",
        "public_transport": "station",
        "railway": "station",
        "start_date": "1990-01-17",
        "station": "subway",
        "subway": "yes",
        "website": "http://mosmetro.ru",
        "wikidata": "Q2517156",
        "wikipedia": "ru:Ясенево (станция метро)"
      },
      "geometry": {
        "type": "Point",
        "coordinates": [
          37.533407,
          55.6063062
        ]
      },
      "id": "node/264162888"
    },
    {
      "type": "Feature",
      "properties": {
        "@id": "node/265949954",
        "colour": "red",
        "depth": "8",
        "internet_access": "wlan",
        "layer": "-4",
        "loc_name": "Подбелка",
        "name": "Бульвар Рокоссовского",
        "name:be": "Бульвар Ракасоўскага",
        "name:en": "Bul'var Rokossovskogo",
        "name:ml": "ബുൽവാർ റോക്കോസോവ്സ്കോഗോ",
        "name:ru": "Бульвар Рокоссовского",
        "name:uk": "Бульвар Рокоссовського",
        "network": "Московский метрополитен",
        "old_name": "Улица Подбельского",
        "old_name:en": "Ulitsa Podbelskogo",
        "opening_hours": "Mo-Su 05:30-01:00",
        "operator": "ГУП «Московский метрополитен»",
        "outdoor_seating": "no",
        "public_transport": "station",
        "railway": "station",
        "start_date": "1990-08-01",
        "station": "subway",
        "subway": "yes",
        "website": "http://mosmetro.ru/",
        "wikidata": "Q1139323",
        "wikipedia": "ru:Бульвар Рокоссовского (станция метро)"
      },
      "geometry": {
        "type": "Point",
        "coordinates": [
          37.73434,
          55.8146824
        ]
      },
      "id": "node/265949954"
    },
    {
      "type": "Feature",
      "properties": {
        "@id": "node/265949956",
        "alt_name:uk": "Черкизівська",
        "colour": "red",
        "depth": "9",
        "internet_access": "wlan",
        "layer": "-4",
        "name": "Черкизовская",
        "name:be": "Чаркізаўская",
        "name:en": "Cherkizovskaya",
        "name:ml": "ചെർക്കിസോവ്സ്കായ",
        "name:ru": "Черкизовская",
        "name:uk": "Черкізовська",
        "network": "Московский метрополитен",
        "opening_hours": "Mo-Su 05:25-01:00",
        "operator": "ГУП «Московский метрополитен»",
        "outdoor_seating": "no",
        "public_transport": "station",
        "railway": "station",
        "start_date": "1990-08-01",
        "station": "subway",
        "subway": "yes",
        "website": "http://mosmetro.ru",
        "wikidata": "Q1191216"
      },
      "geometry": {
        "type": "Point",
        "coordinates": [
          37.7450321,
          55.8038807
        ]
      },
      "id": "node/265949956"
    },
    {
      "type": "Feature",
      "properties": {
        "@id": "node/265949958",
        "alt_name:en": "Preobrazhenskaya Ploschad",
        "colour": "red",
        "depth": "8",
        "internet_access": "wlan",
        "layer": "-4",
        "loc_name": "Преображенка",
        "name": "Преображенская площадь",
        "name:be": "Прэабражэнская плошча",
        "name:en": "Preobrazhenskaya Ploshchad",
        "name:ml": "പ്രെയോബ്രാജെൻസ്കായ പ്ലോഷ്ചാദ്",
        "name:ru": "Преображенская площадь",
        "network": "Московский метрополитен",
        "opening_hours": "Mo-Su 05:30-01:00",
        "operator": "ГУП «Московский метрополитен»",
        "outdoor_seating": "no",
        "public_transport": "station",
        "railway": "station",
        "start_date": "1965-12-31",
        "station": "subway",
        "subway": "yes",
        "website": "http://mosmetro.ru",
        "wheelchair": "no",
        "wikidata": "Q1190916",
        "wikipedia": "ru:Преображенская площадь (станция метро)"
      },
      "geometry": {
        "type": "Point",
        "coordinates": [
          37.7153466,
          55.7963698
        ]
      },
      "id": "node/265949958"
    },
    {
      "type": "Feature",
      "properties": {
        "@id": "node/266835841",
        "colour": "green",
        "depth": "6",
        "internet_access": "wlan",
        "layer": "-2",
        "loc_name": "Речник",
        "name": "Речной вокзал",
        "name:be": "Рачны вакзал",
        "name:en": "Rechnoy Vokzal",
        "name:ml": "റെച്നോയ് വോക്സാൽ",
        "name:ru": "Речной вокзал",
        "name:uk": "Річковий вокзал",
        "network": "Московский метрополитен",
        "opening_hours": "Mo-Su 05:30-01:00",
        "operator": "ГУП «Московский метрополитен»",
        "outdoor_seating": "no",
        "public_transport": "station",
        "railway": "station",
        "start_date": "1964-12-31",
        "station": "subway",
        "subway": "yes",
        "website": "http://mosmetro.ru",
        "wikidata": "Q1366330"
      },
      "geometry": {
        "type": "Point",
        "coordinates": [
          37.4762129,
          55.8550132
        ]
      },
      "id": "node/266835841"
    },
    {
      "type": "Feature",
      "properties": {
        "@id": "node/266835844",
        "colour": "green",
        "depth": "6",
        "internet_access": "wlan",
        "layer": "-2",
        "loc_name": "Водник",
        "name": "Водный стадион",
        "name:be": "Водны стадыён",
        "name:en": "Vodny Stadion",
        "name:ml": "വോഡ്നി സ്റ്റാഡിയോൻ",
        "name:ru": "Водный стадион",
        "name:uk": "Водний стадіон",
        "network": "Московский метрополитен",
        "opening_hours": "Mo-Su 05:30-01:00",
        "operator": "ГУП «Московский метрополитен»",
        "outdoor_seating": "no",
        "public_transport": "station",
        "railway": "station",
        "start_date": "1964-12-31",
        "station": "subway",
        "subway": "yes",
        "website": "http://mosmetro.ru",
        "wikidata": "Q2721157"
      },
      "geometry": {
        "type": "Point",
        "coordinates": [
          37.4867105,
          55.8400589
        ]
      },
      "id": "node/266835844"
    },
    {
      "type": "Feature",
      "properties": {
        "@id": "node/266835845",
        "colour": "green",
        "depth": "7",
        "internet_access": "wlan",
        "layer": "-2",
        "loc_name": "Войковка",
        "name": "Войковская",
        "name:be": "Войкаўская",
        "name:de": "Wojkowskaja",
        "name:en": "Voykovskaya",
        "name:ml": "വോയ്കോവ്സ്കായ",
        "name:ru": "Войковская",
        "name:uk": "Войковська",
        "network": "Московский метрополитен",
        "opening_hours": "Mo-Su 05:30-01:00",
        "operator": "ГУП «Московский метрополитен»",
        "outdoor_seating": "no",
        "public_transport": "station",
        "railway": "station",
        "start_date": "1964-12-31",
        "station": "subway",
        "subway": "yes",
        "website": "http://mosmetro.ru",
        "wikidata": "Q2547861"
      },
      "geometry": {
        "type": "Point",
        "coordinates": [
          37.4980181,
          55.819052
        ]
      },
      "id": "node/266835845"
    },
    {
      "type": "Feature",
      "properties": {
        "@id": "node/266835846",
        "name": "Сокол",
        "public_transport": "stop_position",
        "railway": "stop",
        "subway": "yes"
      },
      "geometry": {
        "type": "Point",
        "coordinates": [
          37.5150702,
          55.8052091
        ]
      },
      "id": "node/266835846"
    },
    {
      "type": "Feature",
      "properties": {
        "@id": "node/266835847",
        "colour": "green",
        "depth": "10",
        "internet_access": "wlan",
        "layer": "-3",
        "name": "Аэропорт",
        "name:be": "Аэрапорт",
        "name:en": "Aeroport",
        "name:ml": "വിമാനത്താവളം",
        "name:ru": "Аэропорт",
        "name:uk": "Аеропорт",
        "network": "Московский метрополитен",
        "opening_hours": "Mo-Su 05:20-01:00",
        "operator": "ГУП «Московский метрополитен»",
        "outdoor_seating": "no",
        "public_transport": "station",
        "railway": "station",
        "start_date": "1938-09-11",
        "station": "subway",
        "subway": "yes",
        "website": "http://mosmetro.ru",
        "wheelchair": "no",
        "wikidata": "Q2547885",
        "wikipedia": "ru:Аэропорт (станция метро, Москва)"
      },
      "geometry": {
        "type": "Point",
        "coordinates": [
          37.5331501,
          55.8003966
        ]
      },
      "id": "node/266835847"
    },
    {
      "type": "Feature",
      "properties": {
        "@id": "node/266835848",
        "colour": "green",
        "depth": "39.6",
        "internet_access": "wlan",
        "layer": "-4",
        "name": "Динамо",
        "name:be": "Дынама",
        "name:en": "Dinamo",
        "name:ml": "ഡിനാമോ",
        "name:ru": "Динамо",
        "name:uk": "Динамо",
        "name:zh": "迪纳摩",
        "network": "Московский метрополитен",
        "opening_hours": "Mo-Su 05:25-01:00",
        "operator": "ГУП «Московский метрополитен»",
        "outdoor_seating": "no",
        "public_transport": "station",
        "railway": "station",
        "start_date": "1938-09-11",
        "station": "subway",
        "subway": "yes",
        "website": "http://mosmetro.ru",
        "wheelchair": "no",
        "wikidata": "Q1317045",
        "wikipedia": "ru:Динамо (станция метро, Москва)"
      },
      "geometry": {
        "type": "Point",
        "coordinates": [
          37.558208,
          55.7897397
        ]
      },
      "id": "node/266835848"
    },
    {
      "type": "Feature",
      "properties": {
        "@id": "node/267334996",
        "alt_name:uk": "Сокільники",
        "colour": "red",
        "depth": "9",
        "layer": "-4",
        "name": "Сокольники",
        "name:be": "Сакольнікі",
        "name:en": "Sokolniki",
        "name:ml": "സോക്കോൾനിക്കി",
        "name:ru": "Сокольники",
        "name:uk": "Сокольники",
        "network": "Московский метрополитен",
        "operator": "ГУП «Московский метрополитен»",
        "public_transport": "station",
        "railway": "station",
        "start_date": "1935-05-15",
        "station": "subway",
        "subway": "yes",
        "wheelchair": "no",
        "wikidata": "Q1190787",
        "wikipedia": "ru:Сокольники (станция метро, Сокольническая линия)"
      },
      "geometry": {
        "type": "Point",
        "coordinates": [
          37.6802525,
          55.7888168
        ]
      },
      "id": "node/267334996"
    },
    {
      "type": "Feature",
      "properties": {
        "@id": "node/267335088",
        "colour": "red",
        "depth": "8",
        "internet_access": "wlan",
        "layer": "-3",
        "name": "Комсомольская",
        "name:be": "Камсамольская",
        "name:en": "Komsomolskaya",
        "name:ml": "കോംസമോൽസ്കായ",
        "name:ru": "Комсомольская",
        "name:uk": "Комсомольська",
        "network": "Московский метрополитен",
        "opening_hours": "Mo-Su 05:20-01:00",
        "operator": "ГУП «Московский метрополитен»",
        "outdoor_seating": "no",
        "public_transport": "station",
        "railway": "station",
        "start_date": "1935-05-15",
        "station": "subway",
        "subway": "yes",
        "website": "http://mosmetro.ru",
        "wikidata": "Q1147948"
      },
      "geometry": {
        "type": "Point",
        "coordinates": [
          37.6560339,
          55.7752083
        ]
      },
      "id": "node/267335088"
    },
    {
      "type": "Feature",
      "properties": {
        "@id": "node/267335089",
        "colour": "red",
        "depth": "8",
        "internet_access": "wlan",
        "layer": "-4",
        "name": "Красносельская",
        "name:be": "Чырвонасельская",
        "name:en": "Krasnoselskaya",
        "name:ml": "ക്രാസ്നോസെൽസ്കായ",
        "name:ru": "Красносельская",
        "name:uk": "Красносільська",
        "network": "Московский метрополитен",
        "opening_hours": "Mo-Su 05:30-01:00",
        "operator": "ГУП «Московский метрополитен»",
        "outdoor_seating": "no",
        "public_transport": "station",
        "railway": "station",
        "start_date": "1935-05-15",
        "station": "subway",
        "subway": "yes",
        "website": "http://mosmetro.ru",
        "wheelchair": "no",
        "wikidata": "Q1191222"
      },
      "geometry": {
        "type": "Point",
        "coordinates": [
          37.6676557,
          55.780356
        ]
      },
      "id": "node/267335089"
    },
    {
      "type": "Feature",
      "properties": {
        "@id": "node/267335315",
        "alt_name:en": "Ohotny Ryad",
        "colour": "red",
        "depth": "15",
        "internet_access": "wlan",
        "layer": "-4",
        "name": "Охотный ряд",
        "name:be": "Ахотны рад",
        "name:de": "Ochotny Rjad",
        "name:en": "Okhotny Ryad",
        "name:ml": "ഒഖോത്‌നി റ്യാദ്",
        "name:ru": "Охотный Ряд",
        "name:uk": "Мисливський ряд",
        "network": "Московский метрополитен",
        "opening_hours": "Mo-Su 05:30-01:00",
        "operator": "ГУП «Московский метрополитен»",
        "outdoor_seating": "no",
        "public_transport": "station",
        "railway": "station",
        "start_date": "1935-05-15",
        "station": "subway",
        "subway": "yes",
        "website": "http://mosmetro.ru",
        "wikidata": "Q1190902"
      },
      "geometry": {
        "type": "Point",
        "coordinates": [
          37.6165101,
          55.7577723
        ]
      },
      "id": "node/267335315"
    },
    {
      "type": "Feature",
      "properties": {
        "@id": "node/267335316",
        "colour": "red",
        "depth": "32.5",
        "internet_access": "wlan",
        "layer": "-4",
        "name": "Лубянка",
        "name:be": "Лубянка",
        "name:en": "Lubyanka",
        "name:ml": "ലുബ്യാൻക",
        "name:ru": "Лубянка",
        "name:uk": "Луб’янка",
        "network": "Московский метрополитен",
        "opening_hours": "Mo-Su 05:30-01:00",
        "operator": "ГУП «Московский метрополитен»",
        "outdoor_seating": "no",
        "public_transport": "station",
        "railway": "station",
        "start_date": "1935-05-15",
        "station": "subway",
        "subway": "yes",
        "website": "http://mosmetro.ru",
        "wikidata": "Q677658"
      },
      "geometry": {
        "type": "Point",
        "coordinates": [
          37.6278554,
          55.7598728
        ]
      },
      "id": "node/267335316"
    },
    {
      "type": "Feature",
      "properties": {
        "@id": "node/267335317",
        "colour": "red",
        "depth": "35",
        "internet_access": "wlan",
        "layer": "-4",
        "loc_name": "ЧП;Чистаки",
        "name": "Чистые пруды",
        "name:be": "Чыстыя пруды",
        "name:en": "Chistye Prudy",
        "name:ml": "ചിസ്ത്യെ പ്രൂഡി",
        "name:ru": "Чистые пруды",
        "name:uk": "Чисті пруди",
        "network": "Московский метрополитен",
        "opening_hours": "Mo-Su 05:25-01:00",
        "operator": "ГУП «Московский метрополитен»",
        "outdoor_seating": "no",
        "public_transport": "station",
        "railway": "station",
        "start_date": "1935-05-15",
        "station": "subway",
        "subway": "yes",
        "website": "http://mosmetro.ru",
        "wheelchair": "no",
        "wikidata": "Q1341748"
      },
      "geometry": {
        "type": "Point",
        "coordinates": [
          37.639028,
          55.7658711
        ]
      },
      "id": "node/267335317"
    },
    {
      "type": "Feature",
      "properties": {
        "@id": "node/267335318",
        "name": "Красные Ворота",
        "public_transport": "stop_position",
        "railway": "stop",
        "subway": "yes"
      },
      "geometry": {
        "type": "Point",
        "coordinates": [
          37.6488733,
          55.7691111
        ]
      },
      "id": "node/267335318"
    },
    {
      "type": "Feature",
      "properties": {
        "@id": "node/268521588",
        "colour": "orange",
        "depth": "8",
        "internet_access": "wlan",
        "layer": "-2",
        "name": "Свиблово",
        "name:be": "Свіблава",
        "name:en": "Sviblovo",
        "name:ml": "സ്വിബ്ലോവോ",
        "name:ru": "Свиблово",
        "name:uk": "Свіблово",
        "network": "Московский метрополитен",
        "opening_hours": "Mo-Su 05:20-01:00",
        "operator": "ГУП «Московский метрополитен»",
        "outdoor_seating": "no",
        "public_transport": "station",
        "railway": "station",
        "start_date": "1978-09-30",
        "station": "subway",
        "subway": "yes",
        "website": "http://mosmetro.ru/",
        "wikidata": "Q577065"
      },
      "geometry": {
        "type": "Point",
        "coordinates": [
          37.652706,
          55.8552129
        ]
      },
      "id": "node/268521588"
    },
    {
      "type": "Feature",
      "properties": {
        "@id": "node/268521591",
        "colour": "orange",
        "depth": "7",
        "internet_access": "wlan",
        "layer": "-2",
        "loc_name": "Ботсад",
        "name": "Ботанический сад",
        "name:be": "Батанічны сад",
        "name:de": "Botanischer Garten",
        "name:en": "Botanical Garden",
        "name:ml": "സസ്യോദ്യാനം",
        "name:ru": "Ботанический сад",
        "name:uk": "Ботанічний сад",
        "network": "Московский метрополитен",
        "opening_hours": "Mo-Su 05:25-01:00",
        "operator": "ГУП «Московский метрополитен»",
        "outdoor_seating": "no",
        "public_transport": "station",
        "railway": "station",
        "start_date": "1978-09-30",
        "station": "subway",
        "subway": "yes",
        "website": "http://mosmetro.ru/",
        "wikidata": "Q2603041",
        "wikipedia": "ru:Ботанический сад (станция метро, Москва)"
      },
      "geometry": {
        "type": "Point",
        "coordinates": [
          37.6382462,
          55.8448445
        ]
      },
      "id": "node/268521591"
    },
    {
      "type": "Feature",
      "properties": {
        "@id": "node/268521606",
        "name": "ВДНХ",
        "public_transport": "stop_position",
        "railway": "stop",
        "subway": "yes"
      },
      "geometry": {
        "type": "Point",
        "coordinates": [
          37.6412157,
          55.8211181
        ]
      },
      "id": "node/268521606"
    },
    {
      "type": "Feature",
      "properties": {
        "@id": "node/276191013",
        "colour": "yellow",
        "depth": "53",
        "internet_access": "wlan",
        "layer": "-4",
        "name": "Авиамоторная",
        "name:be": "Авіяматорная",
        "name:cs": "Aviamotornaja",
        "name:en": "Aviamotornaya",
        "name:it": "Aviamotornaja",
        "name:ml": "അവിയമോട്ടോർനായ",
        "name:pl": "Awiamotornaja",
        "name:pt": "Estação Aviamotornaia",
        "name:ru": "Авиамоторная",
        "name:uk": "Авіамоторна",
        "network": "Московский метрополитен",
        "opening_hours": "Mo-Su 05:30-01:00",
        "operator": "ГУП «Московский метрополитен»",
        "outdoor_seating": "no",
        "public_transport": "station",
        "railway": "station",
        "start_date": "1979-12-30",
        "station": "subway",
        "subway": "yes",
        "website": "http://mosmetro.ru",
        "wheelchair": "no",
        "wikidata": "Q2551485",
        "wikipedia": "ru:Авиамоторная (станция метро)"
      },
      "geometry": {
        "type": "Point",
        "coordinates": [
          37.7200631,
          55.7525349
        ]
      },
      "id": "node/276191013"
    },
    {
      "type": "Feature",
      "properties": {
        "@id": "node/276191299",
        "alt_name:en": "Ploschad Ilyicha",
        "colour": "yellow",
        "depth": "46",
        "internet_access": "wlan",
        "layer": "-4",
        "name": "Площадь Ильича",
        "name:ar": "ساحة إيلتش",
        "name:be": "Плошча Ільіча",
        "name:en": "Ploshchad Ilyicha",
        "name:ru": "Площадь Ильича",
        "name:uk": "Площа Ілліча",
        "network": "Московский метрополитен",
        "opening_hours": "Mo-Su 05:30-01:00",
        "operator": "ГУП «Московский метрополитен»",
        "outdoor_seating": "no",
        "public_transport": "station",
        "railway": "station",
        "start_date": "1979-12-30",
        "station": "subway",
        "subway": "yes",
        "website": "http://mosmetro.ru",
        "wikidata": "Q2551059",
        "wikipedia": "ru:Площадь Ильича"
      },
      "geometry": {
        "type": "Point",
        "coordinates": [
          37.6831971,
          55.7471964
        ]
      },
      "id": "node/276191299"
    },
    {
      "type": "Feature",
      "properties": {
        "@id": "node/276191577",
        "colour": "yellow",
        "depth": "60",
        "internet_access": "wlan",
        "layer": "-4",
        "name": "Марксистская",
        "name:be": "Марксісцкая",
        "name:en": "Marksistskaya",
        "name:ru": "Марксистская",
        "name:uk": "Марксистська",
        "network": "Московский метрополитен",
        "opening_hours": "Mo-Su 05:30-01:00",
        "operator": "ГУП «Московский метрополитен»",
        "outdoor_seating": "no",
        "public_transport": "station",
        "railway": "station",
        "start_date": "1979-12-30",
        "station": "subway",
        "subway": "yes",
        "website": "http://mosmetro.ru",
        "wikidata": "Q2603956",
        "wikipedia": "ru:Марксистская (станция метро)"
      },
      "geometry": {
        "type": "Point",
        "coordinates": [
          37.6535345,
          55.7413164
        ]
      },
      "id": "node/276191577"
    },
    {
      "type": "Feature",
      "properties": {
        "@id": "node/277499098",
        "name": "Алексеевская",
        "public_transport": "stop_position",
        "railway": "stop",
        "subway": "yes"
      },
      "geometry": {
        "type": "Point",
        "coordinates": [
          37.6388112,
          55.8091011
        ]
      },
      "id": "node/277499098"
    },
    {
      "type": "Feature",
      "properties": {
        "@id": "node/277499099",
        "colour": "orange",
        "depth": "46",
        "internet_access": "wlan",
        "layer": "-4",
        "loc_name": "Рижка",
        "name": "Рижская",
        "name:be": "Рыжская",
        "name:en": "Rizhskaya",
        "name:ml": "റിജ്‌സ്കായ",
        "name:ru": "Рижская",
        "name:uk": "Ризька",
        "network": "Московский метрополитен",
        "opening_hours": "Mo-Su 05:30-01:00",
        "operator": "ГУП «Московский метрополитен»",
        "outdoor_seating": "no",
        "public_transport": "station",
        "railway": "station",
        "start_date": "1958-05-01",
        "station": "subway",
        "subway": "yes",
        "website": "http://mosmetro.ru/",
        "wheelchair": "no",
        "wikidata": "Q2602986",
        "wikipedia": "ru:Рижская (станция метро, Калужско-Рижская линия)"
      },
      "geometry": {
        "type": "Point",
        "coordinates": [
          37.6364976,
          55.7937015
        ]
      },
      "id": "node/277499099"
    },
    {
      "type": "Feature",
      "properties": {
        "@id": "node/277499848",
        "colour": "orange",
        "depth": "50",
        "internet_access": "wlan",
        "layer": "-4",
        "name": "Проспект Мира",
        "name:be": "Праспект Міру",
        "name:en": "Prospekt Mira",
        "name:ml": "പ്രോസ്പെക്റ്റ് മിറ",
        "name:ru": "Проспект Мира",
        "name:uk": "Проспект Миру",
        "network": "Московский метрополитен",
        "opening_hours": "Mo-Su 05:30-01:00",
        "operator": "ГУП «Московский метрополитен»",
        "outdoor_seating": "no",
        "public_transport": "station",
        "railway": "station",
        "start_date": "1958-05-01",
        "station": "subway",
        "subway": "yes",
        "website": "http://mosmetro.ru"
      },
      "geometry": {
        "type": "Point",
        "coordinates": [
          37.6319812,
          55.7808506
        ]
      },
      "id": "node/277499848"
    },
    {
      "type": "Feature",
      "properties": {
        "@id": "node/277499849",
        "alt_name:en": "Suharevskaya",
        "colour": "orange",
        "depth": "43",
        "internet_access": "wlan",
        "layer": "-4",
        "loc_name": "Сухаревка",
        "name": "Сухаревская",
        "name:be": "Сухараўская",
        "name:en": "Sukharevskaya",
        "name:ru": "Сухаревская",
        "name:uk": "Сухарєвська",
        "network": "Московский метрополитен",
        "opening_hours": "Mo-Su 05:30-01:00",
        "operator": "ГУП «Московский метрополитен»",
        "outdoor_seating": "no",
        "public_transport": "station",
        "railway": "station",
        "start_date": "1972-01-05",
        "station": "subway",
        "subway": "yes",
        "website": "http://mosmetro.ru",
        "wikidata": "Q2549381"
      },
      "geometry": {
        "type": "Point",
        "coordinates": [
          37.6312038,
          55.7729551
        ]
      },
      "id": "node/277499849"
    },
    {
      "type": "Feature",
      "properties": {
        "@id": "node/277499850",
        "colour": "orange",
        "depth": "49",
        "internet_access": "wlan",
        "layer": "-4",
        "loc_name": "Тургеневка",
        "name": "Тургеневская",
        "name:be": "Тургенеўская",
        "name:en": "Turgenevskaya",
        "name:ru": "Тургеневская",
        "name:uk": "Тургенєвська",
        "network": "Московский метрополитен",
        "opening_hours": "Mo-Su 05:30-01:00",
        "operator": "ГУП «Московский метрополитен»",
        "outdoor_seating": "no",
        "public_transport": "station",
        "railway": "station",
        "start_date": "1972-01-05",
        "station": "subway",
        "subway": "yes",
        "website": "http://mosmetro.ru",
        "wikidata": "Q2548968"
      },
      "geometry": {
        "type": "Point",
        "coordinates": [
          37.637467,
          55.766492
        ]
      },
      "id": "node/277499850"
    },
    {
      "type": "Feature",
      "properties": {
        "@id": "node/277499852",
        "colour": "orange",
        "depth": "46",
        "internet_access": "wlan",
        "layer": "-4",
        "name": "Третьяковская",
        "name:be": "Траццякоўская",
        "name:en": "Tretyakovskaya",
        "name:ml": "ട്രെത്യാക്കോവ്സ്കായ",
        "name:ru": "Третьяковская",
        "name:uk": "Третяковська",
        "network": "Московский метрополитен",
        "opening_hours": "Mo-Su 05:30-01:00",
        "operator": "ГУП «Московский метрополитен»",
        "outdoor_seating": "no",
        "public_transport": "station",
        "railway": "station",
        "start_date": "1971-01-03",
        "station": "subway",
        "subway": "yes",
        "website": "http://mosmetro.ru",
        "wikidata": "Q1734852",
        "wikipedia": "ru:Третьяковская (станция метро)"
      },
      "geometry": {
        "type": "Point",
        "coordinates": [
          37.6273436,
          55.7409166
        ]
      },
      "id": "node/277499852"
    },
    {
      "type": "Feature",
      "properties": {
        "@id": "node/277499853",
        "colour": "orange",
        "depth": "50",
        "internet_access": "wlan",
        "layer": "-4",
        "name": "Октябрьская",
        "name:be": "Кастрычніцкая",
        "name:de": "Oktjabrskaja",
        "name:en": "Oktyabrskaya",
        "name:ru": "Октябрьская",
        "name:uk": "Жовтнева",
        "network": "Московский метрополитен",
        "opening_hours": "Mo-Su 05:30-01:00",
        "operator": "ГУП «Московский метрополитен»",
        "outdoor_seating": "no",
        "public_transport": "station",
        "railway": "station",
        "start_date": "1962-10-13",
        "station": "subway",
        "subway": "yes",
        "website": "http://mosmetro.ru",
        "wheelchair": "no"
      },
      "geometry": {
        "type": "Point",
        "coordinates": [
          37.6109093,
          55.7304961
        ]
      },
      "id": "node/277499853"
    },
    {
      "type": "Feature",
      "properties": {
        "@id": "node/277499854",
        "colour": "orange",
        "depth": "46.5",
        "internet_access": "wlan",
        "layer": "-4",
        "name": "Шаболовская",
        "name:be": "Шабалаўская",
        "name:cs": "Šabolovskaja",
        "name:en": "Shabolovskaya",
        "name:es": "Shábolovskaya",
        "name:fr": "Chabolovskaïa",
        "name:it": "Šabolovskaja",
        "name:ml": "ഷാബോലോവ്സ്കായ",
        "name:pl": "Szabołowskaja",
        "name:pt": "Estação Chabolovskaia",
        "name:ru": "Шаболовская",
        "name:uk": "Шаболовська",
        "network": "Московский метрополитен",
        "opening_hours": "Mo-Su 05:30-01:00",
        "operator": "ГУП «Московский метрополитен»",
        "outdoor_seating": "no",
        "public_transport": "station",
        "railway": "station",
        "start_date": "1980-11-06",
        "station": "subway",
        "subway": "yes",
        "website": "http://mosmetro.ru",
        "wheelchair": "no",
        "wikidata": "Q641953",
        "wikipedia": "ru:Шаболовская (станция метро)"
      },
      "geometry": {
        "type": "Point",
        "coordinates": [
          37.6076956,
          55.7199872
        ]
      },
      "id": "node/277499854"
    },
    {
      "type": "Feature",
      "properties": {
        "@id": "node/278692957",
        "colour": "red",
        "depth": "13",
        "internet_access": "wlan",
        "layer": "-4",
        "name": "Кропоткинская",
        "name:be": "Крапоткінская",
        "name:en": "Kropotkinskaya",
        "name:ru": "Кропоткинская",
        "network": "Московский метрополитен",
        "network:en": "Moscow Metro",
        "network:ru": "Московский метрополитен",
        "network:wikidata": "Q5499",
        "opening_hours": "Mo-Su 05:30-01:00",
        "operator": "ГУП «Московский метрополитен»",
        "outdoor_seating": "no",
        "public_transport": "station",
        "railway": "station",
        "start_date": "1935-05-15",
        "station": "subway",
        "subway": "yes",
        "website": "http://mosmetro.ru",
        "wikidata": "Q1341676",
        "wikipedia": "ru:Кропоткинская (станция метро)"
      },
      "geometry": {
        "type": "Point",
        "coordinates": [
          37.603807,
          55.7454302
        ]
      },
      "id": "node/278692957"
    },
    {
      "type": "Feature",
      "properties": {
        "@id": "node/278692958",
        "colour": "red",
        "depth": "12",
        "int_name": "Biblioteka Imeni Lenina",
        "internet_access": "wlan",
        "layer": "-3",
        "loc_name": "Библиотека",
        "name": "Библиотека имени Ленина",
        "name:ar": "مكتبة لينين",
        "name:be": "Бібліятэка імя Леніна",
        "name:de": "Lenin-Bibliothek",
        "name:en": "Lenin Library",
        "name:ml": "ലെനിൻ ഗന്ഥശാല",
        "name:ru": "Библиотека имени Ленина",
        "name:uk": "Бібліотека імені Леніна",
        "network": "Московский метрополитен",
        "old_name:de": "Lenin-Bibliothek",
        "opening_hours": "Mo-Su 05:30-01:00",
        "operator": "ГУП «Московский метрополитен»",
        "outdoor_seating": "no",
        "public_transport": "station",
        "railway": "station",
        "start_date": "1935-05-15",
        "station": "subway",
        "subway": "yes",
        "website": "http://mosmetro.ru",
        "wikidata": "Q586295",
        "wikipedia": "ru:Библиотека имени Ленина (станция метро)"
      },
      "geometry": {
        "type": "Point",
        "coordinates": [
          37.6101708,
          55.7512323
        ]
      },
      "id": "node/278692958"
    },
    {
      "type": "Feature",
      "properties": {
        "@id": "node/278692976",
        "name": "Парк Культуры",
        "public_transport": "stop_position",
        "railway": "stop",
        "subway": "yes"
      },
      "geometry": {
        "type": "Point",
        "coordinates": [
          37.5940414,
          55.7352856
        ]
      },
      "id": "node/278692976"
    },
    {
      "type": "Feature",
      "properties": {
        "@id": "node/278693055",
        "colour": "red",
        "depth": "42",
        "internet_access": "wlan",
        "layer": "-4",
        "name": "Спортивная",
        "name:be": "Спартыўная",
        "name:en": "Sportivnaya",
        "name:ml": "സ്പോർട്ടീവ്നായ",
        "name:ru": "Спортивная",
        "name:uk": "Спортивна",
        "network": "Московский метрополитен",
        "opening_hours": "Mo-Su 05:30-01:00",
        "operator": "ГУП «Московский метрополитен»",
        "outdoor_seating": "no",
        "public_transport": "station",
        "railway": "station",
        "start_date": "1957-05-01",
        "station": "subway",
        "subway": "yes",
        "website": "http://mosmetro.ru",
        "wikidata": "Q1341317",
        "wikipedia": "ru:Спортивная (станция метро, Москва)"
      },
      "geometry": {
        "type": "Point",
        "coordinates": [
          37.5642133,
          55.7233833
        ]
      },
      "id": "node/278693055"
    },
    {
      "type": "Feature",
      "properties": {
        "@id": "node/278693056",
        "colour": "red",
        "depth": "42",
        "internet_access": "wlan",
        "layer": "-4",
        "name": "Фрунзенская",
        "name:be": "Фрунзенская",
        "name:en": "Frunzenskaya",
        "name:ml": "ഫ്രുൻസെൻസ്കായ",
        "name:ru": "Фрунзенская",
        "name:uk": "Фрунзенська",
        "network": "Московский метрополитен",
        "opening_hours": "Mo-Su 05:30-01:00",
        "operator": "ГУП «Московский метрополитен»",
        "outdoor_seating": "no",
        "public_transport": "station",
        "railway": "station",
        "start_date": "1957-05-01",
        "station": "subway",
        "subway": "yes",
        "website": "http://mosmetro.ru",
        "wheelchair": "no",
        "wikidata": "Q1341734",
        "wikipedia": "ru:Фрунзенская (станция метро, Москва)"
      },
      "geometry": {
        "type": "Point",
        "coordinates": [
          37.57833,
          55.7268793
        ]
      },
      "id": "node/278693056"
    },
    {
      "type": "Feature",
      "properties": {
        "@id": "node/282411334",
        "colour": "orange",
        "departures_board": "realtime",
        "departures_board:speech_output": "no",
        "depth": "16",
        "internet_access": "wlan",
        "layer": "-4",
        "name": "Ленинский проспект",
        "name:be": "Ленінскі праспект",
        "name:en": "Leninsky Prospekt",
        "name:ml": "ലെനിൻസ്കി പ്രോസ്പെക്റ്റ്",
        "name:ru": "Ленинский проспект",
        "name:uk": "Ленінський проспект",
        "network": "Московский метрополитен",
        "opening_hours": "Mo-Su 05:30-01:00",
        "operator": "ГУП «Московский метрополитен»",
        "outdoor_seating": "no",
        "public_transport": "station",
        "railway": "station",
        "start_date": "1962-10-13",
        "station": "subway",
        "subway": "yes",
        "website": "http://mosmetro.ru",
        "wheelchair": "no",
        "wikidata": "Q2603029"
      },
      "geometry": {
        "type": "Point",
        "coordinates": [
          37.5862116,
          55.7076167
        ]
      },
      "id": "node/282411334"
    },
    {
      "type": "Feature",
      "properties": {
        "@id": "node/282413851",
        "colour": "orange",
        "depth": "8.5",
        "internet_access": "wlan",
        "layer": "-4",
        "name": "Академическая",
        "name:be": "Акадэмічная",
        "name:en": "Akademicheskaya",
        "name:ml": "അക്കാഡെമിചെസ്കായ",
        "name:ru": "Академическая",
        "name:uk": "Академічна",
        "network": "Московский метрополитен",
        "opening_hours": "Mo-Su 05:30-01:00",
        "operator": "ГУП «Московский метрополитен»",
        "outdoor_seating": "no",
        "public_transport": "station",
        "railway": "station",
        "start_date": "1962-10-13",
        "station": "subway",
        "subway": "yes",
        "website": "http://mosmetro.ru",
        "wikidata": "Q2549004"
      },
      "geometry": {
        "type": "Point",
        "coordinates": [
          37.5735148,
          55.6878077
        ]
      },
      "id": "node/282413851"
    },
    {
      "type": "Feature",
      "properties": {
        "@id": "node/282414382",
        "colour": "orange",
        "depth": "7",
        "internet_access": "wlan",
        "layer": "-4",
        "name": "Профсоюзная",
        "name:be": "Прафсаюзная",
        "name:en": "Profsoyuznaya",
        "name:ml": "പ്രൊഫ്സോയൂസ്നായ",
        "name:ru": "Профсоюзная",
        "name:uk": "Профспілкова",
        "network": "Московский метрополитен",
        "opening_hours": "Mo-Su 05:30-01:00",
        "operator": "ГУП «Московский метрополитен»",
        "outdoor_seating": "no",
        "public_transport": "station",
        "railway": "station",
        "start_date": "1962-10-13",
        "station": "subway",
        "subway": "yes",
        "website": "http://mosmetro.ru",
        "wikidata": "Q2549432"
      },
      "geometry": {
        "type": "Point",
        "coordinates": [
          37.5629043,
          55.6779304
        ]
      },
      "id": "node/282414382"
    },
    {
      "type": "Feature",
      "properties": {
        "@id": "node/282416839",
        "colour": "orange",
        "depth": "12",
        "internet_access": "wlan",
        "layer": "-4",
        "name": "Беляево",
        "name:be": "Бяляева",
        "name:en": "Belyayevo",
        "name:ml": "ബെല്യായേവോ",
        "name:ru": "Беляево",
        "name:uk": "Беляєво",
        "network": "Московский метрополитен",
        "opening_hours": "Mo-Su 05:30-01:00",
        "operator": "ГУП «Московский метрополитен»",
        "outdoor_seating": "no",
        "public_transport": "station",
        "railway": "station",
        "start_date": "1974-08-12",
        "station": "subway",
        "subway": "yes",
        "website": "http://mosmetro.ru",
        "wheelchair": "no",
        "wikidata": "Q2549446"
      },
      "geometry": {
        "type": "Point",
        "coordinates": [
          37.5256804,
          55.6427774
        ]
      },
      "id": "node/282416839"
    },
    {
      "type": "Feature",
      "properties": {
        "@id": "node/291686079",
        "colour": "brown",
        "depth": "10.5",
        "internet_access": "wlan",
        "layer": "-4",
        "name": "Парк Культуры",
        "name:be": "Парк культуры",
        "name:de": "Kulturpark",
        "name:en": "Park Kultury",
        "name:ru": "Парк Культуры",
        "name:uk": "Парк Культури",
        "network": "Московский метрополитен",
        "opening_hours": "Mo-Su 05:30-01:00",
        "operator": "ГУП «Московский метрополитен»",
        "outdoor_seating": "no",
        "public_transport": "station",
        "railway": "station",
        "start_date": "1950-01-01",
        "station": "subway",
        "subway": "yes",
        "website": "http://mosmetro.ru",
        "wikidata": "Q1340440",
        "wikipedia": "ru:Парк культуры (станция метро, Кольцевая линия)"
      },
      "geometry": {
        "type": "Point",
        "coordinates": [
          37.5913019,
          55.735811
        ]
      },
      "id": "node/291686079"
    },
    {
      "type": "Feature",
      "properties": {
        "@id": "node/291686160",
        "alt_name:en": "Oktyabrskaya",
        "colour": "brown",
        "depth": "40",
        "internet_access": "wlan",
        "layer": "-4",
        "name": "Октябрьская",
        "name:be": "Кастрычніцкая",
        "name:de": "Oktjabrskaja",
        "name:en": "Oktyabrskaya",
        "name:ml": "ഒക്ത്യാബർസ്കായ",
        "name:ru": "Октябрьская",
        "name:uk": "Жовтнева",
        "network": "Московский метрополитен",
        "opening_hours": "Mo-Su 05:30-01:00",
        "operator": "ГУП «Московский метрополитен»",
        "outdoor_seating": "no",
        "public_transport": "station",
        "railway": "station",
        "start_date": "1950-01-01",
        "station": "subway",
        "subway": "yes",
        "website": "http://mosmetro.ru",
        "wheelchair": "yes",
        "wikidata": "Q2602974"
      },
      "geometry": {
        "type": "Point",
        "coordinates": [
          37.6093994,
          55.7297787
        ]
      },
      "id": "node/291686160"
    },
    {
      "type": "Feature",
      "properties": {
        "@id": "node/291687197",
        "colour": "lightblue",
        "depth": "8",
        "internet_access": "wlan",
        "layer": "-2",
        "name": "Смоленская",
        "name:be": "Смаленская",
        "name:en": "Smolenskaya",
        "name:ml": "സ്മോലെൻസ്കായ",
        "name:ru": "Смоленская",
        "name:uk": "Смоленьска",
        "network": "Московский метрополитен",
        "opening_hours": "Mo-Su 05:30-01:00",
        "operator": "ГУП «Московский метрополитен»",
        "outdoor_seating": "no",
        "public_transport": "station",
        "railway": "station",
        "start_date": "1935-05-15",
        "station": "subway",
        "subway": "yes",
        "website": "http://mosmetro.ru",
        "wheelchair": "yes",
        "wikidata": "Q2547903",
        "wikipedia": "ru:Смоленская (станция метро, Филёвская линия)"
      },
      "geometry": {
        "type": "Point",
        "coordinates": [
          37.5827207,
          55.7488081
        ]
      },
      "id": "node/291687197"
    },
    {
      "type": "Feature",
      "properties": {
        "@id": "node/291687455",
        "colour": "green",
        "depth": "33.1",
        "internet_access": "wlan",
        "layer": "-4",
        "loc_name": "Маяковка",
        "name": "Маяковская",
        "name:be": "Маякоўская",
        "name:en": "Mayakovskaya",
        "name:ml": "മായക്കോവ്സ്കായ",
        "name:ru": "Маяковская",
        "name:uk": "Маяковська",
        "network": "Московский метрополитен",
        "opening_hours": "Mo-Su 05:30-01:00",
        "operator": "ГУП «Московский метрополитен»",
        "outdoor_seating": "no",
        "public_transport": "station",
        "railway": "station",
        "start_date": "1938-09-11",
        "station": "subway",
        "subway": "yes",
        "website": "http://mosmetro.ru",
        "wheelchair": "limited",
        "wikidata": "Q1190921"
      },
      "geometry": {
        "type": "Point",
        "coordinates": [
          37.5950872,
          55.7701709
        ]
      },
      "id": "node/291687455"
    },
    {
      "type": "Feature",
      "properties": {
        "@id": "node/291689166",
        "colour": "#a0a2a3",
        "depth": "50",
        "internet_access": "wlan",
        "layer": "-4",
        "name": "Цветной бульвар",
        "name:be": "Кветкавы бульвар",
        "name:en": "Tsvetnoy Bulvar",
        "name:ml": "സ്വെറ്റ്നോയ് ബുൾവാർ",
        "name:ru": "Цветной бульвар",
        "name:uk": "Квітковий бульвар",
        "network": "Московский метрополитен",
        "opening_hours": "Mo-Su 05:30-01:00",
        "operator": "ГУП «Московский метрополитен»",
        "outdoor_seating": "no",
        "public_transport": "station",
        "railway": "station",
        "start_date": "1988-12-31",
        "station": "subway",
        "subway": "yes",
        "website": "http://mosmetro.ru",
        "wikidata": "Q1187140"
      },
      "geometry": {
        "type": "Point",
        "coordinates": [
          37.6179101,
          55.7708721
        ]
      },
      "id": "node/291689166"
    },
    {
      "type": "Feature",
      "properties": {
        "@id": "node/291712231",
        "colour": "orange",
        "depth": "7",
        "internet_access": "wlan",
        "layer": "-4",
        "name": "Новоясеневская",
        "name:be": "Новаясенеўская",
        "name:en": "Novoyasenevskaya",
        "name:ml": "നോവോയാസെനെവ്സ്കായ",
        "name:ru": "Новоясеневская",
        "name:uk": "Новоясенєвська",
        "network": "Московский метрополитен",
        "old_name": "Битцевский парк",
        "old_name:be": "Бітцаўскі парк",
        "old_name:en": "Bitsevskiy park",
        "old_name:uk": "Бітцевський парк",
        "opening_hours": "Mo-Su 05:30-01:00",
        "operator": "ГУП «Московский метрополитен»",
        "outdoor_seating": "no",
        "public_transport": "station",
        "railway": "station",
        "start_date": "1990-01-17",
        "station": "subway",
        "subway": "yes",
        "website": "http://mosmetro.ru",
        "wikidata": "Q2548980",
        "wikipedia": "ru:Новоясеневская"
      },
      "geometry": {
        "type": "Point",
        "coordinates": [
          37.554139,
          55.6009942
        ]
      },
      "id": "node/291712231"
    },
    {
      "type": "Feature",
      "properties": {
        "@id": "node/292019726",
        "colour": "green",
        "depth": "33.5",
        "internet_access": "wlan",
        "layer": "-4",
        "name": "Павелецкая",
        "name:be": "Павялецкая",
        "name:en": "Paveletskaya",
        "name:ml": "പാവെലെറ്റ്സ്കായ",
        "name:ru": "Павелецкая",
        "name:uk": "Павелецька",
        "network": "Московский метрополитен",
        "opening_hours": "Mo-Su 05:30-01:00",
        "operator": "ГУП «Московский метрополитен»",
        "outdoor_seating": "no",
        "public_transport": "station",
        "railway": "station",
        "start_date": "1943-11-20",
        "station": "subway",
        "subway": "yes",
        "website": "http://mosmetro.ru",
        "wheelchair": "no"
      },
      "geometry": {
        "type": "Point",
        "coordinates": [
          37.6378407,
          55.7304982
        ]
      },
      "id": "node/292019726"
    },
    {
      "type": "Feature",
      "properties": {
        "@id": "node/292019996",
        "colour": "brown",
        "depth": "40",
        "internet_access": "wlan",
        "layer": "-4",
        "name": "Павелецкая",
        "name:be": "Павелецкая",
        "name:en": "Paveletskaya",
        "name:ml": "പാവെലെറ്റ്‌സ്കായ",
        "name:ru": "Павелецкая",
        "name:uk": "Павелецька",
        "network": "Московский метрополитен",
        "opening_hours": "Mo-Su 05:30-01:00",
        "operator": "ГУП «Московский метрополитен»",
        "outdoor_seating": "no",
        "public_transport": "station",
        "railway": "station",
        "start_date": "1950-01-01",
        "station": "subway",
        "subway": "yes",
        "website": "http://mosmetro.ru",
        "wheelchair": "no",
        "wikidata": "Q1364499"
      },
      "geometry": {
        "type": "Point",
        "coordinates": [
          37.6381483,
          55.7323172
        ]
      },
      "id": "node/292019996"
    },
    {
      "type": "Feature",
      "properties": {
        "@id": "node/292143794",
        "colour": "green",
        "depth": "33.9",
        "internet_access": "wlan",
        "layer": "-4",
        "name": "Театральная",
        "name:be": "Тэатральная",
        "name:cs": "Těatralnaja",
        "name:de": "Theater",
        "name:en": "Teatralnaya",
        "name:fr": "Teatralnaïa",
        "name:it": "Teatral'naja",
        "name:ko": "테아트랄나야 역",
        "name:ml": "തിയാത്രാൽനായ",
        "name:pl": "Teatralnaja",
        "name:pt": "Estação Teatralhnaia",
        "name:ru": "Театральная",
        "name:sv": "Teatralnaja",
        "name:uk": "Театральна",
        "name:zh": "剧院站",
        "network": "Московский метрополитен",
        "opening_hours": "Mo-Su 05:30-01:00",
        "operator": "ГУП «Московский метрополитен»",
        "outdoor_seating": "no",
        "public_transport": "station",
        "railway": "station",
        "start_date": "1938-09-11",
        "station": "subway",
        "subway": "yes",
        "website": "http://mosmetro.ru",
        "wikidata": "Q1200403",
        "wikipedia": "ru:Театральная (станция метро, Москва)"
      },
      "geometry": {
        "type": "Point",
        "coordinates": [
          37.6191912,
          55.7575071
        ]
      },
      "id": "node/292143794"
    },
    {
      "type": "Feature",
      "properties": {
        "@id": "node/292143796",
        "colour": "green",
        "depth": "37.5",
        "internet_access": "wlan",
        "layer": "-4",
        "name": "Новокузнецкая",
        "name:be": "Новакузнецкая",
        "name:en": "Novokuznetskaya",
        "name:ml": "നോവോകുസ്നെറ്റ്സ്കായ",
        "name:ru": "Новокузнецкая",
        "name:uk": "Новокузнецька",
        "network": "Московский метрополитен",
        "opening_hours": "Mo-Su 05:30-01:00",
        "operator": "ГУП «Московский метрополитен»",
        "outdoor_seating": "no",
        "public_transport": "station",
        "railway": "station",
        "start_date": "1943-11-20",
        "station": "subway",
        "subway": "yes",
        "website": "http://mosmetro.ru",
        "wikidata": "Q1365632",
        "wikipedia": "ru:Новокузнецкая (станция метро)"
      },
      "geometry": {
        "type": "Point",
        "coordinates": [
          37.6292018,
          55.7414344
        ]
      },
      "id": "node/292143796"
    },
    {
      "type": "Feature",
      "properties": {
        "@id": "node/292144111",
        "colour": "green",
        "depth": "42",
        "internet_access": "wlan",
        "layer": "-4",
        "name": "Тверская",
        "name:be": "Цвярская",
        "name:en": "Tverskaya",
        "name:ml": "ട്വെർസ്കായ",
        "name:ru": "Тверская",
        "name:uk": "Тверська",
        "network": "Московский метрополитен",
        "opening_hours": "Mo-Su 05:30-01:00",
        "operator": "ГУП «Московский метрополитен»",
        "outdoor_seating": "no",
        "public_transport": "station",
        "railway": "station",
        "start_date": "1979-07-20",
        "station": "subway",
        "subway": "yes",
        "website": "http://mosmetro.ru",
        "wheelchair": "no",
        "wikidata": "Q1341694"
      },
      "geometry": {
        "type": "Point",
        "coordinates": [
          37.606313,
          55.7648953
        ]
      },
      "id": "node/292144111"
    },
    {
      "type": "Feature",
      "properties": {
        "@id": "node/292146578",
        "colour": "green",
        "depth": "11",
        "internet_access": "wlan",
        "layer": "-4",
        "name": "Автозаводская",
        "name:be": "Аўтазаводская",
        "name:cs": "Avtozavodskaja",
        "name:en": "Avtozavodskaya",
        "name:fr": "Avtozavodskaïa",
        "name:it": "Avtozavodskaja",
        "name:ml": "അവ്തോസാവോഡ്സ്കായ",
        "name:pl": "Awtozawodzkaja",
        "name:pt": "Estação Avtosavodskaia",
        "name:ru": "Автозаводская",
        "name:sv": "Avtozavodskaja",
        "name:uk": "Автозаводська",
        "network": "Московский метрополитен",
        "opening_hours": "Mo-Su 05:30-01:00",
        "operator": "ГУП «Московский метрополитен»",
        "outdoor_seating": "no",
        "public_transport": "station",
        "railway": "station",
        "start_date": "1943-01-01",
        "station": "subway",
        "subway": "yes",
        "website": "http://mosmetro.ru",
        "wikidata": "Q2604358",
        "wikipedia": "ru:Автозаводская (станция метро, Москва)"
      },
      "geometry": {
        "type": "Point",
        "coordinates": [
          37.6577684,
          55.7073446
        ]
      },
      "id": "node/292146578"
    },
    {
      "type": "Feature",
      "properties": {
        "@id": "node/292147581",
        "colour": "green",
        "depth": "9",
        "internet_access": "wlan",
        "layer": "-2",
        "name": "Коломенская",
        "name:be": "Каломенская",
        "name:en": "Kolomenskaya",
        "name:ml": "കോലോമെൻസ്കായ",
        "name:ru": "Коломенская",
        "name:uk": "Коломенська",
        "network": "Московский метрополитен",
        "opening_hours": "Mo-Su 05:30-01:00",
        "operator": "ГУП «Московский метрополитен»",
        "outdoor_seating": "no",
        "public_transport": "station",
        "railway": "station",
        "start_date": "1969-08-11",
        "station": "subway",
        "subway": "yes",
        "website": "http://mosmetro.ru",
        "wikidata": "Q666527",
        "wikipedia": "ru:Коломенская"
      },
      "geometry": {
        "type": "Point",
        "coordinates": [
          37.6639248,
          55.6784809
        ]
      },
      "id": "node/292147581"
    },
    {
      "type": "Feature",
      "properties": {
        "@id": "node/292147587",
        "name": "Каширская",
        "public_transport": "stop_position",
        "railway": "stop",
        "subway": "yes"
      },
      "geometry": {
        "type": "Point",
        "coordinates": [
          37.6487377,
          55.6550308
        ]
      },
      "id": "node/292147587"
    },
    {
      "type": "Feature",
      "properties": {
        "@id": "node/292148161",
        "colour": "green",
        "depth": "0",
        "internet_access": "wlan",
        "name": "Технопарк",
        "name:cs": "Tekhnopark",
        "name:ml": "ടെക്നോപാർക്ക്",
        "network": "Московский метрополитен",
        "opening_hours": "Mo-Su 05:30-01:00",
        "operator": "ГУП «Московский метрополитен»",
        "outdoor_seating": "no",
        "public_transport": "station",
        "railway": "station",
        "start_date": "2015-12-28",
        "station": "subway",
        "subway": "yes",
        "website": "http://mosmetro.ru",
        "wikidata": "Q2384688",
        "wikipedia": "ru:Технопарк (станция метро)"
      },
      "geometry": {
        "type": "Point",
        "coordinates": [
          37.6644353,
          55.6936232
        ]
      },
      "id": "node/292148161"
    },
    {
      "type": "Feature",
      "properties": {
        "@id": "node/293799708",
        "colour": "brown",
        "depth": "40",
        "internet_access": "wlan",
        "layer": "-4",
        "name": "Проспект Мира",
        "name:be": "Праспект Міру",
        "name:en": "Prospekt Mira",
        "name:ml": "പ്രോസ്പെക്റ്റ് മിറ",
        "name:ru": "Проспект Мира",
        "name:uk": "Проспект Миру",
        "network": "Московский метрополитен",
        "opening_hours": "Mo-Su 05:30-01:00",
        "operator": "ГУП «Московский метрополитен»",
        "outdoor_seating": "no",
        "public_transport": "station",
        "railway": "station",
        "start_date": "1952-01-30",
        "station": "subway",
        "subway": "yes",
        "website": "http://mosmetro.ru",
        "wheelchair": "no",
        "wikidata": "Q1190913"
      },
      "geometry": {
        "type": "Point",
        "coordinates": [
          37.6317532,
          55.7796332
        ]
      },
      "id": "node/293799708"
    },
    {
      "type": "Feature",
      "properties": {
        "@id": "node/294024698",
        "colour": "brown",
        "depth": "35.5",
        "internet_access": "wlan",
        "layer": "-4",
        "name": "Добрынинская",
        "name:be": "Дабрынінская",
        "name:en": "Dobryninskaya",
        "name:ml": "ഡോബ്രിനിൻസ്കായ",
        "name:ru": "Добрынинская",
        "name:uk": "Добринінська",
        "network": "Московский метрополитен",
        "opening_hours": "Mo-Su 05:30-01:00",
        "operator": "ГУП «Московский метрополитен»",
        "outdoor_seating": "no",
        "public_transport": "station",
        "railway": "station",
        "start_date": "1950-01-01",
        "station": "subway",
        "subway": "yes",
        "website": "http://mosmetro.ru",
        "wikidata": "Q1233589"
      },
      "geometry": {
        "type": "Point",
        "coordinates": [
          37.6244196,
          55.7291072
        ]
      },
      "id": "node/294024698"
    },
    {
      "type": "Feature",
      "properties": {
        "@id": "node/296045315",
        "colour": "brown",
        "depth": "53",
        "internet_access": "wlan",
        "layer": "-4",
        "loc_name": "Таганка",
        "name": "Таганская",
        "name:be": "Таганская",
        "name:en": "Taganskaya",
        "name:ml": "ടാഗാൻസ്കായ",
        "name:ru": "Таганская",
        "name:uk": "Таганська",
        "network": "Московский метрополитен",
        "opening_hours": "Mo-Su 05:30-01:00",
        "operator": "ГУП «Московский метрополитен»",
        "outdoor_seating": "no",
        "public_transport": "station",
        "railway": "station",
        "start_date": "1950-01-01",
        "station": "subway",
        "subway": "yes",
        "website": "http://mosmetro.ru",
        "wikidata": "Q1316964",
        "wikipedia": "ru:Таганская (станция метро, Кольцевая линия)"
      },
      "geometry": {
        "type": "Point",
        "coordinates": [
          37.6513234,
          55.741665
        ]
      },
      "id": "node/296045315"
    },
    {
      "type": "Feature",
      "properties": {
        "@id": "node/296926132",
        "name": "Варшавская",
        "public_transport": "stop_position",
        "railway": "stop",
        "subway": "yes"
      },
      "geometry": {
        "type": "Point",
        "coordinates": [
          37.619501,
          55.6533923
        ]
      },
      "id": "node/296926132"
    },
    {
      "type": "Feature",
      "properties": {
        "@id": "node/296932663",
        "colour": "#bac8e8",
        "depth": "-9.6",
        "internet_access": "wlan",
        "layer": "1",
        "name": "Улица Скобелевская",
        "name:be": "Вуліца Скобелеўская",
        "name:en": "Ulitsa Skobelevskaya",
        "name:ml": "ഉലിറ്റ്സ സ്കോബെലെവ്സ്കായ",
        "name:ru": "Улица Скобелевская",
        "name:uk": "Вулиця Скобелевська",
        "network": "Московский метрополитен",
        "opening_hours": "Mo-Su 05:30-01:00",
        "operator": "ГУП «Московский метрополитен»",
        "outdoor_seating": "no",
        "public_transport": "station",
        "railway": "station",
        "start_date": "2003-12-27",
        "station": "subway",
        "subway": "yes",
        "website": "http://mosmetro.ru",
        "wheelchair": "yes",
        "wikidata": "Q2626541",
        "wikipedia": "ru:Улица Скобелевская (станция метро)"
      },
      "geometry": {
        "type": "Point",
        "coordinates": [
          37.5546254,
          55.5481082
        ]
      },
      "id": "node/296932663"
    },
    {
      "type": "Feature",
      "properties": {
        "@id": "node/296932668",
        "colour": "#bac8e8",
        "depth": "-9.6",
        "internet_access": "wlan",
        "layer": "1",
        "name": "Бульвар Адмирала Ушакова",
        "name:be": "Бульвар адмірала Ушакова",
        "name:en": "Bulvar Admirala Ushakova",
        "name:ml": "ബുൾ-വാർ അഡ്മിറല ഉഷാകോവ",
        "name:ru": "Бульвар Адмирала Ушакова",
        "name:uk": "Бульвар адмірала Ушакова",
        "network": "Московский метрополитен",
        "opening_hours": "Mo-Su 05:30-01:00",
        "operator": "ГУП «Московский метрополитен»",
        "outdoor_seating": "no",
        "public_transport": "station",
        "railway": "station",
        "start_date": "2003-12-27",
        "station": "subway",
        "subway": "yes",
        "website": "http://mosmetro.ru",
        "wheelchair": "yes",
        "wikidata": "Q936502",
        "wikipedia": "ru:Бульвар Адмирала Ушакова (станция метро)"
      },
      "geometry": {
        "type": "Point",
        "coordinates": [
          37.5432114,
          55.5454337
        ]
      },
      "id": "node/296932668"
    },
    {
      "type": "Feature",
      "properties": {
        "@id": "node/296932670",
        "colour": "#bac8e8",
        "depth": "-9.6",
        "internet_access": "wlan",
        "layer": "1",
        "name": "Улица Горчакова",
        "name:be": "Вуліца Гарчакова",
        "name:en": "Ulitsa Gorchakova",
        "name:ml": "ഉലിറ്റ്സ ഗോർച്ചകോവ",
        "name:ru": "Улица Горчакова",
        "name:uk": "Вулиця Горчакова",
        "network": "Московский метрополитен",
        "opening_hours": "Mo-Su 05:30-01:00",
        "operator": "ГУП «Московский метрополитен»",
        "outdoor_seating": "no",
        "public_transport": "station",
        "railway": "station",
        "start_date": "2003-12-27",
        "station": "subway",
        "subway": "yes",
        "website": "http://mosmetro.ru",
        "wheelchair": "yes",
        "wikidata": "Q2369705",
        "wikipedia": "ru:Улица Горчакова (станция метро)"
      },
      "geometry": {
        "type": "Point",
        "coordinates": [
          37.530718,
          55.5416949
        ]
      },
      "id": "node/296932670"
    },
    {
      "type": "Feature",
      "properties": {
        "@id": "node/296932673",
        "colour": "#bac8e8",
        "depth": "-9.6",
        "internet_access": "wlan",
        "layer": "1",
        "name": "Бунинская аллея",
        "name:be": "Бунінская алея",
        "name:en": "Buninskaya Alleya",
        "name:ml": "ബുനിൻസ്കായ അല്ലെയ",
        "name:ru": "Бунинская аллея",
        "name:uk": "Бунінська алея",
        "network": "Московский метрополитен",
        "opening_hours": "Mo-Su 05:30-01:00",
        "operator": "ГУП «Московский метрополитен»",
        "outdoor_seating": "no",
        "public_transport": "station",
        "railway": "station",
        "start_date": "2003-12-27",
        "station": "subway",
        "subway": "yes",
        "website": "http://mosmetro.ru",
        "wheelchair": "yes",
        "wikidata": "Q2369692",
        "wikipedia": "ru:Бунинская аллея (станция метро)"
      },
      "geometry": {
        "type": "Point",
        "coordinates": [
          37.5165467,
          55.5381467
        ]
      },
      "id": "node/296932673"
    },
    {
      "type": "Feature",
      "properties": {
        "@id": "node/296938973",
        "name": "Строгино",
        "public_transport": "stop_position",
        "railway": "stop",
        "subway": "yes"
      },
      "geometry": {
        "type": "Point",
        "coordinates": [
          37.4031277,
          55.8037637
        ]
      },
      "id": "node/296938973"
    },
    {
      "type": "Feature",
      "properties": {
        "@id": "node/296944258",
        "colour": "#b4d445",
        "depth": "60",
        "internet_access": "wlan",
        "layer": "-4",
        "name": "Трубная",
        "name:be": "Трубная",
        "name:cs": "Trubnaja",
        "name:en": "Trubnaya",
        "name:it": "Trubnaja",
        "name:ml": "ട്രുബ്നായ",
        "name:pt": "Estação Trubnaia",
        "name:ru": "Трубная",
        "name:sv": "Trubnaja",
        "name:uk": "Трубна",
        "network": "Московский метрополитен",
        "opening_hours": "Mo-Su 05:30-01:00",
        "operator": "ГУП «Московский метрополитен»",
        "outdoor_seating": "no",
        "public_transport": "station",
        "railway": "station",
        "start_date": "2007-08-30",
        "station": "subway",
        "subway": "yes",
        "website": "http://mosmetro.ru",
        "wikidata": "Q2551026",
        "wikipedia": "ru:Трубная (станция метро)"
      },
      "geometry": {
        "type": "Point",
        "coordinates": [
          37.6195511,
          55.7691136
        ]
      },
      "id": "node/296944258"
    },
    {
      "type": "Feature",
      "properties": {
        "@id": "node/296944266",
        "name": "Чкаловская",
        "public_transport": "stop_position",
        "railway": "stop",
        "subway": "yes"
      },
      "geometry": {
        "type": "Point",
        "coordinates": [
          37.6571741,
          55.7564813
        ]
      },
      "id": "node/296944266"
    },
    {
      "type": "Feature",
      "properties": {
        "@id": "node/296947177",
        "colour": "#b4d445",
        "depth": "54",
        "internet_access": "wlan",
        "layer": "-4",
        "name": "Римская",
        "name:be": "Рымская",
        "name:cs": "Rimskaja",
        "name:en": "Rimskaya",
        "name:it": "Rimskaja",
        "name:ml": "റിംസ്കായ",
        "name:pl": "Rimskaja",
        "name:pt": "Estação Rimskaia",
        "name:ru": "Римская",
        "name:uk": "Римська",
        "network": "Московский метрополитен",
        "opening_hours": "Mo-Su 05:30-01:00",
        "operator": "ГУП «Московский метрополитен»",
        "outdoor_seating": "no",
        "public_transport": "station",
        "railway": "station",
        "start_date": "1995-12-28",
        "station": "subway",
        "subway": "yes",
        "website": "http://mosmetro.ru",
        "wikidata": "Q2551345",
        "wikipedia": "ru:Римская (станция метро)"
      },
      "geometry": {
        "type": "Point",
        "coordinates": [
          37.683251,
          55.7463418
        ]
      },
      "id": "node/296947177"
    },
    {
      "type": "Feature",
      "properties": {
        "@id": "node/296947185",
        "colour": "#b4d445",
        "depth": "62",
        "internet_access": "wlan",
        "layer": "-4",
        "name": "Дубровка",
        "name:be": "Дуброўка",
        "name:cs": "Dubrovka",
        "name:en": "Dubrovka",
        "name:it": "Dubrovka",
        "name:ml": "ഡുബ്രോവ്ക",
        "name:pl": "Dubrowka",
        "name:pt": "Estação Dubrovka",
        "name:ru": "Дубровка",
        "name:uk": "Дубрівка",
        "network": "Московский метрополитен",
        "opening_hours": "Mo-Su 05:30-01:00",
        "operator": "ГУП «Московский метрополитен»",
        "outdoor_seating": "no",
        "public_transport": "station",
        "railway": "station",
        "start_date": "1999-12-11",
        "station": "subway",
        "subway": "yes",
        "website": "http://mosmetro.ru",
        "wikidata": "Q2551380",
        "wikipedia": "ru:Дубровка (станция метро)"
      },
      "geometry": {
        "type": "Point",
        "coordinates": [
          37.6755406,
          55.7192085
        ]
      },
      "id": "node/296947185"
    },
    {
      "type": "Feature",
      "properties": {
        "@id": "node/296949274",
        "alt_name:en": "Kozhuhovskaya",
        "colour": "#b4d445",
        "departures_board": "realtime",
        "departures_board:speech_output": "no",
        "depth": "12",
        "internet_access": "wlan",
        "layer": "-2",
        "name": "Кожуховская",
        "name:be": "Кажухаўская",
        "name:cs": "Kožuchovskaja",
        "name:en": "Kozhukhovskaya",
        "name:it": "Kožuchovskaja",
        "name:ml": "കൊജുക്കോവ്സ്കായ",
        "name:pl": "Kożuchowskaja",
        "name:pt": "Estação Kojukhovskaia",
        "name:ru": "Кожуховская",
        "name:uk": "Кожуховська",
        "network": "Московский метрополитен",
        "opening_hours": "Mo-Su 05:30-01:00",
        "operator": "ГУП «Московский метрополитен»",
        "outdoor_seating": "no",
        "public_transport": "station",
        "railway": "station",
        "start_date": "1995-12-28",
        "station": "subway",
        "subway": "yes",
        "website": "http://mosmetro.ru",
        "wheelchair": "no",
        "wikidata": "Q2551372",
        "wikipedia": "ru:Кожуховская (станция метро)"
      },
      "geometry": {
        "type": "Point",
        "coordinates": [
          37.6846176,
          55.7075865
        ]
      },
      "id": "node/296949274"
    },
    {
      "type": "Feature",
      "properties": {
        "@id": "node/296949278",
        "alt_name:uk": "Друкарі",
        "colour": "#b4d445",
        "depth": "5",
        "internet_access": "wlan",
        "layer": "-2",
        "name": "Печатники",
        "name:be": "Пячатнікі",
        "name:cs": "Pečatniki",
        "name:en": "Pechatniki",
        "name:fi": "Petšatnikin metroasema",
        "name:it": "Pečatniki",
        "name:ml": "പെചാറ്റ്നിക്കി",
        "name:pt": "Estação Petchatniki",
        "name:ru": "Печатники",
        "name:uk": "Печатники",
        "network": "Московский метрополитен",
        "opening_hours": "Mo-Su 05:25-01:00",
        "operator": "ГУП «Московский метрополитен»",
        "outdoor_seating": "no",
        "public_transport": "station",
        "railway": "station",
        "start_date": "1995-12-28",
        "station": "subway",
        "subway": "yes",
        "website": "http://mosmetro.ru",
        "wheelchair": "no",
        "wikidata": "Q2551435",
        "wikipedia": "ru:Печатники (станция метро, Люблинско-Дмитровская линия)"
      },
      "geometry": {
        "type": "Point",
        "coordinates": [
          37.726952,
          55.6934907
        ]
      },
      "id": "node/296949278"
    },
    {
      "type": "Feature",
      "properties": {
        "@id": "node/296949283",
        "colour": "#b4d445",
        "depth": "8",
        "internet_access": "wlan",
        "layer": "-2",
        "name": "Волжская",
        "name:be": "Волжская",
        "name:cs": "Volžskaja",
        "name:en": "Volzhskaya",
        "name:it": "Volžskaja",
        "name:ml": "വോൾജ്സ്കായ",
        "name:pt": "Estação Voljskaia",
        "name:ru": "Волжская",
        "name:uk": "Волзька",
        "network": "Московский метрополитен",
        "opening_hours": "Mo-Su 05:30-01:00",
        "operator": "ГУП «Московский метрополитен»",
        "outdoor_seating": "no",
        "public_transport": "station",
        "railway": "station",
        "start_date": "1995-12-28",
        "station": "subway",
        "subway": "yes",
        "website": "http://mosmetro.ru",
        "wikidata": "Q2303787",
        "wikipedia": "ru:Волжская (станция метро)"
      },
      "geometry": {
        "type": "Point",
        "coordinates": [
          37.7531007,
          55.6908257
        ]
      },
      "id": "node/296949283"
    },
    {
      "type": "Feature",
      "properties": {
        "@id": "node/296949285",
        "colour": "#b4d445",
        "depth": "8",
        "internet_access": "wlan",
        "layer": "-2",
        "name": "Люблино",
        "name:be": "Любліно",
        "name:cs": "Ljublino",
        "name:en": "Lyublino",
        "name:it": "Ljublino",
        "name:ml": "ല്യൂബ്ലിനോ",
        "name:pl": "Lublino",
        "name:pt": "Estação Liublino",
        "name:ru": "Люблино",
        "name:uk": "Любліно",
        "network": "Московский метрополитен",
        "opening_hours": "Mo-Su 05:30-01:00",
        "operator": "ГУП «Московский метрополитен»",
        "outdoor_seating": "no",
        "public_transport": "station",
        "railway": "station",
        "start_date": "1996-12-25",
        "station": "subway",
        "subway": "yes",
        "website": "http://mosmetro.ru",
        "wikidata": "Q2551405",
        "wikipedia": "ru:Люблино (станция метро)"
      },
      "geometry": {
        "type": "Point",
        "coordinates": [
          37.7619581,
          55.6757211
        ]
      },
      "id": "node/296949285"
    },
    {
      "type": "Feature",
      "properties": {
        "@id": "node/296949290",
        "alt_name:en": "Mariino",
        "alt_name:uk": "Мар’їне",
        "colour": "#b4d445",
        "depth": "8",
        "internet_access": "wlan",
        "layer": "-2",
        "name": "Марьино",
        "name:be": "Мар'іна",
        "name:cs": "Marino",
        "name:en": "Maryino",
        "name:it": "Mar'ino",
        "name:ml": "മാർയിനോ",
        "name:pl": "Marino",
        "name:pt": "Estação Mariino",
        "name:ru": "Марьино",
        "name:uk": "Мар’їно",
        "network": "Московский метрополитен",
        "opening_hours": "Mo-Su 05:30-01:00",
        "operator": "ГУП «Московский метрополитен»",
        "outdoor_seating": "no",
        "public_transport": "station",
        "railway": "station",
        "start_date": "1996-12-25",
        "station": "subway",
        "subway": "yes",
        "website": "http://mosmetro.ru",
        "wikidata": "Q971065",
        "wikipedia": "ru:Марьино (станция метро)"
      },
      "geometry": {
        "type": "Point",
        "coordinates": [
          37.7431467,
          55.6500158
        ]
      },
      "id": "node/296949290"
    },
    {
      "type": "Feature",
      "properties": {
        "@id": "node/296953126",
        "alt_name:en": "Chehovskaya",
        "colour": "#a0a2a3",
        "depth": "62",
        "internet_access": "wlan",
        "layer": "-4",
        "loc_name": "Чешка",
        "name": "Чеховская",
        "name:be": "Чэхаўская",
        "name:en": "Chekhovskaya",
        "name:ml": "ചെഖോവ്സ്കായ",
        "name:ru": "Чеховская",
        "name:uk": "Чеховська",
        "network": "Московский метрополитен",
        "opening_hours": "Mo-Su 05:30-01:00",
        "operator": "ГУП «Московский метрополитен»",
        "outdoor_seating": "no",
        "public_transport": "station",
        "railway": "station",
        "start_date": "1987-12-31",
        "station": "subway",
        "subway": "yes",
        "website": "http://mosmetro.ru",
        "wikidata": "Q1316310"
      },
      "geometry": {
        "type": "Point",
        "coordinates": [
          37.609087,
          55.7648327
        ]
      },
      "id": "node/296953126"
    },
    {
      "type": "Feature",
      "properties": {
        "@id": "node/296953128",
        "colour": "#a0a2a3",
        "depth": "46.5",
        "internet_access": "wlan",
        "layer": "-5",
        "name": "Боровицкая",
        "name:be": "Баравіцкая",
        "name:en": "Borovitskaya",
        "name:ml": "ബോറോവിറ്റ്‌സ്കായ",
        "name:ru": "Боровицкая",
        "name:uk": "Боровицька",
        "network": "Московский метрополитен",
        "opening_hours": "Mo-Su 05:30-01:00",
        "operator": "ГУП «Московский метрополитен»",
        "outdoor_seating": "no",
        "public_transport": "station",
        "railway": "station",
        "start_date": "1986-01-23",
        "station": "subway",
        "subway": "yes",
        "website": "http://mosmetro.ru",
        "wikidata": "Q1187464"
      },
      "geometry": {
        "type": "Point",
        "coordinates": [
          37.607057,
          55.7509718
        ]
      },
      "id": "node/296953128"
    },
    {
      "type": "Feature",
      "properties": {
        "@id": "node/296953130",
        "alt_name:en": "Serpuhovskaya",
        "colour": "#a0a2a3",
        "depth": "43",
        "internet_access": "wlan",
        "layer": "-4",
        "name": "Серпуховская",
        "name:be": "Серпухаўская",
        "name:en": "Serpukhovskaya",
        "name:ml": "സെർപുഖോവ്സ്കായ",
        "name:ru": "Серпуховская",
        "name:uk": "Серпуховська",
        "network": "Московский метрополитен",
        "opening_hours": "Mo-Su 05:30-01:00",
        "operator": "ГУП «Московский метрополитен»",
        "outdoor_seating": "no",
        "public_transport": "station",
        "railway": "station",
        "start_date": "1983-11-08",
        "station": "subway",
        "subway": "yes",
        "website": "http://mosmetro.ru",
        "wikidata": "Q338822"
      },
      "geometry": {
        "type": "Point",
        "coordinates": [
          37.6248289,
          55.7279529
        ]
      },
      "id": "node/296953130"
    },
    {
      "type": "Feature",
      "properties": {
        "@id": "node/296953131",
        "colour": "#a0a2a3",
        "departures_board": "realtime",
        "departures_board:speech_output": "no",
        "depth": "9.5",
        "internet_access": "wlan",
        "layer": "-2",
        "name": "Тульская",
        "name:be": "Тульская",
        "name:en": "Tulskaya",
        "name:ml": "ടുൾസ്കായ",
        "name:ru": "Тульская",
        "name:uk": "Тульська",
        "network": "Московский метрополитен",
        "opening_hours": "Mo-Su 05:30-01:00",
        "operator": "ГУП «Московский метрополитен»",
        "outdoor_seating": "no",
        "public_transport": "station",
        "railway": "station",
        "start_date": "1983-11-08",
        "station": "subway",
        "subway": "yes",
        "website": "http://mosmetro.ru",
        "wheelchair": "no",
        "wikidata": "Q1187586"
      },
      "geometry": {
        "type": "Point",
        "coordinates": [
          37.6228172,
          55.7086649
        ]
      },
      "id": "node/296953131"
    },
    {
      "type": "Feature",
      "properties": {
        "@id": "node/296953132",
        "colour": "#a0a2a3",
        "depth": "13.5",
        "internet_access": "wlan",
        "layer": "-2",
        "name": "Нагатинская",
        "name:be": "Нагацінская",
        "name:en": "Nagatinskaya",
        "name:ml": "നാഗാറ്റിൻസ്കായ",
        "name:ru": "Нагатинская",
        "name:uk": "Нагатінська",
        "network": "Московский метрополитен",
        "opening_hours": "Mo-Su 05:30-01:00",
        "operator": "ГУП «Московский метрополитен»",
        "outdoor_seating": "no",
        "public_transport": "station",
        "railway": "station",
        "start_date": "1983-11-08",
        "station": "subway",
        "subway": "yes",
        "website": "http://mosmetro.ru",
        "wheelchair": "no",
        "wikidata": "Q963928",
        "wikipedia": "ru:Нагатинская (станция метро)"
      },
      "geometry": {
        "type": "Point",
        "coordinates": [
          37.6224144,
          55.6829727
        ]
      },
      "id": "node/296953132"
    },
    {
      "type": "Feature",
      "properties": {
        "@id": "node/296953133",
        "colour": "#a0a2a3",
        "departures_board": "realtime",
        "departures_board:speech_output": "no",
        "depth": "9",
        "internet_access": "wlan",
        "layer": "-2",
        "name": "Нагорная",
        "name:be": "Нагорная",
        "name:en": "Nagornaya",
        "name:ml": "നാഗൊർണായ",
        "name:ru": "Нагорная",
        "name:uk": "Нагірна",
        "network": "Московский метрополитен",
        "opening_hours": "Mo-Su 05:30-01:00",
        "operator": "ГУП «Московский метрополитен»",
        "outdoor_seating": "no",
        "public_transport": "station",
        "railway": "station",
        "start_date": "1983-11-08",
        "station": "subway",
        "subway": "yes",
        "website": "http://mosmetro.ru",
        "wheelchair": "no",
        "wikidata": "Q1187571"
      },
      "geometry": {
        "type": "Point",
        "coordinates": [
          37.6102741,
          55.6719433
        ]
      },
      "id": "node/296953133"
    },
    {
      "type": "Feature",
      "properties": {
        "@id": "node/296953134",
        "alt_name:en": "Nahimovsky Prospekt",
        "colour": "#a0a2a3",
        "depth": "9.5",
        "internet_access": "wlan",
        "layer": "-2",
        "name": "Нахимовский проспект",
        "name:be": "Нахімаўскіі праспект",
        "name:en": "Nakhimovsky Prospekt",
        "name:ml": "നഖിമോവ്സ്കി പ്രോസ്പെക്റ്റ്",
        "name:ru": "Нахимовский проспект",
        "name:uk": "Нахімовський проспект",
        "network": "Московский метрополитен",
        "opening_hours": "Mo-Su 05:30-01:00",
        "operator": "ГУП «Московский метрополитен»",
        "outdoor_seating": "no",
        "public_transport": "station",
        "railway": "station",
        "start_date": "1983-11-08",
        "station": "subway",
        "subway": "yes",
        "website": "http://mosmetro.ru",
        "wheelchair": "yes",
        "wikidata": "Q1187755"
      },
      "geometry": {
        "type": "Point",
        "coordinates": [
          37.6056223,
          55.6626511
        ]
      },
      "id": "node/296953134"
    },
    {
      "type": "Feature",
      "properties": {
        "@id": "node/296953135",
        "colour": "#a0a2a3",
        "depth": "13",
        "internet_access": "wlan",
        "layer": "-2",
        "name": "Севастопольская",
        "name:be": "Севастопальская",
        "name:en": "Sevastopolskaya",
        "name:ml": "സെവാസ്റ്റോപോൾസ്കായ",
        "name:ru": "Севастопольская",
        "name:uk": "Севастопольська",
        "network": "Московский метрополитен",
        "opening_hours": "Mo-Su 05:25-01:00",
        "operator": "ГУП «Московский метрополитен»",
        "outdoor_seating": "no",
        "public_transport": "station",
        "railway": "station",
        "start_date": "1983-11-08",
        "station": "subway",
        "subway": "yes",
        "website": "http://mosmetro.ru",
        "wheelchair": "limited",
        "wikidata": "Q1187560"
      },
      "geometry": {
        "type": "Point",
        "coordinates": [
          37.598434,
          55.6526736
        ]
      },
      "id": "node/296953135"
    },
    {
      "type": "Feature",
      "properties": {
        "@id": "node/296953136",
        "alt_name:uk": "Чортанівська",
        "colour": "#a0a2a3",
        "departures_board": "realtime",
        "departures_board:speech_output": "no",
        "depth": "10.5",
        "internet_access": "wlan",
        "layer": "-3",
        "name": "Чертановская",
        "name:be": "Чартанаўская",
        "name:en": "Chertanovskaya",
        "name:ml": "ചെർട്ടനോവ്സ്കായ",
        "name:ru": "Чертановская",
        "name:uk": "Чертанівська",
        "network": "Московский метрополитен",
        "opening_hours": "Mo-Su 05:25-01:00",
        "operator": "ГУП «Московский метрополитен»",
        "outdoor_seating": "no",
        "public_transport": "station",
        "railway": "station",
        "start_date": "1983-11-08",
        "station": "subway",
        "subway": "yes",
        "website": "http://mosmetro.ru",
        "wikidata": "Q1187761"
      },
      "geometry": {
        "type": "Point",
        "coordinates": [
          37.60669,
          55.640455
        ]
      },
      "id": "node/296953136"
    },
    {
      "type": "Feature",
      "properties": {
        "@id": "node/296953137",
        "colour": "#a0a2a3",
        "depth": "10",
        "internet_access": "wlan",
        "layer": "-2",
        "name": "Южная",
        "name:be": "Паўднёвая",
        "name:cs": "Južnaja",
        "name:en": "Yuzhnaya",
        "name:it": "Južnaja",
        "name:ko": "유즈나야 역",
        "name:ml": "യുജ്നായ",
        "name:pl": "Jużnaja",
        "name:pt": "Estação Iujnaia",
        "name:ru": "Южная",
        "name:uk": "Південна",
        "network": "Московский метрополитен",
        "opening_hours": "Mo-Su 05:30-01:00",
        "operator": "ГУП «Московский метрополитен»",
        "outdoor_seating": "no",
        "public_transport": "station",
        "railway": "station",
        "start_date": "1983-11-08",
        "station": "subway",
        "subway": "yes",
        "website": "http://mosmetro.ru",
        "wikidata": "Q1187776",
        "wikipedia": "ru:Южная (станция метро)"
      },
      "geometry": {
        "type": "Point",
        "coordinates": [
          37.6092188,
          55.622256
        ]
      },
      "id": "node/296953137"
    },
    {
      "type": "Feature",
      "properties": {
        "@id": "node/296953138",
        "colour": "#a0a2a3",
        "depth": "9.5",
        "internet_access": "wlan",
        "layer": "-2",
        "name": "Пражская",
        "name:be": "Праская",
        "name:cs": "Pražskaja",
        "name:en": "Prazhskaya",
        "name:it": "Pražskaja",
        "name:ko": "프라시스카야 역",
        "name:ml": "പ്രാജ്സ്കായ",
        "name:pl": "Prażskaja",
        "name:pt": "Estação Prajskaia",
        "name:ru": "Пражская",
        "name:sk": "Pražskaja",
        "name:uk": "Празька",
        "network": "Московский метрополитен",
        "opening_hours": "Mo-Su 05:30-01:00",
        "operator": "ГУП «Московский метрополитен»",
        "outdoor_seating": "no",
        "public_transport": "station",
        "railway": "station",
        "start_date": "1985-11-06",
        "station": "subway",
        "subway": "yes",
        "website": "http://mosmetro.ru",
        "wikidata": "Q777410",
        "wikipedia": "ru:Пражская (станция метро)"
      },
      "geometry": {
        "type": "Point",
        "coordinates": [
          37.6045238,
          55.6123741
        ]
      },
      "id": "node/296953138"
    },
    {
      "type": "Feature",
      "properties": {
        "@id": "node/296953139",
        "colour": "#a0a2a3",
        "depth": "8",
        "internet_access": "wlan",
        "layer": "-2",
        "name": "Улица Академика Янгеля",
        "name:be": "Вуліца Акадэміка Янгеля",
        "name:en": "Ulitsa Akademika Yangelya",
        "name:ml": "ഉലിറ്റ്സ അക്കാഡെമിക്ക യാങ്കെല്യ",
        "name:ru": "Улица Академика Янгеля",
        "name:uk": "Вулиця Академіка Янгеля",
        "network": "Московский метрополитен",
        "opening_hours": "Mo-Su 05:30-01:00",
        "operator": "ГУП «Московский метрополитен»",
        "outdoor_seating": "no",
        "public_transport": "station",
        "railway": "station",
        "start_date": "2000-08-31",
        "station": "subway",
        "subway": "yes",
        "website": "http://mosmetro.ru",
        "wikidata": "Q1187604"
      },
      "geometry": {
        "type": "Point",
        "coordinates": [
          37.6004358,
          55.5949862
        ]
      },
      "id": "node/296953139"
    },
    {
      "type": "Feature",
      "properties": {
        "@id": "node/296953140",
        "colour": "#a0a2a3",
        "depth": "8",
        "internet_access": "wlan",
        "layer": "-2",
        "name": "Аннино",
        "name:be": "Аніна",
        "name:en": "Annino",
        "name:ml": "അന്നിനോ",
        "name:ru": "Аннино",
        "name:zh": "安尼诺",
        "network": "Московский метрополитен",
        "opening_hours": "Mo-Su 05:30-01:00",
        "operator": "ГУП «Московский метрополитен»",
        "outdoor_seating": "no",
        "public_transport": "station",
        "railway": "station",
        "start_date": "2001-12-12",
        "station": "subway",
        "subway": "yes",
        "website": "http://mosmetro.ru",
        "wikidata": "Q1187553",
        "wikipedia": "ru:Аннино (станция метро)"
      },
      "geometry": {
        "type": "Point",
        "coordinates": [
          37.5965311,
          55.5825315
        ]
      },
      "id": "node/296953140"
    },
    {
      "type": "Feature",
      "properties": {
        "@id": "node/296956167",
        "colour": "#a0a2a3",
        "depth": "63.5",
        "internet_access": "wlan",
        "layer": "-4",
        "loc_name": "Тимирязевка",
        "name": "Тимирязевская",
        "name:be": "Ціміразеўская",
        "name:en": "Timiryazevskaya",
        "name:ml": "ടിമിർയസെവ്സ്കായ",
        "name:ru": "Тимирязевская",
        "name:uk": "Тимірязівська",
        "network": "Московский метрополитен",
        "opening_hours": "Mo-Su 05:25-01:00",
        "operator": "ГУП «Московский метрополитен»",
        "outdoor_seating": "no",
        "public_transport": "station",
        "railway": "station",
        "start_date": "1991-03-01",
        "station": "subway",
        "subway": "yes",
        "website": "http://mosmetro.ru",
        "wikidata": "Q1187161",
        "wikipedia": "ru:Тимирязевская (станция метро)"
      },
      "geometry": {
        "type": "Point",
        "coordinates": [
          37.5763885,
          55.8171256
        ]
      },
      "id": "node/296956167"
    },
    {
      "type": "Feature",
      "properties": {
        "@id": "node/296956168",
        "colour": "#a0a2a3",
        "depth": "59",
        "internet_access": "wlan",
        "layer": "-4",
        "loc_name": "Дмитровка",
        "name": "Дмитровская",
        "name:be": "Дзмітраўская",
        "name:en": "Dmitrovskaya",
        "name:ru": "Дмитровская",
        "name:uk": "Дмитрівська",
        "network": "Московский метрополитен",
        "opening_hours": "Mo-Su 05:30-01:00",
        "operator": "ГУП «Московский метрополитен»",
        "outdoor_seating": "no",
        "public_transport": "station",
        "railway": "station",
        "start_date": "1991-03-01",
        "station": "subway",
        "subway": "yes",
        "website": "http://mosmetro.ru",
        "wikidata": "Q1316425"
      },
      "geometry": {
        "type": "Point",
        "coordinates": [
          37.5819074,
          55.8065606
        ]
      },
      "id": "node/296956168"
    },
    {
      "type": "Feature",
      "properties": {
        "@id": "node/296956169",
        "colour": "#a0a2a3",
        "depth": "52",
        "internet_access": "wlan",
        "layer": "-4",
        "loc_name": "Савёла",
        "name": "Савёловская",
        "name:be": "Савёлаўская",
        "name:en": "Savyolovskaya",
        "name:ru": "Савёловская",
        "name:uk": "Савелівська",
        "network": "Московский метрополитен",
        "opening_hours": "Mo-Su 05:30-01:00",
        "operator": "ГУП «Московский метрополитен»",
        "outdoor_seating": "no",
        "public_transport": "station",
        "railway": "station",
        "start_date": "1988-12-31",
        "station": "subway",
        "subway": "yes",
        "website": "http://mosmetro.ru",
        "wikidata": "Q1316293"
      },
      "geometry": {
        "type": "Point",
        "coordinates": [
          37.5888159,
          55.7924879
        ]
      },
      "id": "node/296956169"
    },
    {
      "type": "Feature",
      "properties": {
        "@id": "node/296956170",
        "colour": "#a0a2a3",
        "depth": "48.5",
        "internet_access": "wlan",
        "layer": "-4",
        "loc_name": "Менделеевка",
        "name": "Менделеевская",
        "name:be": "Мендзялееўская",
        "name:en": "Mendeleyevskaya",
        "name:ml": "മെൻഡലിയേവ്സ്കായ",
        "name:ru": "Менделеевская",
        "name:uk": "Меделєєвська",
        "network": "Московский метрополитен",
        "opening_hours": "Mo-Su 05:30-01:00",
        "operator": "ГУП «Московский метрополитен»",
        "outdoor_seating": "no",
        "public_transport": "station",
        "railway": "station",
        "start_date": "1988-12-31",
        "station": "subway",
        "subway": "yes",
        "website": "http://mosmetro.ru",
        "wheelchair": "no",
        "wikidata": "Q302147"
      },
      "geometry": {
        "type": "Point",
        "coordinates": [
          37.601981,
          55.7809613
        ]
      },
      "id": "node/296956170"
    },
    {
      "type": "Feature",
      "properties": {
        "@id": "node/296957238",
        "colour": "#a0a2a3",
        "depth": "9",
        "internet_access": "wlan",
        "layer": "-2",
        "name": "Алтуфьево",
        "name:be": "Алтуф'ева",
        "name:en": "Altufyevo",
        "name:ru": "Алтуфьево",
        "name:uk": "Алтуф’єво",
        "network": "Московский метрополитен",
        "opening_hours": "Mo-Su 05:30-01:00",
        "operator": "ГУП «Московский метрополитен»",
        "outdoor_seating": "no",
        "public_transport": "station",
        "railway": "station",
        "start_date": "1994-07-15",
        "station": "subway",
        "subway": "yes",
        "website": "http://mosmetro.ru",
        "wikidata": "Q932858",
        "wikimedia_commons": "Category:Altufyevo",
        "wikipedia": "ru:Алтуфьево (станция метро)"
      },
      "geometry": {
        "type": "Point",
        "coordinates": [
          37.5873584,
          55.8979224
        ]
      },
      "id": "node/296957238"
    },
    {
      "type": "Feature",
      "properties": {
        "@id": "node/296957239",
        "colour": "#a0a2a3",
        "depth": "9.5",
        "internet_access": "wlan",
        "layer": "-2",
        "name": "Бибирево",
        "name:be": "Бібірава",
        "name:en": "Bibirevo",
        "name:ru": "Бибирево",
        "name:uk": "Бібірево",
        "network": "Московский метрополитен",
        "opening_hours": "Mo-Su 05:30-01:00",
        "operator": "ГУП «Московский метрополитен»",
        "outdoor_seating": "no",
        "public_transport": "station",
        "railway": "station",
        "start_date": "1992-12-31",
        "station": "subway",
        "subway": "yes",
        "website": "http://mosmetro.ru",
        "wikidata": "Q1187471",
        "wikimedia_commons": "Category:Bibirevo_(Moscow_Metro)",
        "wikipedia": "ru:Бибирево (станция метро)"
      },
      "geometry": {
        "type": "Point",
        "coordinates": [
          37.6035539,
          55.8838707
        ]
      },
      "id": "node/296957239"
    },
    {
      "type": "Feature",
      "properties": {
        "@id": "node/296957241",
        "alt_name:uk": "Отрадне",
        "colour": "#a0a2a3",
        "depth": "9",
        "internet_access": "wlan",
        "layer": "-2",
        "name": "Отрадное",
        "name:be": "Атраднае",
        "name:en": "Otradnoye",
        "name:ru": "Отрадное",
        "name:uk": "Відрадне",
        "network": "Московский метрополитен",
        "opening_hours": "Mo-Su 05:30-01:00",
        "operator": "ГУП «Московский метрополитен»",
        "outdoor_seating": "no",
        "public_transport": "station",
        "railway": "station",
        "start_date": "1991-03-01",
        "station": "subway",
        "subway": "yes",
        "website": "http://mosmetro.ru",
        "wikidata": "Q669787"
      },
      "geometry": {
        "type": "Point",
        "coordinates": [
          37.6046508,
          55.8631775
        ]
      },
      "id": "node/296957241"
    },
    {
      "type": "Feature",
      "properties": {
        "@id": "node/296959502",
        "colour": "violet",
        "depth": "6",
        "internet_access": "wlan",
        "layer": "-2",
        "loc_name": "Планерка;Плашка",
        "name": "Планерная",
        "name:be": "Планерная",
        "name:en": "Planernaya",
        "name:ml": "പ്ലാനേർനായ",
        "name:ru": "Планерная",
        "name:uk": "Планерна",
        "network": "Московский метрополитен",
        "opening_hours": "Mo-Su 05:30-01:00",
        "operator": "ГУП «Московский метрополитен»",
        "outdoor_seating": "no",
        "public_transport": "station",
        "railway": "station",
        "start_date": "1975-12-30",
        "station": "subway",
        "subway": "yes",
        "website": "http://mosmetro.ru",
        "wheelchair": "no",
        "wikidata": "Q2549402",
        "wikimedia_commons": "File:Planernaya-mm.jpg",
        "wikipedia": "ru:Планерная (станция метро)"
      },
      "geometry": {
        "type": "Point",
        "coordinates": [
          37.4365264,
          55.8606544
        ]
      },
      "id": "node/296959502"
    },
    {
      "type": "Feature",
      "properties": {
        "@id": "node/296959504",
        "colour": "violet",
        "depth": "10.5",
        "internet_access": "wlan",
        "layer": "-3",
        "name": "Тушинская",
        "name:be": "Тушынская",
        "name:en": "Tushinskaya",
        "name:ml": "ടുഷിൻസ്കായ",
        "name:ru": "Тушинская",
        "name:uk": "Тушинська",
        "network": "Московский метрополитен",
        "opening_hours": "Mo-Su 05:30-01:00",
        "operator": "ГУП «Московский метрополитен»",
        "outdoor_seating": "no",
        "public_transport": "station",
        "railway": "station",
        "start_date": "1975-12-30",
        "station": "subway",
        "subway": "yes",
        "website": "http://mosmetro.ru",
        "wheelchair": "no",
        "wikidata": "Q784024",
        "wikipedia": "ru:Тушинская (станция метро)"
      },
      "geometry": {
        "type": "Point",
        "coordinates": [
          37.4369761,
          55.8265293
        ]
      },
      "id": "node/296959504"
    },
    {
      "type": "Feature",
      "properties": {
        "@id": "node/296959505",
        "alt_name:en": "Schukinskaya",
        "colour": "violet",
        "depth": "13",
        "internet_access": "wlan",
        "layer": "-2",
        "loc_name": "Щука",
        "name": "Щукинская",
        "name:be": "Шчукінская",
        "name:cs": "Ščukinskaja",
        "name:en": "Shchukinskaya",
        "name:it": "Ščukinskaja",
        "name:ml": "ഷ്ചുകിൻസ്കായ",
        "name:pl": "Szczukinskaja",
        "name:pt": "Estação Shchiukinskaia",
        "name:ru": "Щукинская",
        "name:uk": "Щукінська",
        "network": "Московский метрополитен",
        "opening_hours": "Mo-Su 05:30-01:00",
        "operator": "ГУП «Московский метрополитен»",
        "outdoor_seating": "no",
        "public_transport": "station",
        "railway": "station",
        "start_date": "1975-12-30",
        "station": "subway",
        "subway": "yes",
        "website": "http://mosmetro.ru",
        "wikidata": "Q2548953",
        "wikipedia": "ru:Щукинская (станция метро)"
      },
      "geometry": {
        "type": "Point",
        "coordinates": [
          37.4647008,
          55.8084608
        ]
      },
      "id": "node/296959505"
    },
    {
      "type": "Feature",
      "properties": {
        "@id": "node/296959507",
        "colour": "violet",
        "depth": "10",
        "internet_access": "wlan",
        "layer": "-2",
        "name": "Полежаевская",
        "name:be": "Палежаеўская",
        "name:en": "Polezhayevskaya",
        "name:ml": "പൊലെജായേവ്സ്കായ",
        "name:ru": "Полежаевская",
        "name:uk": "Полежаєвська",
        "network": "Московский метрополитен",
        "opening_hours": "Mo-Su 05:30-01:00",
        "operator": "ГУП «Московский метрополитен»",
        "outdoor_seating": "no",
        "public_transport": "station",
        "railway": "station",
        "start_date": "1972-12-30",
        "station": "subway",
        "subway": "yes",
        "website": "http://mosmetro.ru",
        "wikidata": "Q2549030",
        "wikipedia": "ru:Полежаевская"
      },
      "geometry": {
        "type": "Point",
        "coordinates": [
          37.5192899,
          55.7775087
        ]
      },
      "id": "node/296959507"
    },
    {
      "type": "Feature",
      "properties": {
        "@id": "node/296959508",
        "colour": "violet",
        "depth": "9",
        "internet_access": "wlan",
        "layer": "-2",
        "name": "Беговая",
        "name:be": "Бегавая",
        "name:en": "Begovaya",
        "name:ml": "ബെഗോവായ",
        "name:ru": "Беговая",
        "name:uk": "Бігова",
        "network": "Московский метрополитен",
        "opening_hours": "Mo-Su 05:30-01:00",
        "operator": "ГУП «Московский метрополитен»",
        "outdoor_seating": "no",
        "public_transport": "station",
        "railway": "station",
        "start_date": "1972-12-30",
        "station": "subway",
        "subway": "yes",
        "website": "http://mosmetro.ru",
        "wheelchair": "no",
        "wikidata": "Q2549465"
      },
      "geometry": {
        "type": "Point",
        "coordinates": [
          37.5466565,
          55.7737161
        ]
      },
      "id": "node/296959508"
    },
    {
      "type": "Feature",
      "properties": {
        "@id": "node/296959509",
        "colour": "violet",
        "depth": "11",
        "internet_access": "wlan",
        "layer": "-2",
        "loc_name": "905;905 года;Улица 905 года",
        "name": "Улица 1905 года",
        "name:be": "Вуліца 1905 года",
        "name:en": "Ulitsa 1905 Goda",
        "name:ml": "1905 തെരുവ്",
        "name:ru": "Улица 1905 года",
        "name:uk": "Вулиця 1905 року",
        "network": "Московский метрополитен",
        "opening_hours": "Mo-Su 05:30-01:00",
        "operator": "ГУП «Московский метрополитен»",
        "outdoor_seating": "no",
        "public_transport": "station",
        "railway": "station",
        "start_date": "1972-12-30",
        "station": "subway",
        "subway": "yes",
        "website": "http://mosmetro.ru",
        "wikidata": "Q2721708",
        "wikipedia": "ru:Улица 1905 года (станция метро)"
      },
      "geometry": {
        "type": "Point",
        "coordinates": [
          37.5613413,
          55.7648611
        ]
      },
      "id": "node/296959509"
    },
    {
      "type": "Feature",
      "properties": {
        "@id": "node/296959510",
        "colour": "violet",
        "depth": "30",
        "internet_access": "wlan",
        "layer": "-4",
        "name": "Баррикадная",
        "name:be": "Барыкадная",
        "name:en": "Barrikadnaya",
        "name:ml": "ബാരിക്കാഡ്നായ",
        "name:ru": "Баррикадная",
        "name:uk": "Барикадна",
        "network": "Московский метрополитен",
        "opening_hours": "Mo-Su 05:30-01:00",
        "operator": "ГУП «Московский метрополитен»",
        "outdoor_seating": "no",
        "public_transport": "station",
        "railway": "station",
        "start_date": "1972-12-30",
        "station": "subway",
        "subway": "yes",
        "website": "http://mosmetro.ru",
        "wikidata": "Q2721994",
        "wikipedia": "ru:Баррикадная (станция метро)"
      },
      "geometry": {
        "type": "Point",
        "coordinates": [
          37.5793093,
          55.7611309
        ]
      },
      "id": "node/296959510"
    },
    {
      "type": "Feature",
      "properties": {
        "@id": "node/297148038",
        "colour": "brown",
        "depth": "37",
        "internet_access": "wlan",
        "layer": "-4",
        "name": "Комсомольская",
        "name:be": "Камсамольская",
        "name:en": "Komsomolskaya",
        "name:ml": "കോംസമോൽസ്കായ",
        "name:ru": "Комсомольская",
        "name:uk": "Комсомольська",
        "network": "Московский метрополитен",
        "opening_hours": "Mo-Su 05:30-01:00",
        "operator": "ГУП «Московский метрополитен»",
        "outdoor_seating": "no",
        "public_transport": "station",
        "railway": "station",
        "start_date": "1952-01-30",
        "station": "subway",
        "subway": "yes",
        "website": "http://mosmetro.ru",
        "wikidata": "Q1200275",
        "wikipedia": "ru:Комсомольская (станция метро, Кольцевая линия)"
      },
      "geometry": {
        "type": "Point",
        "coordinates": [
          37.6544906,
          55.7745807
        ]
      },
      "id": "node/297148038"
    },
    {
      "type": "Feature",
      "properties": {
        "@id": "node/297148175",
        "name": "Курская",
        "public_transport": "stop_position",
        "railway": "stop",
        "subway": "yes"
      },
      "geometry": {
        "type": "Point",
        "coordinates": [
          37.659173,
          55.7572646
        ]
      },
      "id": "node/297148175"
    },
    {
      "type": "Feature",
      "properties": {
        "@id": "node/297291268",
        "alt_name:uk": "Владикіне",
        "colour": "#a0a2a3",
        "depth": "10.5",
        "internet_access": "wlan",
        "layer": "-2",
        "name": "Владыкино",
        "name:be": "Уладыкіна",
        "name:en": "Vladykino",
        "name:ru": "Владыкино",
        "name:uk": "Владикіно",
        "network": "Московский метрополитен",
        "opening_hours": "Mo-Su 05:20-01:00",
        "operator": "ГУП «Московский метрополитен»",
        "outdoor_seating": "no",
        "public_transport": "station",
        "railway": "station",
        "start_date": "1991-03-01",
        "station": "subway",
        "subway": "yes",
        "website": "http://mosmetro.ru",
        "wheelchair": "no",
        "wikidata": "Q1187460"
      },
      "geometry": {
        "type": "Point",
        "coordinates": [
          37.5899119,
          55.8471808
        ]
      },
      "id": "node/297291268"
    },
    {
      "type": "Feature",
      "properties": {
        "@id": "node/297335182",
        "colour": "red",
        "depth": "-10",
        "internet_access": "wlan",
        "layer": "1",
        "name": "Воробьёвы горы",
        "name:be": "Вераб'ёвы Горы",
        "name:da": "Spurvebakkerne",
        "name:de": "Sperlingsberge",
        "name:en": "Vorobyovy Gory",
        "name:et": "Varblasemäed",
        "name:hu": "Veréb-hegy",
        "name:ml": "വോറോബിയോവി ഗോറി",
        "name:no": "Spurvehøyden",
        "name:ru": "Воробьёвы горы",
        "name:sv": "Sparvbergen",
        "name:uk": "Воробйові гори",
        "network": "Московский метрополитен",
        "opening_hours": "Mo-Su 05:30-01:00",
        "operator": "ГУП «Московский метрополитен»",
        "outdoor_seating": "no",
        "public_transport": "station",
        "railway": "station",
        "start_date": "1959-01-12",
        "station": "subway",
        "subway": "yes",
        "website": "http://mosmetro.ru",
        "wikidata": "Q1200768",
        "wikipedia": "ru:Воробьёвы горы (станция метро)"
      },
      "geometry": {
        "type": "Point",
        "coordinates": [
          37.559289,
          55.7103322
        ]
      },
      "id": "node/297335182"
    },
    {
      "type": "Feature",
      "properties": {
        "@id": "node/297366493",
        "colour": "brown",
        "depth": "40",
        "internet_access": "wlan",
        "layer": "-4",
        "name": "Новослободская",
        "name:be": "Новаслабодская",
        "name:en": "Novoslobodskaya",
        "name:ml": "നോവോസ്‌ലോബോഡ്സ്കായ",
        "name:ru": "Новослободская",
        "name:uk": "Новослобідська",
        "network": "Московский метрополитен",
        "opening_hours": "Mo-Su 05:30-01:00",
        "operator": "ГУП «Московский метрополитен»",
        "outdoor_seating": "no",
        "public_transport": "station",
        "railway": "station",
        "start_date": "1952-01-30",
        "station": "subway",
        "subway": "yes",
        "website": "http://mosmetro.ru",
        "wikidata": "Q1200389"
      },
      "geometry": {
        "type": "Point",
        "coordinates": [
          37.6034748,
          55.7798525
        ]
      },
      "id": "node/297366493"
    },
    {
      "type": "Feature",
      "properties": {
        "@id": "node/297773322",
        "colour": "#b4d445",
        "depth": "47",
        "internet_access": "wlan",
        "layer": "-4",
        "name": "Крестьянская Застава",
        "name:be": "Сялянская Застава",
        "name:cs": "Kresťanskaja Zastava",
        "name:en": "Krestyanskaya Zastava",
        "name:it": "Krest'janskaja Zastava",
        "name:ml": "ക്രെസ്റ്റ്യാൻസ്കായ സസ്‌റ്റാവ",
        "name:pl": "Krestjanskaja zastawa",
        "name:pt": "Estação Krestianskaia Zastava",
        "name:ru": "Крестьянская Застава",
        "name:uk": "Селянська застава",
        "network": "Московский метрополитен",
        "opening_hours": "Mo-Su 05:30-01:00",
        "operator": "ГУП «Московский метрополитен»",
        "outdoor_seating": "no",
        "public_transport": "station",
        "railway": "station",
        "start_date": "1995-12-28",
        "station": "subway",
        "subway": "yes",
        "website": "http://mosmetro.ru",
        "wikidata": "Q2551037",
        "wikipedia": "ru:Крестьянская застава (станция метро)"
      },
      "geometry": {
        "type": "Point",
        "coordinates": [
          37.6674776,
          55.7331695
        ]
      },
      "id": "node/297773322"
    },
    {
      "type": "Feature",
      "properties": {
        "@id": "node/300120212",
        "colour": "green",
        "depth": "9",
        "internet_access": "wlan",
        "layer": "-2",
        "name": "Красногвардейская",
        "name:be": "Чырвонагвардзейская",
        "name:en": "Krasnogvardeyskaya",
        "name:ml": "ക്രാസ്നോഗ്വാർഡെസ്കായ",
        "name:ru": "Красногвардейская",
        "name:uk": "Червоногвардійська",
        "network": "Московский метрополитен",
        "opening_hours": "Mo-Su 05:30-01:00",
        "operator": "ГУП «Московский метрополитен»",
        "outdoor_seating": "no",
        "public_transport": "station",
        "railway": "station",
        "start_date": "1985-09-07",
        "station": "subway",
        "subway": "yes",
        "website": "http://mosmetro.ru",
        "wheelchair": "no",
        "wikidata": "Q2721503"
      },
      "geometry": {
        "type": "Point",
        "coordinates": [
          37.7444351,
          55.613694
        ]
      },
      "id": "node/300120212"
    },
    {
      "type": "Feature",
      "properties": {
        "@id": "node/305486163",
        "colour": "green",
        "depth": "9.5",
        "internet_access": "wlan",
        "layer": "-2",
        "name": "Домодедовская",
        "name:be": "Дамадзедаўская",
        "name:en": "Domodedovskaya",
        "name:ml": "ഡോമദേദോവ്സ്കായ",
        "name:ru": "Домодедовская",
        "name:uk": "Домодєдовська",
        "network": "Московский метрополитен",
        "opening_hours": "Mo-Su 05:30-01:00",
        "operator": "ГУП «Московский метрополитен»",
        "outdoor_seating": "no",
        "public_transport": "station",
        "railway": "station",
        "start_date": "1985-09-07",
        "station": "subway",
        "subway": "yes",
        "website": "http://mosmetro.ru",
        "wheelchair": "no",
        "wikidata": "Q2547848"
      },
      "geometry": {
        "type": "Point",
        "coordinates": [
          37.7187413,
          55.6108547
        ]
      },
      "id": "node/305486163"
    },
    {
      "type": "Feature",
      "properties": {
        "@id": "node/308993125",
        "alt_name:en": "Orehovo",
        "colour": "green",
        "depth": "9",
        "internet_access": "wlan",
        "layer": "-2",
        "name": "Орехово",
        "name:be": "Арэхава",
        "name:en": "Orekhovo",
        "name:ml": "ഒരേഖോവോ",
        "name:ru": "Орехово",
        "name:uk": "Оріхове",
        "network": "Московский метрополитен",
        "opening_hours": "Mo-Su 05:30-01:00",
        "operator": "ГУП «Московский метрополитен»",
        "outdoor_seating": "no",
        "public_transport": "station",
        "railway": "station",
        "start_date": "1984-12-30",
        "station": "subway",
        "subway": "yes",
        "website": "http://mosmetro.ru",
        "wikidata": "Q2547444"
      },
      "geometry": {
        "type": "Point",
        "coordinates": [
          37.6949724,
          55.6131433
        ]
      },
      "id": "node/308993125"
    },
    {
      "type": "Feature",
      "properties": {
        "@id": "node/308993196",
        "colour": "green",
        "depth": "8",
        "internet_access": "wlan",
        "layer": "-2",
        "name": "Царицыно",
        "name:be": "Царыцына",
        "name:cs": "Caricyno",
        "name:en": "Tsaritsyno",
        "name:it": "Caricyno",
        "name:ml": "ത്സാരിത്സിനോ",
        "name:pl": "Caricyno",
        "name:pt": "Estação Tsaritsyno",
        "name:ru": "Царицыно",
        "name:sv": "Tsaritsino",
        "name:uk": "Царицино",
        "network": "Московский метрополитен",
        "opening_hours": "Mo-Su 05:30-01:00",
        "operator": "ГУП «Московский метрополитен»",
        "outdoor_seating": "no",
        "public_transport": "station",
        "railway": "station",
        "start_date": "1984-12-30",
        "station": "subway",
        "subway": "yes",
        "website": "http://mosmetro.ru",
        "wikidata": "Q2721285",
        "wikipedia": "ru:Царицыно (станция метро)"
      },
      "geometry": {
        "type": "Point",
        "coordinates": [
          37.669238,
          55.6214814
        ]
      },
      "id": "node/308993196"
    },
    {
      "type": "Feature",
      "properties": {
        "@id": "node/308993566",
        "colour": "green",
        "depth": "8",
        "internet_access": "wlan",
        "layer": "-2",
        "name": "Кантемировская",
        "name:be": "Канцеміраўская",
        "name:en": "Kantemirovskaya",
        "name:ml": "കാൻ്റെമിറോവ്സ്കായ",
        "name:ru": "Кантемировская",
        "name:uk": "Кантемирівська",
        "network": "Московский метрополитен",
        "opening_hours": "Mo-Su 05:30-01:00",
        "operator": "ГУП «Московский метрополитен»",
        "outdoor_seating": "no",
        "public_transport": "station",
        "railway": "station",
        "start_date": "1984-12-30",
        "station": "subway",
        "subway": "yes",
        "website": "http://mosmetro.ru",
        "wikidata": "Q2371246"
      },
      "geometry": {
        "type": "Point",
        "coordinates": [
          37.6565408,
          55.6357353
        ]
      },
      "id": "node/308993566"
    },
    {
      "type": "Feature",
      "properties": {
        "@id": "node/309741697",
        "colour": "#a0a2a3",
        "depth": "10",
        "internet_access": "wlan",
        "layer": "-2",
        "name": "Бульвар Дмитрия Донского",
        "name:be": "Бульвар Дзмітрыя Данскога",
        "name:en": "Bulvar Dmitriya Donskogo",
        "name:ml": "ബുൾവാർ ഡിമിട്രിയ ഡോൺസ്കോഗോ",
        "name:ru": "Бульвар Дмитрия Донского",
        "name:uk": "Бульвар Дмитра Донського",
        "network": "Московский метрополитен",
        "opening_hours": "Mo-Su 05:30-01:00",
        "operator": "ГУП «Московский метрополитен»",
        "outdoor_seating": "no",
        "public_transport": "station",
        "railway": "station",
        "start_date": "2002-12-26",
        "station": "subway",
        "subway": "yes",
        "website": "http://mosmetro.ru",
        "wikidata": "Q1187596"
      },
      "geometry": {
        "type": "Point",
        "coordinates": [
          37.5768693,
          55.5692452
        ]
      },
      "id": "node/309741697"
    },
    {
      "type": "Feature",
      "properties": {
        "@id": "node/309741829",
        "colour": "#bac8e8",
        "depth": "10",
        "internet_access": "wlan",
        "layer": "-2",
        "name": "Улица Старокачаловская",
        "name:be": "Вуліца Старакачалаўская",
        "name:en": "Ulitsa Starokachalovskaya",
        "name:ru": "Улица Старокачаловская",
        "name:uk": "Вулиця Старокачалівська",
        "network": "Московский метрополитен",
        "opening_hours": "Mo-Su 05:30-01:00",
        "operator": "ГУП «Московский метрополитен»",
        "outdoor_seating": "no",
        "public_transport": "station",
        "railway": "station",
        "start_date": "2003-12-27",
        "station": "subway",
        "subway": "yes",
        "website": "http://mosmetro.ru",
        "wikidata": "Q2369677"
      },
      "geometry": {
        "type": "Point",
        "coordinates": [
          37.5766521,
          55.5689553
        ]
      },
      "id": "node/309741829"
    },
    {
      "type": "Feature",
      "properties": {
        "@id": "node/309744779",
        "colour": "brown",
        "depth": "35.5",
        "internet_access": "wlan",
        "layer": "-4",
        "name": "Краснопресненская",
        "name:be": "Чырвонапрэсненская",
        "name:en": "Krasnopresnenskaya",
        "name:ml": "ക്രാസ്നോപ്രെസ്നെൻസ്കായ",
        "name:ru": "Краснопресненская",
        "name:uk": "Червонопресненська",
        "network": "Московский метрополитен",
        "opening_hours": "Mo-Su 05:30-01:00",
        "operator": "ГУП «Московский метрополитен»",
        "outdoor_seating": "no",
        "public_transport": "station",
        "railway": "station",
        "start_date": "1954-03-14",
        "station": "subway",
        "subway": "yes",
        "website": "http://mosmetro.ru",
        "wikidata": "Q645097",
        "wikipedia": "ru:Краснопресненская (станция метро)"
      },
      "geometry": {
        "type": "Point",
        "coordinates": [
          37.577329,
          55.761185
        ]
      },
      "id": "node/309744779"
    },
    {
      "type": "Feature",
      "properties": {
        "@id": "node/309745114",
        "colour": "brown",
        "depth": "48",
        "internet_access": "wlan",
        "layer": "-4",
        "loc_name": "Кивуха",
        "name": "Киевская",
        "name:be": "Кіеўская",
        "name:en": "Kiyevskaya",
        "name:ml": "കിയെവ്സ്കായ",
        "name:ru": "Киевская",
        "name:uk": "Київська",
        "network": "Московский метрополитен",
        "opening_hours": "Mo-Su 05:30-01:00",
        "operator": "ГУП «Московский метрополитен»",
        "outdoor_seating": "no",
        "public_transport": "station",
        "railway": "station",
        "start_date": "1954-03-14",
        "station": "subway",
        "subway": "yes",
        "website": "http://mosmetro.ru",
        "wheelchair": "no"
      },
      "geometry": {
        "type": "Point",
        "coordinates": [
          37.565506,
          55.7447266
        ]
      },
      "id": "node/309745114"
    },
    {
      "type": "Feature",
      "properties": {
        "@id": "node/309748905",
        "colour": "violet",
        "depth": "9",
        "internet_access": "wlan",
        "layer": "-2",
        "name": "Октябрьское Поле",
        "name:be": "Кастрычніцкае поле",
        "name:en": "Oktyabrskoye Pole",
        "name:ml": "ഒക്ത്യാബർസ്കോയെ പൊലെ",
        "name:ru": "Октябрьское Поле",
        "name:uk": "Жовтневе поле",
        "network": "Московский метрополитен",
        "opening_hours": "Mo-Su 05:30-01:00",
        "operator": "ГУП «Московский метрополитен»",
        "outdoor_seating": "no",
        "public_transport": "station",
        "railway": "station",
        "start_date": "1972-12-30",
        "station": "subway",
        "subway": "yes",
        "website": "http://mosmetro.ru",
        "wikidata": "Q2549456",
        "wikipedia": "ru:Октябрьское Поле (станция метро)"
      },
      "geometry": {
        "type": "Point",
        "coordinates": [
          37.4938123,
          55.7933663
        ]
      },
      "id": "node/309748905"
    },
    {
      "type": "Feature",
      "properties": {
        "@id": "node/309750154",
        "colour": "violet",
        "depth": "6",
        "internet_access": "wlan",
        "layer": "-2",
        "loc_name": "Сходня",
        "name": "Сходненская",
        "name:be": "Сходненская",
        "name:en": "Skhodnenskaya",
        "name:ml": "സ്ഖോഡെൻസ്കായ",
        "name:ru": "Сходненская",
        "name:uk": "Сходненська",
        "network": "Московский метрополитен",
        "opening_hours": "Mo-Su 05:30-01:00",
        "operator": "ГУП «Московский метрополитен»",
        "outdoor_seating": "no",
        "public_transport": "station",
        "railway": "station",
        "start_date": "1975-12-30",
        "station": "subway",
        "subway": "yes",
        "website": "http://mosmetro.ru",
        "wheelchair": "no",
        "wikidata": "Q2549426",
        "wikimedia_commons": "File:Skhodnenskaya station.jpg",
        "wikipedia": "ru:Сходненская (станция метро)"
      },
      "geometry": {
        "type": "Point",
        "coordinates": [
          37.4397738,
          55.8504805
        ]
      },
      "id": "node/309750154"
    },
    {
      "type": "Feature",
      "properties": {
        "@id": "node/309752486",
        "colour": "red",
        "depth": "8",
        "internet_access": "wlan",
        "layer": "-4",
        "name": "Юго-Западная",
        "name:be": "Паўднёва-Заходняя",
        "name:cs": "Jugo-Zapadnaja",
        "name:en": "Yugo-Zapadnaya",
        "name:fr": "Iougo-Zapadnaïa",
        "name:it": "Jugo-Zapadnaja",
        "name:ko": "유고 자파드나야 역",
        "name:pl": "Jugo-Zapadnaja",
        "name:pt": "Estação Iugo-Zapadnaia",
        "name:ru": "Юго-Западная",
        "name:sv": "Jugo-Zapadnaja",
        "name:uk": "Південно-Західна",
        "network": "Московский метрополитен",
        "opening_hours": "Mo-Su 05:30-01:00",
        "operator": "ГУП «Московский метрополитен»",
        "outdoor_seating": "no",
        "public_transport": "station",
        "railway": "station",
        "start_date": "1963-12-30",
        "station": "subway",
        "subway": "yes",
        "website": "http://mosmetro.ru",
        "wikidata": "Q1341272",
        "wikipedia": "ru:Юго-Западная (станция метро, Москва)"
      },
      "geometry": {
        "type": "Point",
        "coordinates": [
          37.4832189,
          55.6636469
        ]
      },
      "id": "node/309752486"
    },
    {
      "type": "Feature",
      "properties": {
        "@id": "node/309752494",
        "colour": "red",
        "depth": "26.5",
        "internet_access": "wlan",
        "layer": "-4",
        "name": "Университет",
        "name:be": "Універсітэт",
        "name:en": "Universitet",
        "name:ml": "യൂണിവേഴ്സിറ്റി",
        "name:ru": "Университет",
        "name:uk": "Університет",
        "network": "Московский метрополитен",
        "opening_hours": "Mo-Su 05:30-01:00",
        "operator": "ГУП «Московский метрополитен»",
        "outdoor_seating": "no",
        "public_transport": "station",
        "railway": "station",
        "start_date": "1959-01-12",
        "station": "subway",
        "subway": "yes",
        "website": "http://mosmetro.ru",
        "wikidata": "Q17130273",
        "wikipedia": "ru:Университет (станция метро)"
      },
      "geometry": {
        "type": "Point",
        "coordinates": [
          37.5332847,
          55.6926632
        ]
      },
      "id": "node/309752494"
    },
    {
      "type": "Feature",
      "properties": {
        "@id": "node/312814742",
        "name": "Петровско-Разумовская",
        "public_transport": "stop_position",
        "railway": "stop",
        "subway": "yes"
      },
      "geometry": {
        "type": "Point",
        "coordinates": [
          37.5742794,
          55.8350169
        ]
      },
      "id": "node/312814742"
    },
    {
      "type": "Feature",
      "properties": {
        "@id": "node/312816773",
        "colour": "#a0a2a3",
        "departures_board": "realtime",
        "departures_board:speech_output": "no",
        "depth": "36.5",
        "internet_access": "wlan",
        "layer": "-4",
        "name": "Полянка",
        "name:be": "Палянка",
        "name:en": "Polyanka",
        "name:ml": "പോളിയാങ്ക",
        "name:ru": "Полянка",
        "name:uk": "Полянка",
        "network": "Московский метрополитен",
        "opening_hours": "Mo-Su 05:30-01:00",
        "operator": "ГУП «Московский метрополитен»",
        "outdoor_seating": "no",
        "public_transport": "station",
        "railway": "station",
        "start_date": "1986-01-23",
        "station": "subway",
        "subway": "yes",
        "website": "http://mosmetro.ru",
        "wikidata": "Q280528",
        "wikipedia": "ru:Полянка (станция метро)"
      },
      "geometry": {
        "type": "Point",
        "coordinates": [
          37.6171996,
          55.7381678
        ]
      },
      "id": "node/312816773"
    },
    {
      "type": "Feature",
      "properties": {
        "@id": "node/314679443",
        "alt_name:en": "Kahovskaya",
        "colour": "#82C0C0",
        "depth": "8",
        "internet_access": "wlan",
        "layer": "-2",
        "name": "Каховская",
        "name:be": "Кахоўская",
        "name:en": "Kakhovskaya",
        "name:ml": "കഖോവ്സ്കായ",
        "name:ru": "Каховская",
        "name:uk": "Каховська",
        "network": "Московский метрополитен",
        "opening_hours": "Mo-Su 05:30-01:00",
        "operator": "ГУП «Московский метрополитен»",
        "outdoor_seating": "no",
        "public_transport": "station",
        "railway": "station",
        "start_date": "1969-08-11",
        "station": "subway",
        "subway": "yes",
        "website": "http://mosmetro.ru",
        "wheelchair": "yes",
        "wikidata": "Q2720409",
        "wikipedia": "ru:Каховская (станция метро)"
      },
      "geometry": {
        "type": "Point",
        "coordinates": [
          37.5984294,
          55.6529025
        ]
      },
      "id": "node/314679443"
    },
    {
      "type": "Feature",
      "properties": {
        "@id": "node/333159878",
        "colour": "#b4d445",
        "depth": "8",
        "internet_access": "wlan",
        "layer": "-2",
        "name": "Братиславская",
        "name:be": "Братыслаўская",
        "name:cs": "Bratislavskaja",
        "name:en": "Bratislavskaya",
        "name:it": "Bratislavskaja",
        "name:ml": "ബ്രാറ്റിസ്ലാവ്സ്കായ",
        "name:pl": "Bratisławskaja",
        "name:pt": "Estação Bratislavskaia",
        "name:ru": "Братиславская",
        "name:sk": "Bratislavskaja",
        "name:uk": "Братиславська",
        "network": "Московский метрополитен",
        "opening_hours": "Mo-Su 05:30-01:00",
        "operator": "ГУП «Московский метрополитен»",
        "outdoor_seating": "no",
        "public_transport": "station",
        "railway": "station",
        "start_date": "1996-12-25",
        "station": "subway",
        "subway": "yes",
        "website": "http://mosmetro.ru",
        "wikidata": "Q2605871",
        "wikipedia": "ru:Братиславская (станция метро, Москва)"
      },
      "geometry": {
        "type": "Point",
        "coordinates": [
          37.7506688,
          55.659739
        ]
      },
      "id": "node/333159878"
    },
    {
      "type": "Feature",
      "properties": {
        "@id": "node/349930322",
        "colour": "red",
        "depth": "8",
        "internet_access": "wlan",
        "layer": "-4",
        "name": "Проспект Вернадского",
        "name:be": "Праспект Вярнацкага",
        "name:en": "Prospekt Vernadskogo",
        "name:ru": "Проспект Вернадского",
        "name:uk": "Проспект Вернадського",
        "network": "Московский метрополитен",
        "opening_hours": "Mo-Su 05:30-01:00",
        "operator": "ГУП «Московский метрополитен»",
        "outdoor_seating": "no",
        "public_transport": "station",
        "railway": "station",
        "start_date": "1963-12-30",
        "station": "subway",
        "subway": "yes",
        "website": "http://mosmetro.ru",
        "wheelchair": "no",
        "wikidata": "Q1363877"
      },
      "geometry": {
        "type": "Point",
        "coordinates": [
          37.5060642,
          55.6772263
        ]
      },
      "id": "node/349930322"
    },
    {
      "type": "Feature",
      "properties": {
        "@id": "node/362156015",
        "colour": "violet",
        "depth": "51",
        "internet_access": "wlan",
        "layer": "-4",
        "loc_name": "Пушка",
        "name": "Пушкинская",
        "name:be": "Пушкiнская",
        "name:de": "Puschkinskaja",
        "name:en": "Pushkinskaya",
        "name:ml": "പുഷ്കിൻസ്കായ",
        "name:ru": "Пушкинская",
        "name:uk": "Пушкінська",
        "network": "Московский метрополитен",
        "opening_hours": "Mo-Su 05:30-01:00",
        "operator": "ГУП «Московский метрополитен»",
        "outdoor_seating": "no",
        "public_transport": "station",
        "railway": "station",
        "start_date": "1975-12-17",
        "station": "subway",
        "subway": "yes",
        "website": "http://mosmetro.ru",
        "wikidata": "Q1627587"
      },
      "geometry": {
        "type": "Point",
        "coordinates": [
          37.6074165,
          55.7654281
        ]
      },
      "id": "node/362156015"
    },
    {
      "type": "Feature",
      "properties": {
        "@id": "node/493290713",
        "name": "Каширская",
        "public_transport": "stop_position",
        "railway": "stop",
        "subway": "yes"
      },
      "geometry": {
        "type": "Point",
        "coordinates": [
          37.6485303,
          55.6551316
        ]
      },
      "id": "node/493290713"
    },
    {
      "type": "Feature",
      "properties": {
        "@id": "node/493292529",
        "colour": "yellow",
        "depth": "46",
        "internet_access": "wlan",
        "layer": "-4",
        "loc_name": "Третьяковка",
        "name": "Третьяковская",
        "name:be": "Траццякоўская",
        "name:en": "Tretyakovskaya",
        "name:ru": "Третьяковская",
        "name:uk": "Третяковська",
        "network": "Московский метрополитен",
        "opening_hours": "Mo-Su 05:30-01:00",
        "operator": "ГУП «Московский метрополитен»",
        "outdoor_seating": "no",
        "public_transport": "station",
        "railway": "station",
        "start_date": "1986-01-25",
        "station": "subway",
        "subway": "yes",
        "website": "http://mosmetro.ru",
        "wikidata": "Q1734852",
        "wikipedia": "ru:Третьяковская (станция метро)"
      },
      "geometry": {
        "type": "Point",
        "coordinates": [
          37.6273084,
          55.7412838
        ]
      },
      "id": "node/493292529"
    },
    {
      "type": "Feature",
      "properties": {
        "@id": "node/493293874",
        "name": "Китай-город",
        "public_transport": "stop_position",
        "railway": "stop",
        "subway": "yes"
      },
      "geometry": {
        "type": "Point",
        "coordinates": [
          37.6334257,
          55.7556364
        ]
      },
      "id": "node/493293874"
    },
    {
      "type": "Feature",
      "properties": {
        "@id": "node/582860692",
        "name": "Коньково",
        "public_transport": "stop_position",
        "railway": "stop",
        "subway": "yes"
      },
      "geometry": {
        "type": "Point",
        "coordinates": [
          37.518881,
          55.6331677
        ]
      },
      "id": "node/582860692"
    },
    {
      "type": "Feature",
      "properties": {
        "@id": "node/596129530",
        "name": "Волоколамская",
        "public_transport": "stop_position",
        "railway": "stop",
        "subway": "yes"
      },
      "geometry": {
        "type": "Point",
        "coordinates": [
          37.3823333,
          55.8355451
        ]
      },
      "id": "node/596129530"
    },
    {
      "type": "Feature",
      "properties": {
        "@id": "node/596129560",
        "colour": "blue",
        "depth": "14",
        "internet_access": "wlan",
        "layer": "-2",
        "name": "Митино",
        "name:be": "Міціна",
        "name:en": "Mitino",
        "name:ml": "മിറ്റിനോ",
        "name:pl": "Mitino",
        "name:ru": "Митино",
        "name:uk": "Мітіно",
        "network": "Московский метрополитен",
        "opening_hours": "Mo-Su 05:30-01:00",
        "operator": "ГУП «Московский метрополитен»",
        "outdoor_seating": "no",
        "public_transport": "station",
        "railway": "station",
        "start_date": "2009-12-26",
        "station": "subway",
        "subway": "yes",
        "website": "http://mosmetro.ru",
        "wheelchair": "yes",
        "wikidata": "Q2346375",
        "wikipedia": "ru:Митино (станция метро)"
      },
      "geometry": {
        "type": "Point",
        "coordinates": [
          37.3622259,
          55.8457543
        ]
      },
      "id": "node/596129560"
    },
    {
      "type": "Feature",
      "properties": {
        "@id": "node/666528523",
        "colour": "#b4d445",
        "depth": "60",
        "internet_access": "wlan",
        "layer": "-4",
        "name": "Сретенский бульвар",
        "name:be": "Срэценскі бульвар",
        "name:cs": "Sretěnskij Bulvar",
        "name:en": "Sretensky Bulvar",
        "name:es": "Sretenski Bulvar",
        "name:it": "Sretenskij Bul'var",
        "name:ml": "സ്രെറ്റെൻസ്കി ബുൾവാർ",
        "name:pl": "Sretenskij Bulwar",
        "name:pt": "Estação Sretenskii Bulhvar",
        "name:ru": "Сретенский бульвар",
        "name:uk": "Сретенський бульвар",
        "network": "Московский метрополитен",
        "opening_hours": "Mo-Su 05:30-01:00",
        "operator": "ГУП «Московский метрополитен»",
        "outdoor_seating": "no",
        "public_transport": "station",
        "railway": "station",
        "start_date": "2007-12-29",
        "station": "subway",
        "subway": "yes",
        "website": "http://mosmetro.ru",
        "wikidata": "Q2721394",
        "wikipedia": "ru:Сретенский бульвар (станция метро)"
      },
      "geometry": {
        "type": "Point",
        "coordinates": [
          37.6400865,
          55.7669878
        ]
      },
      "id": "node/666528523"
    },
    {
      "type": "Feature",
      "properties": {
        "@id": "node/773136965",
        "alt_name:en": "Mariina Roscha",
        "colour": "#b4d445",
        "depth": "60",
        "internet_access": "wlan",
        "name": "Марьина Роща",
        "name:be": "Мар'іна Рошча",
        "name:bg": "Метростанция Марина Рошча",
        "name:en": "Maryina Roshcha",
        "name:et": "Marjina Roštša",
        "name:fr": "Marina Rochtcha",
        "name:it": "Mar'ina Rošča",
        "name:ml": "മാർയിന റോഷ്ച",
        "name:pt": "Estação Mariina Roshcha",
        "name:ru": "Марьина Роща",
        "name:sv": "Marina Rosjtja",
        "name:uk": "Мар’їа Роща",
        "network": "Московский метрополитен",
        "opening_hours": "Mo-Su 05:30-01:00",
        "operator": "ГУП «Московский метрополитен»",
        "outdoor_seating": "no",
        "public_transport": "station",
        "railway": "station",
        "start_date": "2010-06-19",
        "station": "subway",
        "subway": "yes",
        "website": "http://mosmetro.ru",
        "wheelchair": "no",
        "wikidata": "Q2427833",
        "wikipedia": "ru:Марьина роща (станция метро)"
      },
      "geometry": {
        "type": "Point",
        "coordinates": [
          37.6163058,
          55.7955236
        ]
      },
      "id": "node/773136965"
    },
    {
      "type": "Feature",
      "properties": {
        "@id": "node/773136972",
        "colour": "#b4d445",
        "depth": "60",
        "internet_access": "wlan",
        "layer": "-4",
        "name": "Достоевская",
        "name:be": "Дастаеўская",
        "name:bg": "Метростанция Достоевская",
        "name:de": "Dostojewskaja",
        "name:en": "Dostoyevskaya",
        "name:et": "Dostojevskaja",
        "name:fr": "Dostoïevskaïa",
        "name:it": "Dostoevskaja",
        "name:ml": "ദസ്തയേവ്സ്കായ",
        "name:pt": "Estação Dostoievskaia",
        "name:ru": "Достоевская",
        "name:sv": "Dostojevskaja",
        "name:uk": "Достоєвська",
        "network": "Московский метрополитен",
        "opening_hours": "Mo-Su 05:30-01:00",
        "operator": "ГУП «Московский метрополитен»",
        "outdoor_seating": "no",
        "public_transport": "station",
        "railway": "station",
        "start_date": "2010-06-19",
        "station": "subway",
        "subway": "yes",
        "website": "http://mosmetro.ru",
        "wikidata": "Q1251110",
        "wikipedia": "ru:Достоевская (станция метро, Люблинско-Дмитровская линия)"
      },
      "geometry": {
        "type": "Point",
        "coordinates": [
          37.6150741,
          55.7814612
        ]
      },
      "id": "node/773136972"
    },
    {
      "type": "Feature",
      "properties": {
        "@id": "node/1067527110",
        "name": "ВДНХ",
        "public_transport": "stop_position",
        "railway": "stop",
        "subway": "yes"
      },
      "geometry": {
        "type": "Point",
        "coordinates": [
          37.6416015,
          55.8210906
        ]
      },
      "id": "node/1067527110"
    },
    {
      "type": "Feature",
      "properties": {
        "@id": "node/1111110423",
        "name": "Алексеевская",
        "public_transport": "stop_position",
        "railway": "stop",
        "subway": "yes"
      },
      "geometry": {
        "type": "Point",
        "coordinates": [
          37.6392,
          55.8090771
        ]
      },
      "id": "node/1111110423"
    },
    {
      "type": "Feature",
      "properties": {
        "@id": "node/1123660474",
        "colour": "brown",
        "depth": "40",
        "internet_access": "wlan",
        "layer": "-4",
        "name": "Курская",
        "name:be": "Курская",
        "name:en": "Kurskaya",
        "name:ml": "കുർസ്കായ",
        "name:ru": "Курская",
        "name:uk": "Курська",
        "network": "Московский метрополитен",
        "opening_hours": "Mo-Su 05:30-01:00",
        "operator": "ГУП «Московский метрополитен»",
        "outdoor_seating": "no",
        "public_transport": "station",
        "railway": "station",
        "start_date": "1950-01-01",
        "station": "subway",
        "subway": "yes",
        "website": "http://mosmetro.ru",
        "wikidata": "Q432042",
        "wikipedia": "ru:Курская (станция метро, Кольцевая линия)"
      },
      "geometry": {
        "type": "Point",
        "coordinates": [
          37.6593319,
          55.7571978
        ]
      },
      "id": "node/1123660474"
    },
    {
      "type": "Feature",
      "properties": {
        "@id": "node/1123660481",
        "name": "Курская",
        "public_transport": "stop_position",
        "railway": "stop",
        "subway": "yes"
      },
      "geometry": {
        "type": "Point",
        "coordinates": [
          37.6595224,
          55.7572097
        ]
      },
      "id": "node/1123660481"
    },
    {
      "type": "Feature",
      "properties": {
        "@id": "node/1135674408",
        "name": "Александровский сад",
        "public_transport": "stop_position",
        "railway": "stop",
        "subway": "yes"
      },
      "geometry": {
        "type": "Point",
        "coordinates": [
          37.6086632,
          55.7523797
        ]
      },
      "id": "node/1135674408"
    },
    {
      "type": "Feature",
      "properties": {
        "@id": "node/1157975976",
        "colour": "green",
        "depth": "33.1",
        "internet_access": "wlan",
        "layer": "-4",
        "name": "Белорусская",
        "name:be": "Беларуская",
        "name:en": "Belorusskaya",
        "name:ml": "ബെലോറുസ്കായ",
        "name:ru": "Белорусская",
        "name:uk": "Білоруська",
        "network": "Московский метрополитен",
        "opening_hours": "Mo-Su 05:30-01:00",
        "operator": "ГУП «Московский метрополитен»",
        "outdoor_seating": "no",
        "public_transport": "station",
        "railway": "station",
        "start_date": "1938-09-11",
        "station": "subway",
        "subway": "yes",
        "website": "http://mosmetro.ru",
        "wheelchair": "no",
        "wikidata": "Q1348899",
        "wikipedia": "ru:Белорусская (станция метро, Замоскворецкая линия)"
      },
      "geometry": {
        "type": "Point",
        "coordinates": [
          37.583575,
          55.776702
        ]
      },
      "id": "node/1157975976"
    },
    {
      "type": "Feature",
      "properties": {
        "@id": "node/1158396469",
        "colour": "brown",
        "depth": "42.5",
        "internet_access": "wlan",
        "layer": "-4",
        "name": "Белорусская",
        "name:be": "Беларуская",
        "name:en": "Belorusskaya",
        "name:ml": "ബെലോറുസ്കായ",
        "name:ru": "Белорусская",
        "name:uk": "Білоруська",
        "network": "Московский метрополитен",
        "opening_hours": "Mo-Su 05:25-01:00",
        "operator": "ГУП «Московский метрополитен»",
        "outdoor_seating": "no",
        "public_transport": "station",
        "railway": "station",
        "start_date": "1952-01-30",
        "station": "subway",
        "subway": "yes",
        "website": "http://mosmetro.ru",
        "wheelchair": "no",
        "wikidata": "Q816141",
        "wikipedia": "ru:Белорусская (станция метро, Кольцевая линия)"
      },
      "geometry": {
        "type": "Point",
        "coordinates": [
          37.5840675,
          55.7761384
        ]
      },
      "id": "node/1158396469"
    },
    {
      "type": "Feature",
      "properties": {
        "@id": "node/1191041836",
        "name": "Студенческая",
        "public_transport": "stop_position",
        "railway": "stop",
        "subway": "yes"
      },
      "geometry": {
        "type": "Point",
        "coordinates": [
          37.5483954,
          55.7388068
        ]
      },
      "id": "node/1191041836"
    },
    {
      "type": "Feature",
      "properties": {
        "@id": "node/1191041916",
        "name": "Кутузовская",
        "public_transport": "stop_position",
        "railway": "stop",
        "subway": "yes"
      },
      "geometry": {
        "type": "Point",
        "coordinates": [
          37.5343388,
          55.7400187
        ]
      },
      "id": "node/1191041916"
    },
    {
      "type": "Feature",
      "properties": {
        "@id": "node/1191237441",
        "name": "Кунцевская",
        "public_transport": "stop_position",
        "railway": "stop",
        "subway": "yes"
      },
      "geometry": {
        "type": "Point",
        "coordinates": [
          37.4459574,
          55.7308185
        ]
      },
      "id": "node/1191237441"
    },
    {
      "type": "Feature",
      "properties": {
        "@id": "node/1202096548",
        "name": "Юго-Западная",
        "public_transport": "stop_position",
        "railway": "stop",
        "subway": "yes"
      },
      "geometry": {
        "type": "Point",
        "coordinates": [
          37.4833174,
          55.6636376
        ]
      },
      "id": "node/1202096548"
    },
    {
      "type": "Feature",
      "properties": {
        "@id": "node/1221407668",
        "name": "Проспект Мира",
        "public_transport": "stop_position",
        "railway": "stop",
        "subway": "yes"
      },
      "geometry": {
        "type": "Point",
        "coordinates": [
          37.6321497,
          55.7807962
        ]
      },
      "id": "node/1221407668"
    },
    {
      "type": "Feature",
      "properties": {
        "@id": "node/1221424287",
        "name": "Сухаревская",
        "public_transport": "stop_position",
        "railway": "stop",
        "subway": "yes"
      },
      "geometry": {
        "type": "Point",
        "coordinates": [
          37.6310684,
          55.7728891
        ]
      },
      "id": "node/1221424287"
    },
    {
      "type": "Feature",
      "properties": {
        "@id": "node/1221839172",
        "name": "Коньково",
        "public_transport": "stop_position",
        "railway": "stop",
        "subway": "yes"
      },
      "geometry": {
        "type": "Point",
        "coordinates": [
          37.5190722,
          55.6331254
        ]
      },
      "id": "node/1221839172"
    },
    {
      "type": "Feature",
      "properties": {
        "@id": "node/1221839292",
        "colour": "orange",
        "depth": "8",
        "internet_access": "wlan",
        "layer": "-2",
        "name": "Коньково",
        "name:be": "Канькова",
        "name:en": "Konkovo",
        "name:ml": "കൊങ്കോവോ",
        "name:ru": "Коньково",
        "name:uk": "Коньково",
        "network": "Московский метрополитен",
        "opening_hours": "Mo-Su 05:30-01:00",
        "operator": "ГУП «Московский метрополитен»",
        "outdoor_seating": "no",
        "public_transport": "station",
        "railway": "station",
        "start_date": "1987-11-06",
        "station": "subway",
        "subway": "yes",
        "website": "http://mosmetro.ru",
        "wikidata": "Q1662261"
      },
      "geometry": {
        "type": "Point",
        "coordinates": [
          37.5189769,
          55.6331469
        ]
      },
      "id": "node/1221839292"
    },
    {
      "type": "Feature",
      "properties": {
        "@id": "node/1221881576",
        "name": "Ясенево",
        "public_transport": "stop_position",
        "railway": "stop",
        "subway": "yes"
      },
      "geometry": {
        "type": "Point",
        "coordinates": [
          37.5334429,
          55.6063604
        ]
      },
      "id": "node/1221881576"
    },
    {
      "type": "Feature",
      "properties": {
        "@id": "node/1223469070",
        "name": "Октябрьское Поле",
        "public_transport": "stop_position",
        "railway": "stop",
        "subway": "yes"
      },
      "geometry": {
        "type": "Point",
        "coordinates": [
          37.4938635,
          55.7934031
        ]
      },
      "id": "node/1223469070"
    },
    {
      "type": "Feature",
      "properties": {
        "@id": "node/1248716467",
        "name": "Каширская",
        "public_transport": "stop_position",
        "railway": "stop",
        "subway": "yes"
      },
      "geometry": {
        "type": "Point",
        "coordinates": [
          37.6489,
          55.6549597
        ]
      },
      "id": "node/1248716467"
    },
    {
      "type": "Feature",
      "properties": {
        "@id": "node/1257026800",
        "name": "Площадь Революции",
        "public_transport": "stop_position",
        "railway": "stop",
        "subway": "yes"
      },
      "geometry": {
        "type": "Point",
        "coordinates": [
          37.6217853,
          55.7565371
        ]
      },
      "id": "node/1257026800"
    },
    {
      "type": "Feature",
      "properties": {
        "@id": "node/1270512427",
        "name": "Владыкино",
        "public_transport": "stop_position",
        "railway": "stop",
        "subway": "yes"
      },
      "geometry": {
        "type": "Point",
        "coordinates": [
          37.5900167,
          55.8471642
        ]
      },
      "id": "node/1270512427"
    },
    {
      "type": "Feature",
      "properties": {
        "@id": "node/1272285088",
        "name": "Технопарк",
        "public_transport": "stop_position",
        "railway": "stop",
        "subway": "yes"
      },
      "geometry": {
        "type": "Point",
        "coordinates": [
          37.6644724,
          55.6936249
        ]
      },
      "id": "node/1272285088"
    },
    {
      "type": "Feature",
      "properties": {
        "@id": "node/1272374180",
        "name": "Каширская",
        "public_transport": "stop_position",
        "railway": "stop",
        "subway": "yes"
      },
      "geometry": {
        "type": "Point",
        "coordinates": [
          37.6486849,
          55.6550552
        ]
      },
      "id": "node/1272374180"
    },
    {
      "type": "Feature",
      "properties": {
        "@id": "node/1279716959",
        "name": "Улица Старокачаловская",
        "public_transport": "stop_position",
        "railway": "stop",
        "subway": "yes"
      },
      "geometry": {
        "type": "Point",
        "coordinates": [
          37.5763975,
          55.5690142
        ]
      },
      "id": "node/1279716959"
    },
    {
      "type": "Feature",
      "properties": {
        "@id": "node/1527999919",
        "alt_name:uk": "Борисове",
        "colour": "#b4d445",
        "depth": "10",
        "internet_access": "wlan",
        "layer": "-2",
        "name": "Борисово",
        "name:en": "Borisovo",
        "name:ml": "ബോറിസോവോ",
        "name:pl": "Borisowo",
        "name:pt": "Estação Borisovo",
        "name:ru": "Борисово",
        "name:sv": "Borisovo",
        "name:uk": "Борисово",
        "network": "Московский метрополитен",
        "opening_hours": "Mo-Su 05:30-01:00",
        "operator": "ГУП «Московский метрополитен»",
        "outdoor_seating": "no",
        "public_transport": "station",
        "railway": "station",
        "start_date": "2011-12-02",
        "station": "subway",
        "subway": "yes",
        "website": "http://mosmetro.ru",
        "wikidata": "Q2631803",
        "wikipedia": "ru:Борисово (станция метро)"
      },
      "geometry": {
        "type": "Point",
        "coordinates": [
          37.7437524,
          55.6333039
        ]
      },
      "id": "node/1527999919"
    },
    {
      "type": "Feature",
      "properties": {
        "@id": "node/1527999927",
        "alt_name:uk": "Зябликове",
        "colour": "#b4d445",
        "depth": "15",
        "internet_access": "wlan",
        "layer": "-2",
        "name": "Зябликово",
        "name:be": "Зяблікава",
        "name:en": "Zyablikovo",
        "name:ml": "സ്യാബ്ലിക്കോവോ",
        "name:pl": "Ziablikowo",
        "name:pt": "Estação Ziablikovo",
        "name:ru": "Зябликово",
        "name:sv": "Ziablikovo",
        "name:uk": "Зябликово",
        "network": "Московский метрополитен",
        "opening_hours": "Mo-Su 05:30-01:00",
        "operator": "ГУП «Московский метрополитен»",
        "outdoor_seating": "no",
        "public_transport": "station",
        "railway": "station",
        "start_date": "2011-12-02",
        "station": "subway",
        "subway": "yes",
        "website": "http://mosmetro.ru",
        "wikidata": "Q2372137",
        "wikipedia": "ru:Зябликово (станция метро)"
      },
      "geometry": {
        "type": "Point",
        "coordinates": [
          37.745179,
          55.6122352
        ]
      },
      "id": "node/1527999927"
    },
    {
      "type": "Feature",
      "properties": {
        "@id": "node/1527999934",
        "alt_name:uk": "Шипилівська",
        "colour": "#b4d445",
        "depth": "10",
        "internet_access": "wlan",
        "layer": "-2",
        "name": "Шипиловская",
        "name:be": "Шыпілаўская",
        "name:en": "Shipilovskaya",
        "name:ml": "ഷിപിലോവ്സ്കായ",
        "name:pl": "Szypiłowskaja",
        "name:pt": "Estação Chipilovskaia",
        "name:ru": "Шипиловская",
        "name:sv": "Sjipilovskaja",
        "name:uk": "Шипиловська",
        "network": "Московский метрополитен",
        "opening_hours": "Mo-Su 05:30-01:00",
        "operator": "ГУП «Московский метрополитен»",
        "outdoor_seating": "no",
        "public_transport": "station",
        "railway": "station",
        "start_date": "2011-12-02",
        "station": "subway",
        "subway": "yes",
        "website": "http://mosmetro.ru",
        "wikidata": "Q2384322",
        "wikipedia": "ru:Шипиловская (станция метро)"
      },
      "geometry": {
        "type": "Point",
        "coordinates": [
          37.7436392,
          55.6210274
        ]
      },
      "id": "node/1527999934"
    },
    {
      "type": "Feature",
      "properties": {
        "@id": "node/1890426555",
        "colour": "yellow",
        "depth": "9",
        "internet_access": "wlan",
        "layer": "-4",
        "name": "Новокосино",
        "name:be": "Навакосіна",
        "name:en": "Novokosino",
        "name:ru": "Новокосино",
        "name:uk": "Новокосино",
        "network": "Московский метрополитен",
        "opening_hours": "Mo-Su 05:30-01:00",
        "operator": "ГУП «Московский метрополитен»",
        "outdoor_seating": "no",
        "public_transport": "station",
        "railway": "station",
        "start_date": "2012-08-30",
        "station": "subway",
        "subway": "yes",
        "website": "http://mosmetro.ru",
        "wheelchair": "yes",
        "wikidata": "Q2381248"
      },
      "geometry": {
        "type": "Point",
        "coordinates": [
          37.8637729,
          55.7450867
        ]
      },
      "id": "node/1890426555"
    },
    {
      "type": "Feature",
      "properties": {
        "@id": "node/2080924763",
        "colour": "green",
        "depth": "10",
        "internet_access": "wlan",
        "layer": "-2",
        "name": "Алма-Атинская",
        "name:be": "Алма-Ацінская",
        "name:en": "Alma-Atinskaya",
        "name:ml": "അൽമ-അറ്റിൻസ്കായ",
        "name:ru": "Алма-Атинская",
        "name:uk": "Алма-Атиньска",
        "network": "Московский метрополитен",
        "opening_hours": "Mo-Su 05:30-01:00",
        "operator": "ГУП «Московский метрополитен»",
        "outdoor_seating": "no",
        "public_transport": "station",
        "railway": "station",
        "start_date": "2012-12-24",
        "station": "subway",
        "subway": "yes",
        "website": "http://mosmetro.ru",
        "wheelchair": "yes",
        "wikidata": "Q1652933",
        "wikipedia": "ru:Алма-Атинская (станция метро)"
      },
      "geometry": {
        "type": "Point",
        "coordinates": [
          37.765935,
          55.6327995
        ]
      },
      "id": "node/2080924763"
    },
    {
      "type": "Feature",
      "properties": {
        "@id": "node/2086260190",
        "name": "Пятницкое шоссе",
        "public_transport": "stop_position",
        "railway": "stop",
        "subway": "yes"
      },
      "geometry": {
        "type": "Point",
        "coordinates": [
          37.3546819,
          55.856561
        ]
      },
      "id": "node/2086260190"
    },
    {
      "type": "Feature",
      "properties": {
        "@id": "node/2101832212",
        "colour": "blue",
        "depth": "11",
        "internet_access": "wlan",
        "layer": "-2",
        "name": "Пятницкое шоссе",
        "name:en": "Pyatnitskoye Shosse",
        "name:ml": "പിയാറ്റ്നിറ്റ്സ്കോയെ ഷോസെ",
        "name:ru": "Пятницкое шоссе",
        "name:uk": "П'ятницьке шосе",
        "network": "Московский метрополитен",
        "opening_hours": "Mo-Su 05:30-01:00",
        "operator": "ГУП «Московский метрополитен»",
        "outdoor_seating": "no",
        "public_transport": "station",
        "railway": "station",
        "start_date": "2012-12-28",
        "station": "subway",
        "subway": "yes",
        "website": "http://mosmetro.ru",
        "wheelchair": "yes",
        "wikidata": "Q2370028",
        "wikipedia": "ru:Пятницкое шоссе (станция метро)"
      },
      "geometry": {
        "type": "Point",
        "coordinates": [
          37.3542024,
          55.856143
        ]
      },
      "id": "node/2101832212"
    },
    {
      "type": "Feature",
      "properties": {
        "@id": "node/2101832215",
        "name": "Пятницкое шоссе",
        "public_transport": "stop_position",
        "railway": "stop",
        "subway": "yes"
      },
      "geometry": {
        "type": "Point",
        "coordinates": [
          37.3537445,
          55.8556903
        ]
      },
      "id": "node/2101832215"
    },
    {
      "type": "Feature",
      "properties": {
        "@id": "node/2525101862",
        "colour": "violet",
        "depth": "15",
        "internet_access": "wlan",
        "layer": "-2",
        "name": "Жулебино",
        "name:en": "Zhulebino",
        "name:ml": "ജുലെബിനോ",
        "name:ru": "Жулебино",
        "name:uk": "Жулебіно",
        "network": "Московский метрополитен",
        "opening_hours": "Mo-Su 05:30-01:00",
        "operator": "ГУП «Московский метрополитен»",
        "outdoor_seating": "no",
        "public_transport": "station",
        "railway": "station",
        "start_date": "2013-11-09",
        "station": "subway",
        "subway": "yes",
        "website": "http://mosmetro.ru/",
        "wheelchair": "yes",
        "wikidata": "Q4181601"
      },
      "geometry": {
        "type": "Point",
        "coordinates": [
          37.8562939,
          55.685438
        ]
      },
      "id": "node/2525101862"
    },
    {
      "type": "Feature",
      "properties": {
        "@id": "node/2525101863",
        "colour": "violet",
        "depth": "12",
        "internet_access": "wlan",
        "name": "Лермонтовский проспект",
        "name:en": "Lermontovsky prospekt",
        "name:ml": "ലെർമോണ്ടോവ്സ്കി പ്രോസ്പെക്റ്റ്",
        "name:ru": "Лермонтовский проспект",
        "name:uk": "Лермонтовський проспект",
        "network": "Московский метрополитен",
        "opening_hours": "Mo-Su 05:30-01:00",
        "operator": "ГУП «Московский метрополитен»",
        "outdoor_seating": "no",
        "public_transport": "station",
        "railway": "station",
        "start_date": "2013-11-09",
        "station": "subway",
        "subway": "yes",
        "website": "http://mosmetro.ru/",
        "wheelchair": "yes",
        "wikidata": "Q4259275"
      },
      "geometry": {
        "type": "Point",
        "coordinates": [
          37.8519732,
          55.7016254
        ]
      },
      "id": "node/2525101863"
    },
    {
      "type": "Feature",
      "properties": {
        "@id": "node/2584131690",
        "name": "Бабушкинская",
        "public_transport": "stop_position",
        "railway": "stop",
        "subway": "yes"
      },
      "geometry": {
        "type": "Point",
        "coordinates": [
          37.6642023,
          55.8696201
        ]
      },
      "id": "node/2584131690"
    },
    {
      "type": "Feature",
      "properties": {
        "@id": "node/2584131693",
        "name": "Бабушкинская",
        "public_transport": "stop_position",
        "railway": "stop",
        "subway": "yes"
      },
      "geometry": {
        "type": "Point",
        "coordinates": [
          37.6640031,
          55.8696505
        ]
      },
      "id": "node/2584131693"
    },
    {
      "type": "Feature",
      "properties": {
        "@id": "node/2591395115",
        "colour": "#bac8e8",
        "depth": "10",
        "internet_access": "wlan",
        "layer": "-2",
        "name": "Лесопарковая",
        "name:en": "Lesoparkovaya",
        "name:ml": "ലെസോപാർകോവായ",
        "name:ru": "Лесопарковая",
        "name:uk": "Лісопаркова",
        "network": "Московский метрополитен",
        "opening_hours": "Mo-Su 05:30-01:00",
        "operator": "ГУП «Московский метрополитен»",
        "outdoor_seating": "no",
        "public_transport": "station",
        "railway": "station",
        "start_date": "2014-02-27",
        "station": "subway",
        "subway": "yes",
        "website": "http://mosmetro.ru",
        "wheelchair": "yes",
        "wikidata": "Q15242269"
      },
      "geometry": {
        "type": "Point",
        "coordinates": [
          37.5768918,
          55.5820975
        ]
      },
      "id": "node/2591395115"
    },
    {
      "type": "Feature",
      "properties": {
        "@id": "node/2591402980",
        "colour": "#bac8e8",
        "depth": "10",
        "internet_access": "wlan",
        "layer": "-2",
        "name": "Битцевский парк",
        "name:en": "Bitsevskiy park",
        "name:ml": "ബിറ്റ്സെവ്സ്കി പാർക്ക്",
        "name:ru": "Битцевский парк",
        "name:uk": "Бітцевський парк",
        "network": "Московский метрополитен",
        "opening_hours": "Mo-Su 05:30-01:00",
        "operator": "ГУП «Московский метрополитен»",
        "outdoor_seating": "no",
        "public_transport": "station",
        "railway": "station",
        "start_date": "2014-02-27",
        "station": "subway",
        "subway": "yes",
        "website": "http://mosmetro.ru",
        "wheelchair": "yes",
        "wikidata": "Q15199514"
      },
      "geometry": {
        "type": "Point",
        "coordinates": [
          37.5563789,
          55.6002393
        ]
      },
      "id": "node/2591402980"
    },
    {
      "type": "Feature",
      "properties": {
        "@id": "node/2692857848",
        "colour": "blue",
        "depth": "0",
        "internet_access": "wlan",
        "layer": "-4",
        "loc_name": "Измайловка",
        "name": "Измайловская",
        "name:be": "Ізмайлаўская",
        "name:en": "Izmaylovskaya",
        "name:ml": "ഇസ്മായിലോവ്സ്കായ",
        "name:ru": "Измайловская",
        "name:uk": "Ізмайлівська",
        "network": "Московский метрополитен",
        "opening_hours": "Mo-Su 05:30-01:00",
        "operator": "ГУП «Московский метрополитен»",
        "outdoor_seating": "no",
        "public_transport": "station",
        "railway": "station",
        "start_date": "1961-10-21",
        "station": "subway",
        "subway": "yes",
        "website": "http://mosmetro.ru/",
        "wheelchair": "limited",
        "wikidata": "Q2603992",
        "wikipedia": "ru:Измайловская"
      },
      "geometry": {
        "type": "Point",
        "coordinates": [
          37.7816023,
          55.7877328
        ]
      },
      "id": "node/2692857848"
    },
    {
      "type": "Feature",
      "properties": {
        "@id": "node/2692882978",
        "colour": "blue",
        "depth": "7",
        "internet_access": "wlan",
        "layer": "-4",
        "loc_name": "Первомайка",
        "name": "Первомайская",
        "name:be": "Першамайская",
        "name:en": "Pervomayskaya",
        "name:ml": "പെർവോമൈസ്കായ",
        "name:ru": "Первомайская",
        "name:uk": "Першотравнева",
        "network": "Московский метрополитен",
        "opening_hours": "Mo-Su 05:30-01:00",
        "operator": "ГУП «Московский метрополитен»",
        "outdoor_seating": "no",
        "public_transport": "station",
        "railway": "station",
        "start_date": "1961-10-21",
        "station": "subway",
        "subway": "yes",
        "website": "http://mosmetro.ru/",
        "wheelchair": "no",
        "wikidata": "Q2547827",
        "wikipedia": "ru:Первомайская (станция метро, Москва)"
      },
      "geometry": {
        "type": "Point",
        "coordinates": [
          37.7993959,
          55.7947265
        ]
      },
      "id": "node/2692882978"
    },
    {
      "type": "Feature",
      "properties": {
        "@id": "node/2692905506",
        "colour": "blue",
        "depth": "8",
        "internet_access": "wlan",
        "layer": "-4",
        "location": "underground",
        "name": "Щёлковская",
        "name:be": "Шчолкаўская",
        "name:cs": "Ščjolkovskaja",
        "name:en": "Schelkovskaya",
        "name:ml": "ഷ്ചെൽകോവ്സ്കായ",
        "name:pl": "Szczołkowskaja",
        "name:pt": "Estação Shchiolkovskaia",
        "name:ru": "Щёлковская",
        "name:uk": "Щолківська",
        "network": "Московский метрополитен",
        "opening_hours": "Mo-Su 05:30-01:00",
        "operator": "ГУП «Московский метрополитен»",
        "outdoor_seating": "no",
        "public_transport": "station",
        "railway": "station",
        "start_date": "1963-07-22",
        "station": "subway",
        "subway": "yes",
        "website": "http://mosmetro.ru/",
        "wikidata": "Q2721114",
        "wikipedia": "ru:Щёлковская (станция метро)"
      },
      "geometry": {
        "type": "Point",
        "coordinates": [
          37.7985725,
          55.8093369
        ]
      },
      "id": "node/2692905506"
    },
    {
      "type": "Feature",
      "properties": {
        "@id": "node/2950850833",
        "alt_name:en": "Park Pobedy",
        "check_date:opening_hours": "2026-03-03",
        "colour": "yellow",
        "depth": "84",
        "internet_access": "wlan",
        "layer": "-4",
        "name": "Парк Победы",
        "name:be": "Парк Перамогі",
        "name:de": "Siegespark",
        "name:en": "Victory Park",
        "name:ru": "Парк Победы",
        "name:uk": "Парк Перемоги",
        "network": "Московский метрополитен",
        "opening_hours": "Mo-Su 05:25-01:00",
        "operator": "ГУП «Московский метрополитен»",
        "outdoor_seating": "no",
        "public_transport": "station",
        "railway": "station",
        "start_date": "2014-01-31",
        "station": "subway",
        "subway": "yes",
        "website": "http://mosmetro.ru",
        "wheelchair": "no",
        "wikidata": "Q1810822",
        "wikipedia": "ru:Парк Победы (станция метро, Москва)"
      },
      "geometry": {
        "type": "Point",
        "coordinates": [
          37.518219,
          55.7365232
        ]
      },
      "id": "node/2950850833"
    },
    {
      "type": "Feature",
      "properties": {
        "@id": "node/3046563958",
        "name": "Спартак",
        "public_transport": "stop_position",
        "railway": "stop",
        "subway": "yes"
      },
      "geometry": {
        "type": "Point",
        "coordinates": [
          37.4356624,
          55.8182906
        ]
      },
      "id": "node/3046563958"
    },
    {
      "type": "Feature",
      "properties": {
        "@id": "node/3114463783",
        "name": "Тропарёво",
        "public_transport": "stop_position",
        "railway": "stop",
        "subway": "yes"
      },
      "geometry": {
        "type": "Point",
        "coordinates": [
          37.4726006,
          55.6458071
        ]
      },
      "id": "node/3114463783"
    },
    {
      "type": "Feature",
      "properties": {
        "@id": "node/3224593379",
        "colour": "red",
        "depth": "12",
        "internet_access": "wlan",
        "layer": "-4",
        "name": "Тропарёво",
        "name:en": "Troparyovo",
        "name:ru": "Тропарёво",
        "name:uk": "Тропарьово",
        "network": "Московский метрополитен",
        "opening_hours": "Mo-Su 05:30-01:00",
        "operator": "ГУП «Московский метрополитен»",
        "outdoor_seating": "no",
        "public_transport": "station",
        "railway": "station",
        "start_date": "2014-12-08",
        "station": "subway",
        "subway": "yes",
        "website": "http://mosmetro.ru",
        "wikidata": "Q2027823",
        "wikipedia": "ru:Тропарёво (станция метро)"
      },
      "geometry": {
        "type": "Point",
        "coordinates": [
          37.4725258,
          55.645857
        ]
      },
      "id": "node/3224593379"
    },
    {
      "type": "Feature",
      "properties": {
        "@id": "node/3226428878",
        "colour": "yellow",
        "depth": "30",
        "internet_access": "wlan",
        "layer": "-4",
        "name": "Деловой центр",
        "name:en": "Delovoy Center",
        "name:ru": "Деловой центр",
        "name:uk": "Діловий центр",
        "network": "Московский метрополитен",
        "opening_hours": "Mo-Su 05:30-01:00",
        "operator": "ГУП «Московский метрополитен»",
        "outdoor_seating": "no",
        "public_transport": "station",
        "railway": "station",
        "start_date": "2014-01-31",
        "station": "subway",
        "subway": "yes",
        "website": "http://mosmetro.ru",
        "wheelchair": "yes",
        "wikidata": "Q5254379",
        "wikipedia": "ru:Деловой центр (станция метро, Калининско-Солнцевская линия)"
      },
      "geometry": {
        "type": "Point",
        "coordinates": [
          37.5391788,
          55.7491138
        ]
      },
      "id": "node/3226428878"
    },
    {
      "type": "Feature",
      "properties": {
        "@id": "node/3355867698",
        "name": "Тропарёво",
        "public_transport": "stop_position",
        "railway": "stop",
        "subway": "yes"
      },
      "geometry": {
        "type": "Point",
        "coordinates": [
          37.472448,
          55.6459095
        ]
      },
      "id": "node/3355867698"
    },
    {
      "type": "Feature",
      "properties": {
        "@id": "node/3943961770",
        "colour": "red",
        "depth": "12",
        "internet_access": "wlan",
        "name": "Румянцево",
        "name:en": "Rumyantsevo",
        "name:ru": "Румянцево",
        "network": "Московский метрополитен",
        "opening_hours": "Mo-Su 05:30-01:00",
        "operator": "ГУП «Московский метрополитен»",
        "outdoor_seating": "no",
        "public_transport": "station",
        "railway": "station",
        "start_date": "2016-01-18",
        "station": "subway",
        "subway": "yes",
        "website": "http://mosmetro.ru",
        "wikidata": "Q4400099",
        "wikipedia": "ru:Румянцево (станция метро)"
      },
      "geometry": {
        "type": "Point",
        "coordinates": [
          37.4415854,
          55.6329538
        ]
      },
      "id": "node/3943961770"
    },
    {
      "type": "Feature",
      "properties": {
        "@id": "node/4006225428",
        "colour": "red",
        "depth": "12",
        "internet_access": "wlan",
        "name": "Саларьево",
        "name:en": "Salaryevo",
        "name:ru": "Саларьево",
        "network": "Московский метрополитен",
        "opening_hours": "Mo-Su 05:30-01:00",
        "operator": "ГУП «Московский метрополитен»",
        "outdoor_seating": "no",
        "public_transport": "station",
        "railway": "station",
        "start_date": "2016-02-15",
        "station": "subway",
        "subway": "yes",
        "website": "http://mosmetro.ru",
        "wikidata": "Q4405703",
        "wikipedia": "ru:Саларьево (станция метро)"
      },
      "geometry": {
        "type": "Point",
        "coordinates": [
          37.4241868,
          55.621922
        ]
      },
      "id": "node/4006225428"
    },
    {
      "type": "Feature",
      "properties": {
        "@id": "node/4404055537",
        "name": "Петровско-Разумовская",
        "public_transport": "stop_position",
        "railway": "stop",
        "subway": "yes"
      },
      "geometry": {
        "type": "Point",
        "coordinates": [
          37.5749619,
          55.8346566
        ]
      },
      "id": "node/4404055537"
    },
    {
      "type": "Feature",
      "properties": {
        "@id": "node/4404057364",
        "colour": "#b4d445",
        "depth": "65",
        "internet_access": "wlan",
        "layer": "-5",
        "name": "Фонвизинская",
        "name:ml": "ഫോൺവിസിൻസ്കായ",
        "network": "Московский метрополитен",
        "opening_hours": "Mo-Su 05:30-01:00",
        "operator": "ГУП «Московский метрополитен»",
        "outdoor_seating": "no",
        "public_transport": "station",
        "railway": "station",
        "start_date": "2016-09-16",
        "station": "subway",
        "subway": "yes",
        "website": "http://mosmetro.ru",
        "wikidata": "Q4491638",
        "wikipedia": "ru:Фонвизинская"
      },
      "geometry": {
        "type": "Point",
        "coordinates": [
          37.5876371,
          55.822916
        ]
      },
      "id": "node/4404057364"
    },
    {
      "type": "Feature",
      "properties": {
        "@id": "node/4496913189",
        "name": "Парк Победы",
        "public_transport": "stop_position",
        "railway": "stop",
        "subway": "yes"
      },
      "geometry": {
        "type": "Point",
        "coordinates": [
          37.5166329,
          55.7363168
        ]
      },
      "id": "node/4496913189"
    },
    {
      "type": "Feature",
      "properties": {
        "@id": "node/4593469035",
        "name": "Парк Победы",
        "public_transport": "stop_position",
        "railway": "stop",
        "subway": "yes"
      },
      "geometry": {
        "type": "Point",
        "coordinates": [
          37.5171544,
          55.7368349
        ]
      },
      "id": "node/4593469035"
    },
    {
      "type": "Feature",
      "properties": {
        "@id": "node/4737155708",
        "colour": "yellow",
        "depth": "15",
        "internet_access": "wlan",
        "layer": "-4",
        "name": "Минская",
        "name:en": "Minskaya",
        "name:ml": "മിൻസ്കായ",
        "name:ru": "Минская",
        "network": "Московский метрополитен",
        "opening_hours": "Mo-Su 05:30-01:00",
        "operator": "ГУП «Московский метрополитен»",
        "outdoor_seating": "no",
        "public_transport": "station",
        "railway": "station",
        "start_date": "2017-03-16",
        "station": "subway",
        "subway": "yes",
        "website": "http://mosmetro.ru",
        "wheelchair": "yes",
        "wikidata": "Q16676608",
        "wikipedia": "ru:Минская (станция метро, Москва)"
      },
      "geometry": {
        "type": "Point",
        "coordinates": [
          37.4968443,
          55.7247884
        ]
      },
      "id": "node/4737155708"
    },
    {
      "type": "Feature",
      "properties": {
        "@id": "node/4737155709",
        "colour": "yellow",
        "depth": "15",
        "internet_access": "wlan",
        "layer": "-4",
        "name": "Ломоносовский проспект",
        "name:en": "Lomonosovskiy prospect",
        "name:ml": "ലോമോണോസോവ്സ്കി പ്രോസ്പെക്റ്റ്",
        "name:ru": "Ломоносовский проспект",
        "network": "Московский метрополитен",
        "opening_hours": "Mo-Su 05:30-01:00",
        "operator": "ГУП «Московский метрополитен»",
        "outdoor_seating": "no",
        "public_transport": "station",
        "railway": "station",
        "start_date": "2017-03-16",
        "station": "subway",
        "subway": "yes",
        "website": "http://mosmetro.ru",
        "wheelchair": "yes",
        "wikidata": "Q4266347"
      },
      "geometry": {
        "type": "Point",
        "coordinates": [
          37.5162362,
          55.7071424
        ]
      },
      "id": "node/4737155709"
    },
    {
      "type": "Feature",
      "properties": {
        "@id": "node/4737155710",
        "colour": "yellow",
        "depth": "15",
        "layer": "-4",
        "name": "Раменки",
        "name:en": "Ramenki",
        "name:ml": "റാമെൻകി",
        "name:ru": "Раменки",
        "network": "Московский метрополитен",
        "operator": "ГУП «Московский метрополитен»",
        "public_transport": "station",
        "railway": "station",
        "start_date": "2017-03-16",
        "station": "subway",
        "subway": "yes",
        "wheelchair": "yes",
        "wikidata": "Q4389673"
      },
      "geometry": {
        "type": "Point",
        "coordinates": [
          37.4985423,
          55.6975607
        ]
      },
      "id": "node/4737155710"
    },
    {
      "type": "Feature",
      "properties": {
        "@id": "node/4847996860",
        "colour": "#b4d445",
        "depth": "60",
        "internet_access": "wlan",
        "layer": "-4",
        "name": "Бутырская",
        "name:ml": "ബുട്ടിർസ്കായ",
        "network": "Московский метрополитен",
        "opening_hours": "Mo-Su 05:30-01:00",
        "operator": "ГУП «Московский метрополитен»",
        "outdoor_seating": "no",
        "public_transport": "station",
        "railway": "station",
        "start_date": "2016-09-16",
        "station": "subway",
        "subway": "yes",
        "website": "http://mosmetro.ru",
        "wikidata": "Q4100403",
        "wikipedia": "ru:Бутырская (станция метро)"
      },
      "geometry": {
        "type": "Point",
        "coordinates": [
          37.6025285,
          55.8133726
        ]
      },
      "id": "node/4847996860"
    },
    {
      "type": "Feature",
      "properties": {
        "@id": "node/4927798806",
        "colour": "blue",
        "depth": "38",
        "internet_access": "wlan",
        "layer": "-3",
        "name": "Киевская",
        "name:be": "Кіеўская",
        "name:en": "Kiyevskaya",
        "name:ml": "കിയെവ്സ്കായ",
        "name:ru": "Киевская",
        "name:uk": "Київська",
        "network": "Московский метрополитен",
        "opening_hours": "Mo-Su 05:30-01:00",
        "operator": "ГУП «Московский метрополитен»",
        "outdoor_seating": "no",
        "public_transport": "station",
        "railway": "station",
        "start_date": "1953-04-05",
        "station": "subway",
        "subway": "yes",
        "website": "http://mosmetro.ru",
        "wheelchair": "no"
      },
      "geometry": {
        "type": "Point",
        "coordinates": [
          37.5653751,
          55.7443009
        ]
      },
      "id": "node/4927798806"
    },
    {
      "type": "Feature",
      "properties": {
        "@id": "node/5174653609",
        "colour": "green;#82C0C0",
        "depth": "7",
        "internet_access": "wlan",
        "name": "Каширская",
        "name:be": "Кашырская",
        "name:en": "Kashirskaya",
        "name:ml": "കാഷിർസ്കായ",
        "name:ru": "Каширская",
        "name:uk": "Каширська",
        "network": "Московский метрополитен",
        "opening_hours": "Mo-Su 05:30-01:00",
        "operator": "ГУП «Московский метрополитен»",
        "outdoor_seating": "no",
        "public_transport": "station",
        "railway": "station",
        "start_date": "1969-08-11",
        "station": "subway",
        "subway": "yes",
        "website": "http://mosmetro.ru",
        "wheelchair": "no",
        "wikidata": "Q2329927"
      },
      "geometry": {
        "type": "Point",
        "coordinates": [
          37.6488095,
          55.6549932
        ]
      },
      "id": "node/5174653609"
    },
    {
      "type": "Feature",
      "properties": {
        "@id": "node/5176248500",
        "name": "Кунцевская",
        "public_transport": "stop_position",
        "railway": "stop",
        "subway": "yes"
      },
      "geometry": {
        "type": "Point",
        "coordinates": [
          37.4460313,
          55.7306605
        ]
      },
      "id": "node/5176248500"
    },
    {
      "type": "Feature",
      "properties": {
        "@id": "node/5176248502",
        "colour": "blue",
        "depth": "0",
        "name": "Кунцевская",
        "name:be": "Кунцаўская",
        "name:en": "Kuntsevskaya",
        "name:ml": "കുന്ത്സെവ്സ്കായ",
        "name:ru": "Кунцевская",
        "name:uk": "Кунцевська",
        "network": "Московский метрополитен",
        "operator": "ГУП «Московский метрополитен»",
        "public_transport": "station",
        "railway": "station",
        "start_date": "2008-01-07",
        "station": "subway",
        "subway": "yes",
        "wheelchair": "yes",
        "wikidata": "Q1384273"
      },
      "geometry": {
        "type": "Point",
        "coordinates": [
          37.4460224,
          55.7306795
        ]
      },
      "id": "node/5176248502"
    },
    {
      "type": "Feature",
      "properties": {
        "@id": "node/5176322723",
        "name": "Китай-город",
        "public_transport": "stop_position",
        "railway": "stop",
        "subway": "yes"
      },
      "geometry": {
        "type": "Point",
        "coordinates": [
          37.6337015,
          55.755673
        ]
      },
      "id": "node/5176322723"
    },
    {
      "type": "Feature",
      "properties": {
        "@id": "node/5176322724",
        "name": "Китай-город",
        "public_transport": "stop_position",
        "railway": "stop",
        "subway": "yes"
      },
      "geometry": {
        "type": "Point",
        "coordinates": [
          37.632921,
          55.755569
        ]
      },
      "id": "node/5176322724"
    },
    {
      "type": "Feature",
      "properties": {
        "@id": "node/5176322725",
        "alt_name:uk": "Китай-місто",
        "colour": "violet;orange",
        "depth": "29",
        "layer": "-4",
        "name": "Китай-город",
        "name:be": "Кітай-горад",
        "name:en": "Kitay-gorod",
        "name:ml": "കിറ്റായ്-ഗൊറോഡ്",
        "name:pl": "Kitajgród",
        "name:ru": "Китай-город",
        "name:uk": "Китай-город",
        "network": "Московский метрополитен",
        "operator": "ГУП «Московский метрополитен»",
        "public_transport": "station",
        "railway": "station",
        "start_date": "1971-01-03",
        "station": "subway",
        "subway": "yes",
        "wikidata": "Q2463121",
        "wikipedia": "ru:Китай-город (станция метро)"
      },
      "geometry": {
        "type": "Point",
        "coordinates": [
          37.6335649,
          55.7556518
        ]
      },
      "id": "node/5176322725"
    },
    {
      "type": "Feature",
      "properties": {
        "@id": "node/5176322726",
        "alt_name:uk": "Китай-місто",
        "colour": "orange;violet",
        "depth": "29",
        "layer": "-4",
        "name": "Китай-город",
        "name:be": "Китай-горад",
        "name:de": "Kitai-Gorod",
        "name:en": "Kitay-gorod",
        "name:fr": "Kitaï-gorod",
        "name:ml": "കിറ്റായ്-ഗൊറോഡ്",
        "name:pl": "Kitajgród",
        "name:ru": "Китай-город",
        "name:uk": "Китай-город",
        "network": "Московский метрополитен",
        "operator": "ГУП «Московский метрополитен»",
        "public_transport": "station",
        "railway": "station",
        "start_date": "1971-01-03",
        "station": "subway",
        "subway": "yes"
      },
      "geometry": {
        "type": "Point",
        "coordinates": [
          37.6330592,
          55.7555863
        ]
      },
      "id": "node/5176322726"
    },
    {
      "type": "Feature",
      "properties": {
        "@id": "node/5176445915",
        "colour": "red",
        "depth": "40",
        "internet_access": "wlan",
        "layer": "-4",
        "name": "Парк Культуры",
        "name:be": "Парк культуры",
        "name:de": "Kulturpark",
        "name:en": "Park Kultury",
        "name:ml": "പാർക്ക് കുൾടൂറി",
        "name:ru": "Парк Культуры",
        "name:uk": "Парк Культури",
        "network": "Московский метрополитен",
        "opening_hours": "Mo-Su 05:30-01:00",
        "operator": "ГУП «Московский метрополитен»",
        "outdoor_seating": "no",
        "public_transport": "station",
        "railway": "station",
        "start_date": "1935-05-15",
        "station": "subway",
        "subway": "yes",
        "website": "http://mosmetro.ru",
        "wheelchair": "no",
        "wikidata": "Q1341402",
        "wikipedia": "ru:Парк культуры (станция метро, Сокольническая линия)"
      },
      "geometry": {
        "type": "Point",
        "coordinates": [
          37.5942726,
          55.7354915
        ]
      },
      "id": "node/5176445915"
    },
    {
      "type": "Feature",
      "properties": {
        "@id": "node/5176445916",
        "name": "Парк Культуры",
        "public_transport": "stop_position",
        "railway": "stop",
        "subway": "yes"
      },
      "geometry": {
        "type": "Point",
        "coordinates": [
          37.5946018,
          55.7358928
        ]
      },
      "id": "node/5176445916"
    },
    {
      "type": "Feature",
      "properties": {
        "@id": "node/5202080141",
        "colour": "#b4d445",
        "depth": "61",
        "internet_access": "wlan",
        "layer": "-4",
        "name": "Петровско-Разумовская",
        "name:be": "Пятроўска-Разумоўская",
        "name:cs": "Petrovsko-Razumovskaja",
        "name:en": "Petrovsko-Razumovskaya",
        "name:it": "Petrovsko-Razumovskaja",
        "name:ko": "페트롭스코 라주몹스카야 역",
        "name:ml": "പെട്രോവ്സ്കോ-റസുമോവ്സ്കായ",
        "name:pl": "Pietrowsko-Razumowskaja",
        "name:pt": "Estação Petrovsko-Rasumovskoie",
        "name:ru": "Петровско-Разумовская",
        "name:uk": "Петровсько-Разумовська",
        "network": "Московский метрополитен",
        "opening_hours": "Mo-Su 05:20-01:00",
        "operator": "ГУП «Московский метрополитен»",
        "outdoor_seating": "no",
        "public_transport": "station",
        "railway": "station",
        "start_date": "2016-09-16",
        "station": "subway",
        "subway": "yes",
        "website": "http://mosmetro.ru",
        "wikidata": "Q1187479",
        "wikipedia": "ru:Петровско-Разумовская (станция метро)"
      },
      "geometry": {
        "type": "Point",
        "coordinates": [
          37.5748248,
          55.8346874
        ]
      },
      "id": "node/5202080141"
    },
    {
      "type": "Feature",
      "properties": {
        "@id": "node/5202080142",
        "colour": "#a0a2a3",
        "depth": "61",
        "internet_access": "wlan",
        "layer": "-4",
        "name": "Петровско-Разумовская",
        "name:be": "Пятроўска-Разумоўская",
        "name:cs": "Petrovsko-Razumovskaja",
        "name:en": "Petrovsko-Razumovskaya",
        "name:it": "Petrovsko-Razumovskaja",
        "name:ko": "페트롭스코 라주몹스카야 역",
        "name:pl": "Pietrowsko-Razumowskaja",
        "name:pt": "Estação Petrovsko-Rasumovskoie",
        "name:ru": "Петровско-Разумовская",
        "name:uk": "Петровсько-Разумовська",
        "network": "Московский метрополитен",
        "opening_hours": "Mo-Su 05:20-01:00",
        "operator": "ГУП «Московский метрополитен»",
        "outdoor_seating": "no",
        "public_transport": "station",
        "railway": "station",
        "start_date": "1991-03-01",
        "station": "subway",
        "subway": "yes",
        "website": "http://mosmetro.ru",
        "wikidata": "Q1187479",
        "wikipedia": "ru:Петровско-Разумовская (станция метро)"
      },
      "geometry": {
        "type": "Point",
        "coordinates": [
          37.5744209,
          55.8349897
        ]
      },
      "id": "node/5202080142"
    },
    {
      "type": "Feature",
      "properties": {
        "@id": "node/5202080143",
        "name": "Петровско-Разумовская",
        "public_transport": "stop_position",
        "railway": "stop",
        "subway": "yes"
      },
      "geometry": {
        "type": "Point",
        "coordinates": [
          37.5746737,
          55.8347074
        ]
      },
      "id": "node/5202080143"
    },
    {
      "type": "Feature",
      "properties": {
        "@id": "node/5202080144",
        "name": "Петровско-Разумовская",
        "public_transport": "stop_position",
        "railway": "stop",
        "subway": "yes"
      },
      "geometry": {
        "type": "Point",
        "coordinates": [
          37.5745662,
          55.8349599
        ]
      },
      "id": "node/5202080144"
    },
    {
      "type": "Feature",
      "properties": {
        "@id": "node/5202107560",
        "colour": "violet",
        "departures_board": "realtime",
        "departures_board:speech_output": "no",
        "depth": "10",
        "internet_access": "wlan",
        "layer": "-2",
        "name": "Спартак",
        "name:en": "Spartak",
        "name:ml": "സ്പാർട്ടക്ക്",
        "name:ru": "Спартак",
        "name:uk": "Спартак",
        "network": "Московский метрополитен",
        "opening_hours": "Mo-Su 05:30-01:00",
        "operator": "ГУП «Московский метрополитен»",
        "outdoor_seating": "no",
        "public_transport": "station",
        "railway": "station",
        "start_date": "2014-08-27",
        "station": "subway",
        "subway": "yes",
        "website": "http://mosmetro.ru",
        "wheelchair": "yes",
        "wikidata": "Q1406124",
        "wikipedia": "ru:Спартак (станция метро)"
      },
      "geometry": {
        "type": "Point",
        "coordinates": [
          37.4357519,
          55.8183044
        ]
      },
      "id": "node/5202107560"
    },
    {
      "type": "Feature",
      "properties": {
        "@id": "node/5202107561",
        "name": "Спартак",
        "public_transport": "stop_position",
        "railway": "stop",
        "subway": "yes"
      },
      "geometry": {
        "type": "Point",
        "coordinates": [
          37.4358557,
          55.8183028
        ]
      },
      "id": "node/5202107561"
    },
    {
      "type": "Feature",
      "properties": {
        "@id": "node/5202107562",
        "colour": "orange",
        "depth": "51",
        "internet_access": "wlan",
        "layer": "-4",
        "name": "Алексеевская",
        "name:be": "Аляксееўская",
        "name:en": "Alekseyevskaya",
        "name:ml": "അലെക്സെയെവ്സ്കായ",
        "name:ru": "Алексеевская",
        "name:uk": "Олексіївська",
        "network": "Московский метрополитен",
        "opening_hours": "Mo-Su 05:30-01:00",
        "operator": "ГУП «Московский метрополитен»",
        "outdoor_seating": "no",
        "public_transport": "station",
        "railway": "station",
        "start_date": "1958-05-01",
        "station": "subway",
        "subway": "yes",
        "website": "http://mosmetro.ru/",
        "wheelchair": "no",
        "wikidata": "Q2721585",
        "wikipedia": "ru:Алексеевская (станция метро, Москва)"
      },
      "geometry": {
        "type": "Point",
        "coordinates": [
          37.6390056,
          55.8090891
        ]
      },
      "id": "node/5202107562"
    },
    {
      "type": "Feature",
      "properties": {
        "@id": "node/5202107563",
        "name": "Строгино",
        "public_transport": "stop_position",
        "railway": "stop",
        "subway": "yes"
      },
      "geometry": {
        "type": "Point",
        "coordinates": [
          37.4030419,
          55.8036389
        ]
      },
      "id": "node/5202107563"
    },
    {
      "type": "Feature",
      "properties": {
        "@id": "node/5202107564",
        "colour": "blue",
        "depth": "8",
        "internet_access": "wlan",
        "layer": "-4",
        "name": "Строгино",
        "name:be": "Страгіно",
        "name:en": "Strogino",
        "name:ml": "സ്ട്രോഗിനോ",
        "name:ru": "Строгино",
        "name:uk": "Строгіно",
        "network": "Московский метрополитен",
        "opening_hours": "Mo-Su 05:30-01:00",
        "operator": "ГУП «Московский метрополитен»",
        "outdoor_seating": "no",
        "public_transport": "station",
        "railway": "station",
        "start_date": "2008-01-07",
        "station": "subway",
        "subway": "yes",
        "website": "http://mosmetro.ru",
        "wheelchair": "yes",
        "wikidata": "Q2721105"
      },
      "geometry": {
        "type": "Point",
        "coordinates": [
          37.4030833,
          55.8037017
        ]
      },
      "id": "node/5202107564"
    },
    {
      "type": "Feature",
      "properties": {
        "@id": "node/5202107567",
        "name": "Волоколамская",
        "public_transport": "stop_position",
        "railway": "stop",
        "subway": "yes"
      },
      "geometry": {
        "type": "Point",
        "coordinates": [
          37.3821591,
          55.8354831
        ]
      },
      "id": "node/5202107567"
    },
    {
      "type": "Feature",
      "properties": {
        "@id": "node/5202107568",
        "colour": "blue",
        "depth": "14",
        "internet_access": "wlan",
        "layer": "-2",
        "name": "Волоколамская",
        "name:be": "Валакаламская",
        "name:en": "Volokolamskaya",
        "name:ml": "വോലോകോലാംസ്കായ",
        "name:ru": "Волоколамская",
        "name:uk": "Волоколамська",
        "network": "Московский метрополитен",
        "opening_hours": "Mo-Su 05:30-01:00",
        "operator": "ГУП «Московский метрополитен»",
        "outdoor_seating": "no",
        "public_transport": "station",
        "railway": "station",
        "start_date": "2009-12-26",
        "station": "subway",
        "subway": "yes",
        "website": "http://mosmetro.ru",
        "wheelchair": "yes",
        "wikidata": "Q2006479"
      },
      "geometry": {
        "type": "Point",
        "coordinates": [
          37.3822424,
          55.8355134
        ]
      },
      "id": "node/5202107568"
    },
    {
      "type": "Feature",
      "properties": {
        "@id": "node/5202107569",
        "name": "Курская",
        "public_transport": "stop_position",
        "railway": "stop",
        "subway": "yes"
      },
      "geometry": {
        "type": "Point",
        "coordinates": [
          37.6585229,
          55.7579205
        ]
      },
      "id": "node/5202107569"
    },
    {
      "type": "Feature",
      "properties": {
        "@id": "node/5202107570",
        "colour": "blue",
        "depth": "30.7",
        "internet_access": "wlan",
        "layer": "-4",
        "name": "Курская",
        "name:be": "Курская",
        "name:en": "Kurskaya",
        "name:ml": "കുർസ്കായ",
        "name:ru": "Курская",
        "name:uk": "Курська",
        "network": "Московский метрополитен",
        "opening_hours": "Mo-Su 05:30-01:00",
        "operator": "ГУП «Московский метрополитен»",
        "outdoor_seating": "no",
        "public_transport": "station",
        "railway": "station",
        "start_date": "1938-03-13",
        "station": "subway",
        "subway": "yes",
        "website": "http://mosmetro.ru",
        "wikidata": "Q2723878",
        "wikipedia": "ru:Курская (станция метро, Арбатско-Покровская линия)"
      },
      "geometry": {
        "type": "Point",
        "coordinates": [
          37.6584192,
          55.7580191
        ]
      },
      "id": "node/5202107570"
    },
    {
      "type": "Feature",
      "properties": {
        "@id": "node/5202107571",
        "name": "Чкаловская",
        "public_transport": "stop_position",
        "railway": "stop",
        "subway": "yes"
      },
      "geometry": {
        "type": "Point",
        "coordinates": [
          37.6567571,
          55.756964
        ]
      },
      "id": "node/5202107571"
    },
    {
      "type": "Feature",
      "properties": {
        "@id": "node/5202107572",
        "colour": "#b4d445",
        "depth": "51",
        "internet_access": "wlan",
        "layer": "-4",
        "name": "Чкаловская",
        "name:be": "Чкалаўская",
        "name:cs": "Čkalovskaja",
        "name:de": "Tschkalowskaja",
        "name:en": "Chkalovskaya",
        "name:it": "Čkalovskaja",
        "name:ml": "ച്കലോവ്സ്കായ",
        "name:pl": "Czkałowskaja",
        "name:pt": "Estação Tchkalovskaia",
        "name:ru": "Чкаловская",
        "name:sv": "Tjkalovskaja",
        "name:uk": "Чкаловська",
        "network": "Московский метрополитен",
        "opening_hours": "Mo-Su 05:30-01:00",
        "operator": "ГУП «Московский метрополитен»",
        "outdoor_seating": "no",
        "public_transport": "station",
        "railway": "station",
        "start_date": "1995-12-28",
        "station": "subway",
        "subway": "yes",
        "website": "http://mosmetro.ru",
        "wikidata": "Q939190"
      },
      "geometry": {
        "type": "Point",
        "coordinates": [
          37.6569978,
          55.7567019
        ]
      },
      "id": "node/5202107572"
    },
    {
      "type": "Feature",
      "properties": {
        "@id": "node/5202107574",
        "alt_name:en": "VDNHa",
        "colour": "orange",
        "depth": "53.5",
        "internet_access": "wlan",
        "layer": "-4",
        "name": "ВДНХ",
        "name:be": "ВДНГ",
        "name:cs": "VDNCh",
        "name:de": "WDNCh",
        "name:en": "VDNKh",
        "name:es": "VDNJ",
        "name:fr": "VDNKh",
        "name:it": "VDNCh",
        "name:ml": "വി.ഡി.എൻ.ഖ്.",
        "name:pl": "WDNCh",
        "name:pt": "Estação VDNKh",
        "name:ru": "ВДНХ",
        "name:sv": "VDNCh",
        "name:tr": "WDNCh",
        "name:uk": "ВДНГ",
        "network": "Московский метрополитен",
        "opening_hours": "Mo-Su 05:25-01:00",
        "operator": "ГУП «Московский метрополитен»",
        "outdoor_seating": "no",
        "public_transport": "station",
        "railway": "station",
        "start_date": "1958-05-01",
        "station": "subway",
        "subway": "yes",
        "website": "http://mosmetro.ru/",
        "wheelchair": "no",
        "wikidata": "Q1627784",
        "wikipedia": "ru:ВДНХ (станция метро)"
      },
      "geometry": {
        "type": "Point",
        "coordinates": [
          37.6412006,
          55.8209553
        ]
      },
      "id": "node/5202107574"
    },
    {
      "type": "Feature",
      "properties": {
        "@id": "node/5202107575",
        "name": "Сокол",
        "public_transport": "stop_position",
        "railway": "stop",
        "subway": "yes"
      },
      "geometry": {
        "type": "Point",
        "coordinates": [
          37.5151597,
          55.8052938
        ]
      },
      "id": "node/5202107575"
    },
    {
      "type": "Feature",
      "properties": {
        "@id": "node/5202107576",
        "colour": "green",
        "depth": "9.6",
        "internet_access": "wlan",
        "layer": "-2",
        "name": "Сокол",
        "name:be": "Сокал",
        "name:en": "Sokol",
        "name:ml": "സോക്കോൽ",
        "name:ru": "Сокол",
        "name:uk": "Сокіл",
        "network": "Московский метрополитен",
        "opening_hours": "Mo-Su 05:20-01:00",
        "operator": "ГУП «Московский метрополитен»",
        "outdoor_seating": "no",
        "public_transport": "station",
        "railway": "station",
        "start_date": "1938-09-11",
        "station": "subway",
        "subway": "yes",
        "website": "http://mosmetro.ru",
        "wheelchair": "no",
        "wikidata": "Q376831"
      },
      "geometry": {
        "type": "Point",
        "coordinates": [
          37.5150534,
          55.805267
        ]
      },
      "id": "node/5202107576"
    },
    {
      "type": "Feature",
      "properties": {
        "@id": "node/5308689093",
        "colour": "green",
        "depth": "14",
        "internet_access": "wlan",
        "layer": "-4",
        "name": "Ховрино",
        "name:en": "Khovrino",
        "name:ml": "ഖോവ്രിനോ",
        "network": "Московский метрополитен",
        "opening_hours": "Mo-Su 05:30-01:00",
        "operator": "ГУП «Московский метрополитен»",
        "outdoor_seating": "no",
        "public_transport": "station",
        "railway": "station",
        "start_date": "2017-12-31",
        "station": "subway",
        "subway": "yes",
        "website": "http://mosmetro.ru",
        "wikidata": "Q4472156",
        "wikipedia": "ru:Ховрино (станция метро)"
      },
      "geometry": {
        "type": "Point",
        "coordinates": [
          37.4808537,
          55.8781525
        ]
      },
      "id": "node/5308689093"
    },
    {
      "type": "Feature",
      "properties": {
        "@id": "node/5330792103",
        "name": "Ховрино",
        "public_transport": "stop_position",
        "railway": "stop",
        "subway": "yes"
      },
      "geometry": {
        "type": "Point",
        "coordinates": [
          37.48111,
          55.8774655
        ]
      },
      "id": "node/5330792103"
    },
    {
      "type": "Feature",
      "properties": {
        "@id": "node/5330792104",
        "name": "Ховрино",
        "public_transport": "stop_position",
        "railway": "stop",
        "subway": "yes"
      },
      "geometry": {
        "type": "Point",
        "coordinates": [
          37.4806188,
          55.8788071
        ]
      },
      "id": "node/5330792104"
    },
    {
      "type": "Feature",
      "properties": {
        "@id": "node/5436404611",
        "colour": "#82C0C0",
        "depth": "21",
        "internet_access": "wlan",
        "layer": "-5",
        "name": "Хорошёвская",
        "name:en": "Horoshyovskaya",
        "name:ml": "ഹൊറോഷ്യോവ്സ്കായ",
        "name:ru": "Хорошёвская",
        "network": "Московский метрополитен",
        "opening_hours": "Mo-Su 05:30-01:00",
        "operator": "ГУП «Московский метрополитен»",
        "outdoor_seating": "no",
        "public_transport": "station",
        "railway": "station",
        "start_date": "2018-02-26",
        "station": "subway",
        "subway": "yes",
        "website": "http://mosmetro.ru",
        "wheelchair": "yes",
        "wikidata": "Q4500187",
        "wikipedia": "ru:Хорошёвская (станция метро)"
      },
      "geometry": {
        "type": "Point",
        "coordinates": [
          37.5191367,
          55.7766946
        ]
      },
      "id": "node/5436404611"
    },
    {
      "type": "Feature",
      "properties": {
        "@id": "node/5436412993",
        "colour": "#82C0C0",
        "depth": "25",
        "internet_access": "wlan",
        "layer": "-5",
        "name": "Петровский парк",
        "name:en": "Petrovskiy Park",
        "name:ml": "പെട്രോവ്സ്കി പാർക്ക്",
        "name:ru": "Петровский парк",
        "network": "Московский метрополитен",
        "opening_hours": "Mo-Su 05:30-01:00",
        "operator": "ГУП «Московский метрополитен»",
        "outdoor_seating": "no",
        "public_transport": "station",
        "railway": "station",
        "start_date": "2018-02-26",
        "station": "subway",
        "subway": "yes",
        "website": "http://mosmetro.ru",
        "wheelchair": "yes",
        "wikidata": "Q4361260"
      },
      "geometry": {
        "type": "Point",
        "coordinates": [
          37.5570925,
          55.7919222
        ]
      },
      "id": "node/5436412993"
    },
    {
      "type": "Feature",
      "properties": {
        "@id": "node/5436420781",
        "colour": "#82C0C0",
        "depth": "28",
        "internet_access": "wlan",
        "layer": "-5",
        "name": "ЦСКА",
        "name:en": "CSKA",
        "name:ml": "സി.എസ്.കെ.എ.",
        "name:ru": "ЦСКА",
        "network": "Московский метрополитен",
        "opening_hours": "Mo-Su 05:30-01:00",
        "operator": "ГУП «Московский метрополитен»",
        "outdoor_seating": "no",
        "public_transport": "station",
        "railway": "station",
        "start_date": "2018-02-26",
        "station": "subway",
        "subway": "yes",
        "website": "http://mosmetro.ru",
        "wheelchair": "yes",
        "wikidata": "Q4498830",
        "wikipedia": "ru:ЦСКА (станция метро)"
      },
      "geometry": {
        "type": "Point",
        "coordinates": [
          37.5332007,
          55.786561
        ]
      },
      "id": "node/5436420781"
    },
    {
      "type": "Feature",
      "properties": {
        "@id": "node/5482245444",
        "colour": "#b4d445",
        "depth": "20",
        "internet_access": "wlan",
        "layer": "-4",
        "name": "Селигерская",
        "name:ml": "സെലിഗെർസ്കായ",
        "network": "Московский метрополитен",
        "opening_hours": "Mo-Su 05:25-01:00",
        "operator": "ГУП «Московский метрополитен»",
        "outdoor_seating": "no",
        "public_transport": "station",
        "railway": "station",
        "start_date": "2018-03-22",
        "station": "subway",
        "subway": "yes",
        "website": "http://mosmetro.ru",
        "wheelchair": "yes",
        "wikidata": "Q4413756",
        "wikipedia": "ru:Селигерская (станция метро)"
      },
      "geometry": {
        "type": "Point",
        "coordinates": [
          37.5471803,
          55.8666119
        ]
      },
      "id": "node/5482245444"
    },
    {
      "type": "Feature",
      "properties": {
        "@id": "node/5482407019",
        "colour": "#b4d445",
        "depth": "65",
        "internet_access": "wlan",
        "layer": "-4",
        "name": "Верхние Лихоборы",
        "name:ml": "വെർഖ്നിയെ ലിഖോബോറി",
        "network": "Московский метрополитен",
        "opening_hours": "Mo-Su 05:30-01:00",
        "operator": "ГУП «Московский метрополитен»",
        "outdoor_seating": "no",
        "public_transport": "station",
        "railway": "station",
        "start_date": "2018-03-22",
        "station": "subway",
        "subway": "yes",
        "website": "http://mosmetro.ru",
        "wikidata": "Q4108589",
        "wikipedia": "ru:Верхние Лихоборы (станция метро)"
      },
      "geometry": {
        "type": "Point",
        "coordinates": [
          37.5613445,
          55.8561131
        ]
      },
      "id": "node/5482407019"
    },
    {
      "type": "Feature",
      "properties": {
        "@id": "node/5482410676",
        "colour": "#b4d445",
        "depth": "65",
        "fixme": "точка прилипла к стене",
        "internet_access": "wlan",
        "layer": "-4",
        "name": "Окружная",
        "name:ml": "ഒക്രുജ്നായ",
        "network": "Московский метрополитен",
        "opening_hours": "Mo-Su 05:30-01:00",
        "operator": "ГУП «Московский метрополитен»",
        "outdoor_seating": "no",
        "public_transport": "station",
        "railway": "station",
        "start_date": "2018-03-22",
        "station": "subway",
        "subway": "yes",
        "website": "http://mosmetro.ru",
        "wheelchair": "no",
        "wikidata": "Q4332750",
        "wikipedia": "ru:Окружная (станция метро)"
      },
      "geometry": {
        "type": "Point",
        "coordinates": [
          37.5738294,
          55.8460256
        ]
      },
      "id": "node/5482410676"
    },
    {
      "type": "Feature",
      "properties": {
        "@id": "node/5482806574",
        "name": "Хорошёвская",
        "public_transport": "stop_position",
        "railway": "stop",
        "subway": "yes"
      },
      "geometry": {
        "type": "Point",
        "coordinates": [
          37.5191501,
          55.7766263
        ]
      },
      "id": "node/5482806574"
    },
    {
      "type": "Feature",
      "properties": {
        "@id": "node/5482806575",
        "name": "Хорошёвская",
        "public_transport": "stop_position",
        "railway": "stop",
        "subway": "yes"
      },
      "geometry": {
        "type": "Point",
        "coordinates": [
          37.5190997,
          55.7767572
        ]
      },
      "id": "node/5482806575"
    },
    {
      "type": "Feature",
      "properties": {
        "@id": "node/5482806576",
        "name": "ЦСКА",
        "public_transport": "stop_position",
        "railway": "stop",
        "subway": "yes"
      },
      "geometry": {
        "type": "Point",
        "coordinates": [
          37.5332889,
          55.7865174
        ]
      },
      "id": "node/5482806576"
    },
    {
      "type": "Feature",
      "properties": {
        "@id": "node/5482806577",
        "name": "ЦСКА",
        "public_transport": "stop_position",
        "subway": "yes"
      },
      "geometry": {
        "type": "Point",
        "coordinates": [
          37.5331136,
          55.7866083
        ]
      },
      "id": "node/5482806577"
    },
    {
      "type": "Feature",
      "properties": {
        "@id": "node/5482806578",
        "name": "Петровский парк",
        "public_transport": "stop_position",
        "railway": "stop",
        "subway": "yes"
      },
      "geometry": {
        "type": "Point",
        "coordinates": [
          37.557192,
          55.7918868
        ]
      },
      "id": "node/5482806578"
    },
    {
      "type": "Feature",
      "properties": {
        "@id": "node/5482806579",
        "addr:city": "Москва",
        "addr:street": "Трудовая аллея",
        "layer": "-5",
        "name": "Петровский парк",
        "public_transport": "stop_position",
        "railway": "stop",
        "subway": "yes"
      },
      "geometry": {
        "type": "Point",
        "coordinates": [
          37.556998,
          55.7919632
        ]
      },
      "id": "node/5482806579"
    },
    {
      "type": "Feature",
      "properties": {
        "@id": "node/5868120884",
        "colour": "yellow",
        "depth": "0",
        "fixme": "Уточнить расположение и достоверность wheelchair",
        "internet_access": "wlan",
        "layer": "-4",
        "name": "Мичуринский проспект",
        "name:en": "Michurinskiy prospekt",
        "name:ml": "മിച്ചുറിൻസ്കി പ്രോസ്പെക്റ്റ്",
        "name:ru": "Мичуринский проспект",
        "network": "Московский метрополитен",
        "opening_hours": "Mo-Su 05:30-01:00",
        "operator": "ГУП «Московский метрополитен»",
        "outdoor_seating": "no",
        "public_transport": "station",
        "railway": "station",
        "start_date": "2018-08-30",
        "station": "subway",
        "subway": "yes",
        "website": "http://mosmetro.ru",
        "wheelchair": "yes",
        "wikidata": "Q4298337"
      },
      "geometry": {
        "type": "Point",
        "coordinates": [
          37.4828443,
          55.6893341
        ]
      },
      "id": "node/5868120884"
    },
    {
      "type": "Feature",
      "properties": {
        "@id": "node/5868122985",
        "colour": "yellow",
        "depth": "25",
        "fixme": "Уточнить расположение и достоверность wheelchair",
        "internet_access": "wlan",
        "layer": "-4",
        "name": "Озёрная",
        "name:en": "Ozyornaya",
        "name:ml": "ഒസ്യോർനായ",
        "name:ru": "Озёрная",
        "network": "Московский метрополитен",
        "opening_hours": "Mo-Su 05:30-01:00",
        "operator": "ГУП «Московский метрополитен»",
        "outdoor_seating": "no",
        "public_transport": "station",
        "railway": "station",
        "start_date": "2018-08-30",
        "station": "subway",
        "subway": "yes",
        "website": "http://mosmetro.ru",
        "wheelchair": "yes",
        "wikidata": "Q4340635"
      },
      "geometry": {
        "type": "Point",
        "coordinates": [
          37.4487297,
          55.6705052
        ]
      },
      "id": "node/5868122985"
    },
    {
      "type": "Feature",
      "properties": {
        "@id": "node/5868122986",
        "colour": "yellow",
        "depth": "16",
        "fixme": "Уточнить расположение и достоверность wheelchair",
        "internet_access": "wlan",
        "layer": "-4",
        "name": "Новопеределкино",
        "name:en": "Novoperedelkino",
        "name:ml": "നോവോപെറെഡെൽക്കിനോ",
        "name:ru": "Новопеределкино",
        "network": "Московский метрополитен",
        "opening_hours": "Mo-Su 05:30-01:00",
        "operator": "ГУП «Московский метрополитен»",
        "outdoor_seating": "no",
        "public_transport": "station",
        "railway": "station",
        "start_date": "2018-08-30",
        "station": "subway",
        "subway": "yes",
        "website": "http://mosmetro.ru",
        "wheelchair": "yes",
        "wikidata": "Q4324873",
        "wikipedia": "ru:Новопеределкино (станция метро)"
      },
      "geometry": {
        "type": "Point",
        "coordinates": [
          37.3551039,
          55.639625
        ]
      },
      "id": "node/5868122986"
    },
    {
      "type": "Feature",
      "properties": {
        "@id": "node/5868122987",
        "colour": "yellow",
        "depth": "12",
        "fixme": "Уточнить расположение и достоверность wheelchair",
        "internet_access": "wlan",
        "layer": "-4",
        "name": "Рассказовка",
        "name:en": "Rasskazovka",
        "name:ml": "റാസ്കസോവ്ക",
        "name:ru": "Рассказовка",
        "network": "Московский метрополитен",
        "opening_hours": "Mo-Su 05:30-01:00",
        "operator": "ГУП «Московский метрополитен»",
        "outdoor_seating": "no",
        "public_transport": "station",
        "railway": "station",
        "start_date": "2018-08-30",
        "station": "subway",
        "subway": "yes",
        "website": "http://mosmetro.ru",
        "wheelchair": "yes",
        "wikidata": "Q16691227"
      },
      "geometry": {
        "type": "Point",
        "coordinates": [
          37.3350858,
          55.6340295
        ]
      },
      "id": "node/5868122987"
    },
    {
      "type": "Feature",
      "properties": {
        "@id": "node/5868122988",
        "colour": "yellow",
        "depth": "20",
        "fixme": "Уточнить расположение и достоверность wheelchair",
        "internet_access": "wlan",
        "layer": "-4",
        "name": "Боровское шоссе",
        "name:en": "Borovskoe shosse",
        "name:ml": "ബോറോവ്‌സ്‌കോയെ ഷോസ്സെ",
        "name:ru": "Боровское шоссе",
        "network": "Московский метрополитен",
        "opening_hours": "Mo-Su 05:30-01:00",
        "operator": "ГУП «Московский метрополитен»",
        "outdoor_seating": "no",
        "public_transport": "station",
        "railway": "station",
        "start_date": "2018-08-30",
        "station": "subway",
        "subway": "yes",
        "website": "http://mosmetro.ru",
        "wheelchair": "yes",
        "wikidata": "Q4094418"
      },
      "geometry": {
        "type": "Point",
        "coordinates": [
          37.3704228,
          55.6477505
        ]
      },
      "id": "node/5868122988"
    },
    {
      "type": "Feature",
      "properties": {
        "@id": "node/5868122989",
        "colour": "yellow",
        "depth": "13",
        "fixme": "Уточнить расположение и достоверность wheelchair",
        "internet_access": "wlan",
        "layer": "-4",
        "name": "Солнцево",
        "name:en": "Solntsevo",
        "name:eo": "Solncevo",
        "name:ml": "സോൾന്റ്സെവോ",
        "name:nl": "Solntsevo",
        "name:ru": "Солнцево",
        "network": "Московский метрополитен",
        "opening_hours": "Mo-Su 05:25-01:00",
        "operator": "ГУП «Московский метрополитен»",
        "outdoor_seating": "no",
        "public_transport": "station",
        "railway": "station",
        "start_date": "2018-08-30",
        "station": "subway",
        "subway": "yes",
        "website": "http://mosmetro.ru",
        "wheelchair": "yes",
        "wikidata": "Q4427892",
        "wikipedia": "ru:Солнцево (станция метро)"
      },
      "geometry": {
        "type": "Point",
        "coordinates": [
          37.3911002,
          55.649569
        ]
      },
      "id": "node/5868122989"
    },
    {
      "type": "Feature",
      "properties": {
        "@id": "node/5868122990",
        "colour": "yellow",
        "depth": "14",
        "internet_access": "wlan",
        "layer": "-4",
        "name": "Говорово",
        "name:en": "Govorovo",
        "name:ml": "ഗോവോറോവോ",
        "name:ru": "Говорово",
        "network": "Московский метрополитен",
        "opening_hours": "Mo-Su 05:25-01:00",
        "operator": "ГУП «Московский метрополитен»",
        "outdoor_seating": "no",
        "public_transport": "station",
        "railway": "station",
        "start_date": "2018-08-30",
        "station": "subway",
        "subway": "yes",
        "website": "http://mosmetro.ru",
        "wheelchair": "yes",
        "wikidata": "Q16705780"
      },
      "geometry": {
        "type": "Point",
        "coordinates": [
          37.417239,
          55.6595519
        ]
      },
      "id": "node/5868122990"
    },
    {
      "type": "Feature",
      "properties": {
        "@id": "node/6147634222",
        "colour": "green",
        "depth": "18",
        "internet_access": "wlan",
        "layer": "-4",
        "name": "Беломорская",
        "name:en": "Belomorskaja",
        "name:ml": "ബെലോമോർസ്കായ",
        "name:ru": "Беломорская",
        "network": "Московский метрополитен",
        "opening_hours": "Mo-Su 05:30-01:00",
        "operator": "ГУП «Московский метрополитен»",
        "outdoor_seating": "no",
        "public_transport": "station",
        "railway": "station",
        "start_date": "2018-12-20",
        "station": "subway",
        "subway": "yes",
        "website": "http://mosmetro.ru",
        "wheelchair": "yes",
        "wikidata": "Q4082593",
        "wikipedia": "ru:Беломорская (станция метро)"
      },
      "geometry": {
        "type": "Point",
        "coordinates": [
          37.4748773,
          55.8649644
        ]
      },
      "id": "node/6147634222"
    },
    {
      "type": "Feature",
      "properties": {
        "@id": "node/6147634223",
        "name": "Беломорская",
        "name:ru": "Беломорская",
        "public_transport": "stop_position",
        "railway": "stop",
        "subway": "yes"
      },
      "geometry": {
        "type": "Point",
        "coordinates": [
          37.4750567,
          55.8651307
        ]
      },
      "id": "node/6147634223"
    },
    {
      "type": "Feature",
      "properties": {
        "@id": "node/6147634224",
        "name": "Беломорская",
        "name:ru": "Беломорская",
        "public_transport": "stop_position",
        "railway": "stop",
        "subway": "yes"
      },
      "geometry": {
        "type": "Point",
        "coordinates": [
          37.4751757,
          55.8650355
        ]
      },
      "id": "node/6147634224"
    },
    {
      "type": "Feature",
      "properties": {
        "@id": "node/6172651201",
        "colour": "#82C0C0",
        "depth": "65",
        "internet_access": "wlan",
        "layer": "-5",
        "loc_name": "Савёла",
        "name": "Савёловская",
        "name:be": "Савёлаўская",
        "name:en": "Savyolovskaya",
        "name:ml": "സാവ്യോലോവ്സ്കായ",
        "name:ru": "Савёловская",
        "name:uk": "Савелівська",
        "network": "Московский метрополитен",
        "opening_hours": "Mo-Su 05:30-01:00",
        "operator": "ГУП «Московский метрополитен»",
        "outdoor_seating": "no",
        "public_transport": "station",
        "railway": "station",
        "start_date": "2018-12-30",
        "station": "subway",
        "subway": "yes",
        "website": "http://mosmetro.ru",
        "wheelchair": "no"
      },
      "geometry": {
        "type": "Point",
        "coordinates": [
          37.5861196,
          55.7923287
        ]
      },
      "id": "node/6172651201"
    },
    {
      "type": "Feature",
      "properties": {
        "@id": "node/6207905523",
        "indoor": "yes",
        "level": "-4",
        "name": "Савёловская",
        "public_transport": "stop_position",
        "railway": "stop",
        "subway": "yes"
      },
      "geometry": {
        "type": "Point",
        "coordinates": [
          37.5861026,
          55.7924281
        ]
      },
      "id": "node/6207905523"
    },
    {
      "type": "Feature",
      "properties": {
        "@id": "node/6207905524",
        "indoor": "yes",
        "level": "-4",
        "name": "Савёловская",
        "public_transport": "stop_position",
        "railway": "stop",
        "subway": "yes"
      },
      "geometry": {
        "type": "Point",
        "coordinates": [
          37.5861452,
          55.7922309
        ]
      },
      "id": "node/6207905524"
    },
    {
      "type": "Feature",
      "properties": {
        "@id": "node/6518539849",
        "colour": "#FFCBDB",
        "depth": "27",
        "internet_access": "wlan",
        "layer": "-3",
        "name": "Косино",
        "name:en": "Kosino",
        "name:ml": "കൊസിനോ",
        "network": "Московский метрополитен",
        "opening_hours": "Mo-Su 05:25-01:00",
        "operator": "ГУП «Московский метрополитен»",
        "outdoor_seating": "no",
        "public_transport": "station",
        "railway": "station",
        "start_date": "2019-06-03",
        "station": "subway",
        "subway": "yes",
        "website": "http://mosmetro.ru/",
        "wheelchair": "yes",
        "wikidata": "Q4234882",
        "wikipedia": "ru:Косино (станция метро)"
      },
      "geometry": {
        "type": "Point",
        "coordinates": [
          37.8510317,
          55.7034168
        ]
      },
      "id": "node/6518539849"
    },
    {
      "type": "Feature",
      "properties": {
        "@id": "node/6518539850",
        "colour": "#FFCBDB",
        "depth": "18",
        "internet_access": "wlan",
        "name": "Улица Дмитриевского",
        "name:en": "Ulitsa Dmitriyevskogo",
        "name:ml": "ഡിമിട്രിയേവ്‌സ്‌കോഗോ തെരുവ്",
        "network": "Московский метрополитен",
        "opening_hours": "Mo-Su 05:25-01:00",
        "operator": "ГУП «Московский метрополитен»",
        "outdoor_seating": "no",
        "public_transport": "station",
        "railway": "station",
        "start_date": "2019-06-03",
        "station": "subway",
        "subway": "yes",
        "website": "http://mosmetro.ru/",
        "wheelchair": "yes",
        "wikidata": "Q4406078",
        "wikipedia": "ru:Улица Дмитриевского (станция метро)"
      },
      "geometry": {
        "type": "Point",
        "coordinates": [
          37.8802008,
          55.7101029
        ]
      },
      "id": "node/6518539850"
    },
    {
      "type": "Feature",
      "properties": {
        "@id": "node/6518539851",
        "colour": "#FFCBDB",
        "depth": "15",
        "internet_access": "wlan",
        "name": "Лухмановская",
        "name:en": "Lukhmanovskaya",
        "name:ml": "ലുഖ്മനോവ്സ്കായ",
        "network": "Московский метрополитен",
        "opening_hours": "Mo-Su 05:20-01:00",
        "operator": "ГУП «Московский метрополитен»",
        "outdoor_seating": "no",
        "public_transport": "station",
        "railway": "station",
        "start_date": "2019-06-03",
        "station": "subway",
        "subway": "yes",
        "website": "http://mosmetro.ru/",
        "wheelchair": "yes",
        "wikidata": "Q4234876",
        "wikipedia": "ru:Лухмановская"
      },
      "geometry": {
        "type": "Point",
        "coordinates": [
          37.9010164,
          55.70851
        ]
      },
      "id": "node/6518539851"
    },
    {
      "type": "Feature",
      "properties": {
        "@id": "node/6518539852",
        "colour": "#FFCBDB",
        "depth": "16",
        "internet_access": "wlan",
        "name": "Некрасовка",
        "name:en": "Nekrasovka",
        "name:ml": "നെക്രാസോവ്ക",
        "network": "Московский метрополитен",
        "opening_hours": "Mo-Su 05:30-01:00",
        "operator": "ГУП «Московский метрополитен»",
        "outdoor_seating": "no",
        "public_transport": "station",
        "railway": "station",
        "start_date": "2019-06-03",
        "station": "subway",
        "subway": "yes",
        "website": "http://mosmetro.ru/",
        "wheelchair": "yes",
        "wikidata": "Q4316614",
        "wikipedia": "ru:Некрасовка (станция метро)"
      },
      "geometry": {
        "type": "Point",
        "coordinates": [
          37.9281784,
          55.7028909
        ]
      },
      "id": "node/6518539852"
    },
    {
      "type": "Feature",
      "properties": {
        "@id": "node/6560279948",
        "colour": "red",
        "depth": "8",
        "internet_access": "wlan",
        "layer": "-2",
        "name": "Новомосковская",
        "network": "Московский метрополитен",
        "old_name": "Коммунарка",
        "opening_hours": "Mo-Su 05:30-01:00",
        "operator": "ГУП «Московский метрополитен»",
        "outdoor_seating": "no",
        "public_transport": "station",
        "railway": "station",
        "start_date": "2019-06-20",
        "station": "subway",
        "subway": "yes",
        "website": "http://mosmetro.ru",
        "wheelchair": "yes",
        "wikidata": "Q24046577",
        "wikipedia": "ru:Новомосковская (станция метро, Сокольническая линия)"
      },
      "geometry": {
        "type": "Point",
        "coordinates": [
          37.4680062,
          55.5605675
        ]
      },
      "id": "node/6560279948"
    },
    {
      "type": "Feature",
      "properties": {
        "@id": "node/6560279949",
        "colour": "red",
        "depth": "12",
        "internet_access": "wlan",
        "name": "Ольховая",
        "network": "Московский метрополитен",
        "opening_hours": "Mo-Su 05:30-01:00",
        "operator": "ГУП «Московский метрополитен»",
        "outdoor_seating": "no",
        "public_transport": "station",
        "railway": "station",
        "start_date": "2019-06-20",
        "station": "subway",
        "subway": "yes",
        "website": "http://mosmetro.ru",
        "wikidata": "Q27921408",
        "wikipedia": "ru:Ольховая (станция метро)"
      },
      "geometry": {
        "type": "Point",
        "coordinates": [
          37.4593593,
          55.568621
        ]
      },
      "id": "node/6560279949"
    },
    {
      "type": "Feature",
      "properties": {
        "@id": "node/6560279950",
        "colour": "red",
        "depth": "0",
        "internet_access": "wlan",
        "name": "Прокшино",
        "network": "Московский метрополитен",
        "opening_hours": "Mo-Su 05:30-01:00",
        "operator": "ГУП «Московский метрополитен»",
        "outdoor_seating": "no",
        "public_transport": "station",
        "railway": "station",
        "start_date": "2019-06-20",
        "station": "subway",
        "subway": "yes",
        "website": "http://mosmetro.ru",
        "wikidata": "Q27888116",
        "wikipedia": "ru:Прокшино (станция метро)"
      },
      "geometry": {
        "type": "Point",
        "coordinates": [
          37.4338591,
          55.5862179
        ]
      },
      "id": "node/6560279950"
    },
    {
      "type": "Feature",
      "properties": {
        "@id": "node/6560279951",
        "colour": "red",
        "depth": "0",
        "internet_access": "wlan",
        "name": "Филатов Луг",
        "network": "Московский метрополитен",
        "opening_hours": "Mo-Su 05:30-01:00",
        "operator": "ГУП «Московский метрополитен»",
        "outdoor_seating": "no",
        "public_transport": "station",
        "railway": "station",
        "start_date": "2019-06-20",
        "station": "subway",
        "subway": "yes",
        "website": "http://mosmetro.ru",
        "wikidata": "Q27891514",
        "wikipedia": "ru:Филатов Луг (станция метро)"
      },
      "geometry": {
        "type": "Point",
        "coordinates": [
          37.4074265,
          55.6015282
        ]
      },
      "id": "node/6560279951"
    },
    {
      "type": "Feature",
      "properties": {
        "@id": "node/6937152846",
        "name": "Алтуфьево",
        "public_transport": "stop_position",
        "railway": "stop",
        "subway": "yes"
      },
      "geometry": {
        "type": "Point",
        "coordinates": [
          37.5872554,
          55.8979232
        ]
      },
      "id": "node/6937152846"
    },
    {
      "type": "Feature",
      "properties": {
        "@id": "node/6937152847",
        "name": "Алтуфьево",
        "public_transport": "stop_position",
        "railway": "stop",
        "subway": "yes"
      },
      "geometry": {
        "type": "Point",
        "coordinates": [
          37.5874668,
          55.8979152
        ]
      },
      "id": "node/6937152847"
    },
    {
      "type": "Feature",
      "properties": {
        "@id": "node/6937152848",
        "name": "Бибирево",
        "public_transport": "stop_position",
        "railway": "stop",
        "subway": "yes"
      },
      "geometry": {
        "type": "Point",
        "coordinates": [
          37.6034891,
          55.8838284
        ]
      },
      "id": "node/6937152848"
    },
    {
      "type": "Feature",
      "properties": {
        "@id": "node/6937152849",
        "name": "Бибирево",
        "public_transport": "stop_position",
        "railway": "stop",
        "subway": "yes"
      },
      "geometry": {
        "type": "Point",
        "coordinates": [
          37.6036241,
          55.8839166
        ]
      },
      "id": "node/6937152849"
    },
    {
      "type": "Feature",
      "properties": {
        "@id": "node/6937152850",
        "name": "Отрадное",
        "public_transport": "stop_position",
        "railway": "stop",
        "subway": "yes"
      },
      "geometry": {
        "type": "Point",
        "coordinates": [
          37.604566,
          55.8632165
        ]
      },
      "id": "node/6937152850"
    },
    {
      "type": "Feature",
      "properties": {
        "@id": "node/6937152851",
        "name": "Отрадное",
        "public_transport": "stop_position",
        "railway": "stop",
        "subway": "yes"
      },
      "geometry": {
        "type": "Point",
        "coordinates": [
          37.6047409,
          55.8631559
        ]
      },
      "id": "node/6937152851"
    },
    {
      "type": "Feature",
      "properties": {
        "@id": "node/6937152852",
        "name": "Владыкино",
        "public_transport": "stop_position",
        "railway": "stop",
        "subway": "yes"
      },
      "geometry": {
        "type": "Point",
        "coordinates": [
          37.5898182,
          55.8471959
        ]
      },
      "id": "node/6937152852"
    },
    {
      "type": "Feature",
      "properties": {
        "@id": "node/6937152854",
        "name": "Тимирязевская",
        "public_transport": "stop_position",
        "railway": "stop",
        "subway": "yes"
      },
      "geometry": {
        "type": "Point",
        "coordinates": [
          37.5762821,
          55.8171074
        ]
      },
      "id": "node/6937152854"
    },
    {
      "type": "Feature",
      "properties": {
        "@id": "node/6937152855",
        "name": "Тимирязевская",
        "public_transport": "stop_position",
        "railway": "stop",
        "subway": "yes"
      },
      "geometry": {
        "type": "Point",
        "coordinates": [
          37.576495,
          55.8171438
        ]
      },
      "id": "node/6937152855"
    },
    {
      "type": "Feature",
      "properties": {
        "@id": "node/6937152856",
        "name": "Дмитровская",
        "public_transport": "stop_position",
        "railway": "stop",
        "subway": "yes"
      },
      "geometry": {
        "type": "Point",
        "coordinates": [
          37.581719,
          55.8065401
        ]
      },
      "id": "node/6937152856"
    },
    {
      "type": "Feature",
      "properties": {
        "@id": "node/6937152857",
        "name": "Дмитровская",
        "public_transport": "stop_position",
        "railway": "stop",
        "subway": "yes"
      },
      "geometry": {
        "type": "Point",
        "coordinates": [
          37.5820628,
          55.8065817
        ]
      },
      "id": "node/6937152857"
    },
    {
      "type": "Feature",
      "properties": {
        "@id": "node/6937152858",
        "indoor": "yes",
        "level": "-3",
        "name": "Савёловская",
        "public_transport": "stop_position",
        "railway": "stop",
        "subway": "yes"
      },
      "geometry": {
        "type": "Point",
        "coordinates": [
          37.5886625,
          55.7924469
        ]
      },
      "id": "node/6937152858"
    },
    {
      "type": "Feature",
      "properties": {
        "@id": "node/6937152859",
        "indoor": "yes",
        "level": "-3",
        "name": "Савёловская",
        "public_transport": "stop_position",
        "railway": "stop",
        "subway": "yes"
      },
      "geometry": {
        "type": "Point",
        "coordinates": [
          37.5889811,
          55.7925297
        ]
      },
      "id": "node/6937152859"
    },
    {
      "type": "Feature",
      "properties": {
        "@id": "node/6937152860",
        "name": "Менделеевская",
        "public_transport": "stop_position",
        "railway": "stop",
        "subway": "yes"
      },
      "geometry": {
        "type": "Point",
        "coordinates": [
          37.6019012,
          55.7808733
        ]
      },
      "id": "node/6937152860"
    },
    {
      "type": "Feature",
      "properties": {
        "@id": "node/6937152861",
        "name": "Менделеевская",
        "public_transport": "stop_position",
        "railway": "stop",
        "subway": "yes"
      },
      "geometry": {
        "type": "Point",
        "coordinates": [
          37.6020608,
          55.7810494
        ]
      },
      "id": "node/6937152861"
    },
    {
      "type": "Feature",
      "properties": {
        "@id": "node/6937152862",
        "name": "Цветной бульвар",
        "public_transport": "stop_position",
        "railway": "stop",
        "subway": "yes"
      },
      "geometry": {
        "type": "Point",
        "coordinates": [
          37.6177439,
          55.7709026
        ]
      },
      "id": "node/6937152862"
    },
    {
      "type": "Feature",
      "properties": {
        "@id": "node/6937152863",
        "name": "Цветной бульвар",
        "public_transport": "stop_position",
        "railway": "stop",
        "subway": "yes"
      },
      "geometry": {
        "type": "Point",
        "coordinates": [
          37.6180488,
          55.7708466
        ]
      },
      "id": "node/6937152863"
    },
    {
      "type": "Feature",
      "properties": {
        "@id": "node/6937152864",
        "name": "Тверская",
        "public_transport": "stop_position",
        "railway": "stop",
        "subway": "yes"
      },
      "geometry": {
        "type": "Point",
        "coordinates": [
          37.606428,
          55.7647089
        ]
      },
      "id": "node/6937152864"
    },
    {
      "type": "Feature",
      "properties": {
        "@id": "node/6937152865",
        "name": "Тверская",
        "public_transport": "stop_position",
        "railway": "stop",
        "subway": "yes"
      },
      "geometry": {
        "type": "Point",
        "coordinates": [
          37.606096,
          55.7651201
        ]
      },
      "id": "node/6937152865"
    },
    {
      "type": "Feature",
      "properties": {
        "@id": "node/6937152866",
        "name": "Пушкинская",
        "public_transport": "stop_position",
        "railway": "stop",
        "subway": "yes"
      },
      "geometry": {
        "type": "Point",
        "coordinates": [
          37.6073946,
          55.765343
        ]
      },
      "id": "node/6937152866"
    },
    {
      "type": "Feature",
      "properties": {
        "@id": "node/6937152867",
        "name": "Пушкинская",
        "public_transport": "stop_position",
        "railway": "stop",
        "subway": "yes"
      },
      "geometry": {
        "type": "Point",
        "coordinates": [
          37.607462,
          55.76551
        ]
      },
      "id": "node/6937152867"
    },
    {
      "type": "Feature",
      "properties": {
        "@id": "node/6937152868",
        "name": "Чеховская",
        "public_transport": "stop_position",
        "railway": "stop",
        "subway": "yes"
      },
      "geometry": {
        "type": "Point",
        "coordinates": [
          37.608944,
          55.764884
        ]
      },
      "id": "node/6937152868"
    },
    {
      "type": "Feature",
      "properties": {
        "@id": "node/6937152869",
        "name": "Чеховская",
        "public_transport": "stop_position",
        "railway": "stop",
        "subway": "yes"
      },
      "geometry": {
        "type": "Point",
        "coordinates": [
          37.6091913,
          55.7647628
        ]
      },
      "id": "node/6937152869"
    },
    {
      "type": "Feature",
      "properties": {
        "@id": "node/6937152870",
        "name": "Боровицкая",
        "public_transport": "stop_position",
        "railway": "stop",
        "subway": "yes"
      },
      "geometry": {
        "type": "Point",
        "coordinates": [
          37.6068809,
          55.7509611
        ]
      },
      "id": "node/6937152870"
    },
    {
      "type": "Feature",
      "properties": {
        "@id": "node/6937152871",
        "name": "Боровицкая",
        "public_transport": "stop_position",
        "railway": "stop",
        "subway": "yes"
      },
      "geometry": {
        "type": "Point",
        "coordinates": [
          37.6072316,
          55.7509817
        ]
      },
      "id": "node/6937152871"
    },
    {
      "type": "Feature",
      "properties": {
        "@id": "node/6937152872",
        "name": "Полянка",
        "public_transport": "stop_position",
        "railway": "stop",
        "subway": "yes"
      },
      "geometry": {
        "type": "Point",
        "coordinates": [
          37.6170396,
          55.738104
        ]
      },
      "id": "node/6937152872"
    },
    {
      "type": "Feature",
      "properties": {
        "@id": "node/6937152873",
        "name": "Полянка",
        "public_transport": "stop_position",
        "railway": "stop",
        "subway": "yes"
      },
      "geometry": {
        "type": "Point",
        "coordinates": [
          37.617338,
          55.7382183
        ]
      },
      "id": "node/6937152873"
    },
    {
      "type": "Feature",
      "properties": {
        "@id": "node/6937152874",
        "name": "Добрынинская",
        "public_transport": "stop_position",
        "railway": "stop",
        "subway": "yes"
      },
      "geometry": {
        "type": "Point",
        "coordinates": [
          37.6243963,
          55.7292208
        ]
      },
      "id": "node/6937152874"
    },
    {
      "type": "Feature",
      "properties": {
        "@id": "node/6937152875",
        "name": "Добрынинская",
        "public_transport": "stop_position",
        "railway": "stop",
        "subway": "yes"
      },
      "geometry": {
        "type": "Point",
        "coordinates": [
          37.6244426,
          55.728994
        ]
      },
      "id": "node/6937152875"
    },
    {
      "type": "Feature",
      "properties": {
        "@id": "node/6937152876",
        "name": "Серпуховская",
        "public_transport": "stop_position",
        "railway": "stop",
        "subway": "yes"
      },
      "geometry": {
        "type": "Point",
        "coordinates": [
          37.6246795,
          55.7279251
        ]
      },
      "id": "node/6937152876"
    },
    {
      "type": "Feature",
      "properties": {
        "@id": "node/6937152877",
        "name": "Серпуховская",
        "public_transport": "stop_position",
        "railway": "stop",
        "subway": "yes"
      },
      "geometry": {
        "type": "Point",
        "coordinates": [
          37.6249873,
          55.7279702
        ]
      },
      "id": "node/6937152877"
    },
    {
      "type": "Feature",
      "properties": {
        "@id": "node/6937152878",
        "name": "Тульская",
        "public_transport": "stop_position",
        "railway": "stop",
        "subway": "yes"
      },
      "geometry": {
        "type": "Point",
        "coordinates": [
          37.6227144,
          55.7086642
        ]
      },
      "id": "node/6937152878"
    },
    {
      "type": "Feature",
      "properties": {
        "@id": "node/6937152879",
        "name": "Тульская",
        "public_transport": "stop_position",
        "railway": "stop",
        "subway": "yes"
      },
      "geometry": {
        "type": "Point",
        "coordinates": [
          37.6229201,
          55.7086648
        ]
      },
      "id": "node/6937152879"
    },
    {
      "type": "Feature",
      "properties": {
        "@id": "node/6937152880",
        "name": "Улица Старокачаловская",
        "public_transport": "stop_position",
        "railway": "stop",
        "subway": "yes"
      },
      "geometry": {
        "type": "Point",
        "coordinates": [
          37.5769024,
          55.5688933
        ]
      },
      "id": "node/6937152880"
    },
    {
      "type": "Feature",
      "properties": {
        "@id": "node/6937152881",
        "name": "Бульвар Дмитрия Донского",
        "public_transport": "stop_position",
        "railway": "stop",
        "subway": "yes"
      },
      "geometry": {
        "type": "Point",
        "coordinates": [
          37.5767599,
          55.5692699
        ]
      },
      "id": "node/6937152881"
    },
    {
      "type": "Feature",
      "properties": {
        "@id": "node/6937152882",
        "name": "Бульвар Дмитрия Донского",
        "public_transport": "stop_position",
        "railway": "stop",
        "subway": "yes"
      },
      "geometry": {
        "type": "Point",
        "coordinates": [
          37.5769794,
          55.5692176
        ]
      },
      "id": "node/6937152882"
    },
    {
      "type": "Feature",
      "properties": {
        "@id": "node/6937152883",
        "name": "Аннино",
        "public_transport": "stop_position",
        "railway": "stop",
        "subway": "yes"
      },
      "geometry": {
        "type": "Point",
        "coordinates": [
          37.5963676,
          55.5825379
        ]
      },
      "id": "node/6937152883"
    },
    {
      "type": "Feature",
      "properties": {
        "@id": "node/6937152884",
        "name": "Аннино",
        "public_transport": "stop_position",
        "railway": "stop",
        "subway": "yes"
      },
      "geometry": {
        "type": "Point",
        "coordinates": [
          37.5967047,
          55.5825076
        ]
      },
      "id": "node/6937152884"
    },
    {
      "type": "Feature",
      "properties": {
        "@id": "node/6937223785",
        "name": "Улица Академика Янгеля",
        "public_transport": "stop_position",
        "railway": "stop",
        "subway": "yes"
      },
      "geometry": {
        "type": "Point",
        "coordinates": [
          37.6003083,
          55.5949963
        ]
      },
      "id": "node/6937223785"
    },
    {
      "type": "Feature",
      "properties": {
        "@id": "node/6937223786",
        "name": "Улица Академика Янгеля",
        "public_transport": "stop_position",
        "railway": "stop",
        "subway": "yes"
      },
      "geometry": {
        "type": "Point",
        "coordinates": [
          37.6005635,
          55.5949838
        ]
      },
      "id": "node/6937223786"
    },
    {
      "type": "Feature",
      "properties": {
        "@id": "node/6937223787",
        "name": "Пражская",
        "public_transport": "stop_position",
        "railway": "stop",
        "subway": "yes"
      },
      "geometry": {
        "type": "Point",
        "coordinates": [
          37.604426,
          55.6123917
        ]
      },
      "id": "node/6937223787"
    },
    {
      "type": "Feature",
      "properties": {
        "@id": "node/6937223788",
        "name": "Пражская",
        "public_transport": "stop_position",
        "railway": "stop",
        "subway": "yes"
      },
      "geometry": {
        "type": "Point",
        "coordinates": [
          37.6046262,
          55.6123662
        ]
      },
      "id": "node/6937223788"
    },
    {
      "type": "Feature",
      "properties": {
        "@id": "node/6937223789",
        "name": "Южная",
        "public_transport": "stop_position",
        "railway": "stop",
        "subway": "yes"
      },
      "geometry": {
        "type": "Point",
        "coordinates": [
          37.6091287,
          55.6222705
        ]
      },
      "id": "node/6937223789"
    },
    {
      "type": "Feature",
      "properties": {
        "@id": "node/6937223790",
        "name": "Южная",
        "public_transport": "stop_position",
        "railway": "stop",
        "subway": "yes"
      },
      "geometry": {
        "type": "Point",
        "coordinates": [
          37.60933,
          55.6222474
        ]
      },
      "id": "node/6937223790"
    },
    {
      "type": "Feature",
      "properties": {
        "@id": "node/6937223791",
        "name": "Чертановская",
        "public_transport": "stop_position",
        "railway": "stop",
        "subway": "yes"
      },
      "geometry": {
        "type": "Point",
        "coordinates": [
          37.6066186,
          55.6404121
        ]
      },
      "id": "node/6937223791"
    },
    {
      "type": "Feature",
      "properties": {
        "@id": "node/6937223792",
        "name": "Чертановская",
        "public_transport": "stop_position",
        "railway": "stop",
        "subway": "yes"
      },
      "geometry": {
        "type": "Point",
        "coordinates": [
          37.6067501,
          55.6405009
        ]
      },
      "id": "node/6937223792"
    },
    {
      "type": "Feature",
      "properties": {
        "@id": "node/6937223793",
        "name": "Севастопольская",
        "public_transport": "stop_position",
        "railway": "stop",
        "subway": "yes"
      },
      "geometry": {
        "type": "Point",
        "coordinates": [
          37.5983365,
          55.6526737
        ]
      },
      "id": "node/6937223793"
    },
    {
      "type": "Feature",
      "properties": {
        "@id": "node/6937223794",
        "name": "Севастопольская",
        "public_transport": "stop_position",
        "railway": "stop",
        "subway": "yes"
      },
      "geometry": {
        "type": "Point",
        "coordinates": [
          37.5985367,
          55.6526753
        ]
      },
      "id": "node/6937223794"
    },
    {
      "type": "Feature",
      "properties": {
        "@id": "node/6937223795",
        "name": "Нахимовский проспект",
        "public_transport": "stop_position",
        "railway": "stop",
        "subway": "yes"
      },
      "geometry": {
        "type": "Point",
        "coordinates": [
          37.6055396,
          55.6626792
        ]
      },
      "id": "node/6937223795"
    },
    {
      "type": "Feature",
      "properties": {
        "@id": "node/6937223796",
        "name": "Нахимовский проспект",
        "public_transport": "stop_position",
        "railway": "stop",
        "subway": "yes"
      },
      "geometry": {
        "type": "Point",
        "coordinates": [
          37.6057194,
          55.6626215
        ]
      },
      "id": "node/6937223796"
    },
    {
      "type": "Feature",
      "properties": {
        "@id": "node/6937223797",
        "name": "Нагорная",
        "public_transport": "stop_position",
        "railway": "stop",
        "subway": "yes"
      },
      "geometry": {
        "type": "Point",
        "coordinates": [
          37.6101763,
          55.6719609
        ]
      },
      "id": "node/6937223797"
    },
    {
      "type": "Feature",
      "properties": {
        "@id": "node/6937223798",
        "name": "Нагорная",
        "public_transport": "stop_position",
        "railway": "stop",
        "subway": "yes"
      },
      "geometry": {
        "type": "Point",
        "coordinates": [
          37.6103772,
          55.6719361
        ]
      },
      "id": "node/6937223798"
    },
    {
      "type": "Feature",
      "properties": {
        "@id": "node/6937223800",
        "name": "Нагатинская",
        "public_transport": "stop_position",
        "railway": "stop",
        "subway": "yes"
      },
      "geometry": {
        "type": "Point",
        "coordinates": [
          37.622316,
          55.6829892
        ]
      },
      "id": "node/6937223800"
    },
    {
      "type": "Feature",
      "properties": {
        "@id": "node/6937223801",
        "name": "Нагатинская",
        "public_transport": "stop_position",
        "railway": "stop",
        "subway": "yes"
      },
      "geometry": {
        "type": "Point",
        "coordinates": [
          37.6225135,
          55.6829569
        ]
      },
      "id": "node/6937223801"
    },
    {
      "type": "Feature",
      "properties": {
        "@id": "node/6937381495",
        "name": "Павелецкая",
        "public_transport": "stop_position",
        "railway": "stop",
        "subway": "yes"
      },
      "geometry": {
        "type": "Point",
        "coordinates": [
          37.6380281,
          55.7324091
        ]
      },
      "id": "node/6937381495"
    },
    {
      "type": "Feature",
      "properties": {
        "@id": "node/6937381496",
        "name": "Павелецкая",
        "public_transport": "stop_position",
        "railway": "stop",
        "subway": "yes"
      },
      "geometry": {
        "type": "Point",
        "coordinates": [
          37.6382698,
          55.7322255
        ]
      },
      "id": "node/6937381496"
    },
    {
      "type": "Feature",
      "properties": {
        "@id": "node/6937381497",
        "name": "Марксистская",
        "public_transport": "stop_position",
        "railway": "stop",
        "subway": "yes"
      },
      "geometry": {
        "type": "Point",
        "coordinates": [
          37.653495,
          55.7412421
        ]
      },
      "id": "node/6937381497"
    },
    {
      "type": "Feature",
      "properties": {
        "@id": "node/6937381498",
        "name": "Марксистская",
        "public_transport": "stop_position",
        "railway": "stop",
        "subway": "yes"
      },
      "geometry": {
        "type": "Point",
        "coordinates": [
          37.6535707,
          55.7414075
        ]
      },
      "id": "node/6937381498"
    },
    {
      "type": "Feature",
      "properties": {
        "@id": "node/6937381499",
        "name": "Таганская",
        "public_transport": "stop_position",
        "railway": "stop",
        "subway": "yes"
      },
      "geometry": {
        "type": "Point",
        "coordinates": [
          37.6517247,
          55.7404132
        ]
      },
      "id": "node/6937381499"
    },
    {
      "type": "Feature",
      "properties": {
        "@id": "node/6937381500",
        "name": "Таганская",
        "public_transport": "stop_position",
        "railway": "stop",
        "subway": "yes"
      },
      "geometry": {
        "type": "Point",
        "coordinates": [
          37.6520806,
          55.7405225
        ]
      },
      "id": "node/6937381500"
    },
    {
      "type": "Feature",
      "properties": {
        "@id": "node/6937381501",
        "name": "Таганская",
        "public_transport": "stop_position",
        "railway": "stop",
        "subway": "yes"
      },
      "geometry": {
        "type": "Point",
        "coordinates": [
          37.6511971,
          55.7417635
        ]
      },
      "id": "node/6937381501"
    },
    {
      "type": "Feature",
      "properties": {
        "@id": "node/6937381502",
        "name": "Таганская",
        "public_transport": "stop_position",
        "railway": "stop",
        "subway": "yes"
      },
      "geometry": {
        "type": "Point",
        "coordinates": [
          37.6515195,
          55.7416251
        ]
      },
      "id": "node/6937381502"
    },
    {
      "type": "Feature",
      "properties": {
        "@id": "node/6937381503",
        "name": "Комсомольская",
        "public_transport": "stop_position",
        "railway": "stop",
        "subway": "yes"
      },
      "geometry": {
        "type": "Point",
        "coordinates": [
          37.6559741,
          55.7752557
        ]
      },
      "id": "node/6937381503"
    },
    {
      "type": "Feature",
      "properties": {
        "@id": "node/6937381504",
        "name": "Комсомольская",
        "public_transport": "stop_position",
        "railway": "stop",
        "subway": "yes"
      },
      "geometry": {
        "type": "Point",
        "coordinates": [
          37.6561002,
          55.775165
        ]
      },
      "id": "node/6937381504"
    },
    {
      "type": "Feature",
      "properties": {
        "@id": "node/6937381505",
        "indoor": "yes",
        "level": "-4",
        "name": "Комсомольская",
        "public_transport": "stop_position",
        "railway": "stop",
        "subway": "yes"
      },
      "geometry": {
        "type": "Point",
        "coordinates": [
          37.6543337,
          55.7745873
        ]
      },
      "id": "node/6937381505"
    },
    {
      "type": "Feature",
      "properties": {
        "@id": "node/6937381506",
        "indoor": "yes",
        "level": "-4",
        "name": "Комсомольская",
        "public_transport": "stop_position",
        "railway": "stop",
        "subway": "yes"
      },
      "geometry": {
        "type": "Point",
        "coordinates": [
          37.654645,
          55.7745765
        ]
      },
      "id": "node/6937381506"
    },
    {
      "type": "Feature",
      "properties": {
        "@id": "node/6937381507",
        "name": "Проспект Мира",
        "public_transport": "stop_position",
        "railway": "stop",
        "subway": "yes"
      },
      "geometry": {
        "type": "Point",
        "coordinates": [
          37.6318116,
          55.7809069
        ]
      },
      "id": "node/6937381507"
    },
    {
      "type": "Feature",
      "properties": {
        "@id": "node/6937381509",
        "name": "Проспект Мира",
        "public_transport": "stop_position",
        "railway": "stop",
        "subway": "yes"
      },
      "geometry": {
        "type": "Point",
        "coordinates": [
          37.6317515,
          55.7795176
        ]
      },
      "id": "node/6937381509"
    },
    {
      "type": "Feature",
      "properties": {
        "@id": "node/6937381510",
        "name": "Проспект Мира",
        "public_transport": "stop_position",
        "railway": "stop",
        "subway": "yes"
      },
      "geometry": {
        "type": "Point",
        "coordinates": [
          37.6317472,
          55.7797458
        ]
      },
      "id": "node/6937381510"
    },
    {
      "type": "Feature",
      "properties": {
        "@id": "node/6937381511",
        "name": "Новослободская",
        "public_transport": "stop_position",
        "railway": "stop",
        "subway": "yes"
      },
      "geometry": {
        "type": "Point",
        "coordinates": [
          37.6035173,
          55.7797408
        ]
      },
      "id": "node/6937381511"
    },
    {
      "type": "Feature",
      "properties": {
        "@id": "node/6937381512",
        "name": "Новослободская",
        "public_transport": "stop_position",
        "railway": "stop",
        "subway": "yes"
      },
      "geometry": {
        "type": "Point",
        "coordinates": [
          37.6034318,
          55.7799641
        ]
      },
      "id": "node/6937381512"
    },
    {
      "type": "Feature",
      "properties": {
        "@id": "node/6937381513",
        "name": "Белорусская",
        "public_transport": "stop_position",
        "railway": "stop",
        "subway": "yes"
      },
      "geometry": {
        "type": "Point",
        "coordinates": [
          37.5839267,
          55.7762207
        ]
      },
      "id": "node/6937381513"
    },
    {
      "type": "Feature",
      "properties": {
        "@id": "node/6937381514",
        "name": "Белорусская",
        "public_transport": "stop_position",
        "railway": "stop",
        "subway": "yes"
      },
      "geometry": {
        "type": "Point",
        "coordinates": [
          37.5842083,
          55.776055
        ]
      },
      "id": "node/6937381514"
    },
    {
      "type": "Feature",
      "properties": {
        "@id": "node/6937381515",
        "name": "Краснопресненская",
        "public_transport": "stop_position",
        "railway": "stop",
        "subway": "yes"
      },
      "geometry": {
        "type": "Point",
        "coordinates": [
          37.5775083,
          55.7611801
        ]
      },
      "id": "node/6937381515"
    },
    {
      "type": "Feature",
      "properties": {
        "@id": "node/6937381516",
        "name": "Краснопресненская",
        "public_transport": "stop_position",
        "railway": "stop",
        "subway": "yes"
      },
      "geometry": {
        "type": "Point",
        "coordinates": [
          37.5771167,
          55.7611984
        ]
      },
      "id": "node/6937381516"
    },
    {
      "type": "Feature",
      "properties": {
        "@id": "node/6937381517",
        "name": "Киевская",
        "public_transport": "stop_position",
        "railway": "stop",
        "subway": "yes"
      },
      "geometry": {
        "type": "Point",
        "coordinates": [
          37.5657082,
          55.7447233
        ]
      },
      "id": "node/6937381517"
    },
    {
      "type": "Feature",
      "properties": {
        "@id": "node/6937381518",
        "name": "Киевская",
        "public_transport": "stop_position",
        "railway": "stop",
        "subway": "yes"
      },
      "geometry": {
        "type": "Point",
        "coordinates": [
          37.5653063,
          55.7447303
        ]
      },
      "id": "node/6937381518"
    },
    {
      "type": "Feature",
      "properties": {
        "@id": "node/6937381519",
        "name": "Парк Культуры",
        "public_transport": "stop_position",
        "railway": "stop",
        "subway": "yes"
      },
      "geometry": {
        "type": "Point",
        "coordinates": [
          37.5914052,
          55.7359102
        ]
      },
      "id": "node/6937381519"
    },
    {
      "type": "Feature",
      "properties": {
        "@id": "node/6937381520",
        "name": "Парк Культуры",
        "public_transport": "stop_position",
        "railway": "stop",
        "subway": "yes"
      },
      "geometry": {
        "type": "Point",
        "coordinates": [
          37.5911968,
          55.7357183
        ]
      },
      "id": "node/6937381520"
    },
    {
      "type": "Feature",
      "properties": {
        "@id": "node/6937381521",
        "name": "Октябрьская",
        "public_transport": "stop_position",
        "railway": "stop",
        "subway": "yes"
      },
      "geometry": {
        "type": "Point",
        "coordinates": [
          37.6094998,
          55.7298759
        ]
      },
      "id": "node/6937381521"
    },
    {
      "type": "Feature",
      "properties": {
        "@id": "node/6937381522",
        "name": "Октябрьская",
        "public_transport": "stop_position",
        "railway": "stop",
        "subway": "yes"
      },
      "geometry": {
        "type": "Point",
        "coordinates": [
          37.6092907,
          55.7296804
        ]
      },
      "id": "node/6937381522"
    },
    {
      "type": "Feature",
      "properties": {
        "@id": "node/6937811133",
        "name": "Алма-Атинская",
        "public_transport": "stop_position",
        "railway": "stop",
        "subway": "yes"
      },
      "geometry": {
        "type": "Point",
        "coordinates": [
          37.7658401,
          55.6327731
        ]
      },
      "id": "node/6937811133"
    },
    {
      "type": "Feature",
      "properties": {
        "@id": "node/6937811134",
        "name": "Алма-Атинская",
        "public_transport": "stop_position",
        "railway": "stop",
        "subway": "yes"
      },
      "geometry": {
        "type": "Point",
        "coordinates": [
          37.7660243,
          55.6328252
        ]
      },
      "id": "node/6937811134"
    },
    {
      "type": "Feature",
      "properties": {
        "@id": "node/6937811135",
        "name": "Речной вокзал",
        "public_transport": "stop_position",
        "railway": "stop",
        "subway": "yes"
      },
      "geometry": {
        "type": "Point",
        "coordinates": [
          37.4761094,
          55.8549987
        ]
      },
      "id": "node/6937811135"
    },
    {
      "type": "Feature",
      "properties": {
        "@id": "node/6937811136",
        "name": "Речной вокзал",
        "public_transport": "stop_position",
        "railway": "stop",
        "subway": "yes"
      },
      "geometry": {
        "type": "Point",
        "coordinates": [
          37.4763077,
          55.8550327
        ]
      },
      "id": "node/6937811136"
    },
    {
      "type": "Feature",
      "properties": {
        "@id": "node/6937811137",
        "layer": "-2",
        "name": "Водный стадион",
        "public_transport": "stop_position",
        "railway": "stop",
        "subway": "yes"
      },
      "geometry": {
        "type": "Point",
        "coordinates": [
          37.4865984,
          55.8400336
        ]
      },
      "id": "node/6937811137"
    },
    {
      "type": "Feature",
      "properties": {
        "@id": "node/6937811138",
        "layer": "-2",
        "name": "Водный стадион",
        "public_transport": "stop_position",
        "railway": "stop",
        "subway": "yes"
      },
      "geometry": {
        "type": "Point",
        "coordinates": [
          37.4868196,
          55.8400811
        ]
      },
      "id": "node/6937811138"
    },
    {
      "type": "Feature",
      "properties": {
        "@id": "node/6937811139",
        "name": "Войковская",
        "public_transport": "stop_position",
        "railway": "stop",
        "subway": "yes"
      },
      "geometry": {
        "type": "Point",
        "coordinates": [
          37.4979049,
          55.8190183
        ]
      },
      "id": "node/6937811139"
    },
    {
      "type": "Feature",
      "properties": {
        "@id": "node/6937811140",
        "name": "Войковская",
        "public_transport": "stop_position",
        "railway": "stop",
        "subway": "yes"
      },
      "geometry": {
        "type": "Point",
        "coordinates": [
          37.498134,
          55.8190761
        ]
      },
      "id": "node/6937811140"
    },
    {
      "type": "Feature",
      "properties": {
        "@id": "node/6937811141",
        "name": "Аэропорт",
        "public_transport": "stop_position",
        "railway": "stop",
        "subway": "yes"
      },
      "geometry": {
        "type": "Point",
        "coordinates": [
          37.5330857,
          55.8003694
        ]
      },
      "id": "node/6937811141"
    },
    {
      "type": "Feature",
      "properties": {
        "@id": "node/6937811142",
        "name": "Аэропорт",
        "public_transport": "stop_position",
        "railway": "stop",
        "subway": "yes"
      },
      "geometry": {
        "type": "Point",
        "coordinates": [
          37.5331956,
          55.8004343
        ]
      },
      "id": "node/6937811142"
    },
    {
      "type": "Feature",
      "properties": {
        "@id": "node/6937811143",
        "name": "Динамо",
        "public_transport": "stop_position",
        "railway": "stop",
        "subway": "yes"
      },
      "geometry": {
        "type": "Point",
        "coordinates": [
          37.5580823,
          55.78965
        ]
      },
      "id": "node/6937811143"
    },
    {
      "type": "Feature",
      "properties": {
        "@id": "node/6937811144",
        "name": "Динамо",
        "public_transport": "stop_position",
        "railway": "stop",
        "subway": "yes"
      },
      "geometry": {
        "type": "Point",
        "coordinates": [
          37.5583325,
          55.789829
        ]
      },
      "id": "node/6937811144"
    },
    {
      "type": "Feature",
      "properties": {
        "@id": "node/6937811145",
        "name": "Белорусская",
        "public_transport": "stop_position",
        "railway": "stop",
        "subway": "yes"
      },
      "geometry": {
        "type": "Point",
        "coordinates": [
          37.5834327,
          55.7766185
        ]
      },
      "id": "node/6937811145"
    },
    {
      "type": "Feature",
      "properties": {
        "@id": "node/6937811146",
        "name": "Белорусская",
        "public_transport": "stop_position",
        "railway": "stop",
        "subway": "yes"
      },
      "geometry": {
        "type": "Point",
        "coordinates": [
          37.5837069,
          55.7767875
        ]
      },
      "id": "node/6937811146"
    },
    {
      "type": "Feature",
      "properties": {
        "@id": "node/6937811147",
        "name": "Маяковская",
        "public_transport": "stop_position",
        "railway": "stop",
        "subway": "yes"
      },
      "geometry": {
        "type": "Point",
        "coordinates": [
          37.5949917,
          55.7701166
        ]
      },
      "id": "node/6937811147"
    },
    {
      "type": "Feature",
      "properties": {
        "@id": "node/6937811148",
        "name": "Маяковская",
        "public_transport": "stop_position",
        "railway": "stop",
        "subway": "yes"
      },
      "geometry": {
        "type": "Point",
        "coordinates": [
          37.595186,
          55.7702235
        ]
      },
      "id": "node/6937811148"
    },
    {
      "type": "Feature",
      "properties": {
        "@id": "node/6937811149",
        "name": "Охотный Ряд",
        "public_transport": "stop_position",
        "railway": "stop",
        "subway": "yes"
      },
      "geometry": {
        "type": "Point",
        "coordinates": [
          37.6163676,
          55.7578477
        ]
      },
      "id": "node/6937811149"
    },
    {
      "type": "Feature",
      "properties": {
        "@id": "node/6937811150",
        "name": "Охотный Ряд",
        "public_transport": "stop_position",
        "railway": "stop",
        "subway": "yes"
      },
      "geometry": {
        "type": "Point",
        "coordinates": [
          37.6166291,
          55.7576814
        ]
      },
      "id": "node/6937811150"
    },
    {
      "type": "Feature",
      "properties": {
        "@id": "node/6937811151",
        "name": "Площадь Революции",
        "public_transport": "stop_position",
        "railway": "stop",
        "subway": "yes"
      },
      "geometry": {
        "type": "Point",
        "coordinates": [
          37.6217851,
          55.7567652
        ]
      },
      "id": "node/6937811151"
    },
    {
      "type": "Feature",
      "properties": {
        "@id": "node/6937811153",
        "name": "Театральная",
        "public_transport": "stop_position",
        "railway": "stop",
        "subway": "yes"
      },
      "geometry": {
        "type": "Point",
        "coordinates": [
          37.6190106,
          55.7574422
        ]
      },
      "id": "node/6937811153"
    },
    {
      "type": "Feature",
      "properties": {
        "@id": "node/6937811154",
        "name": "Театральная",
        "public_transport": "stop_position",
        "railway": "stop",
        "subway": "yes"
      },
      "geometry": {
        "type": "Point",
        "coordinates": [
          37.6193648,
          55.7575606
        ]
      },
      "id": "node/6937811154"
    },
    {
      "type": "Feature",
      "properties": {
        "@id": "node/6937811155",
        "name": "Третьяковская",
        "public_transport": "stop_position",
        "railway": "stop",
        "subway": "yes"
      },
      "geometry": {
        "type": "Point",
        "coordinates": [
          37.6271318,
          55.7411826
        ]
      },
      "id": "node/6937811155"
    },
    {
      "type": "Feature",
      "properties": {
        "@id": "node/6937811156",
        "name": "Третьяковская",
        "public_transport": "stop_position",
        "railway": "stop",
        "subway": "yes"
      },
      "geometry": {
        "type": "Point",
        "coordinates": [
          37.6274396,
          55.7413908
        ]
      },
      "id": "node/6937811156"
    },
    {
      "type": "Feature",
      "properties": {
        "@id": "node/6937811157",
        "name": "Третьяковская",
        "public_transport": "stop_position",
        "railway": "stop",
        "subway": "yes"
      },
      "geometry": {
        "type": "Point",
        "coordinates": [
          37.6274935,
          55.7410187
        ]
      },
      "id": "node/6937811157"
    },
    {
      "type": "Feature",
      "properties": {
        "@id": "node/6937811158",
        "name": "Третьяковская",
        "public_transport": "stop_position",
        "railway": "stop",
        "subway": "yes"
      },
      "geometry": {
        "type": "Point",
        "coordinates": [
          37.6271688,
          55.7408133
        ]
      },
      "id": "node/6937811158"
    },
    {
      "type": "Feature",
      "properties": {
        "@id": "node/6937811159",
        "name": "Новокузнецкая",
        "public_transport": "stop_position",
        "railway": "stop",
        "subway": "yes"
      },
      "geometry": {
        "type": "Point",
        "coordinates": [
          37.6293683,
          55.741418
        ]
      },
      "id": "node/6937811159"
    },
    {
      "type": "Feature",
      "properties": {
        "@id": "node/6937811160",
        "name": "Новокузнецкая",
        "public_transport": "stop_position",
        "railway": "stop",
        "subway": "yes"
      },
      "geometry": {
        "type": "Point",
        "coordinates": [
          37.6290405,
          55.7414182
        ]
      },
      "id": "node/6937811160"
    },
    {
      "type": "Feature",
      "properties": {
        "@id": "node/6937811161",
        "name": "Павелецкая",
        "public_transport": "stop_position",
        "railway": "stop",
        "subway": "yes"
      },
      "geometry": {
        "type": "Point",
        "coordinates": [
          37.6377296,
          55.7304498
        ]
      },
      "id": "node/6937811161"
    },
    {
      "type": "Feature",
      "properties": {
        "@id": "node/6937811162",
        "name": "Павелецкая",
        "public_transport": "stop_position",
        "railway": "stop",
        "subway": "yes"
      },
      "geometry": {
        "type": "Point",
        "coordinates": [
          37.6379353,
          55.7305498
        ]
      },
      "id": "node/6937811162"
    },
    {
      "type": "Feature",
      "properties": {
        "@id": "node/6937811163",
        "name": "Автозаводская",
        "public_transport": "stop_position",
        "railway": "stop",
        "subway": "yes"
      },
      "geometry": {
        "type": "Point",
        "coordinates": [
          37.657654,
          55.7073495
        ]
      },
      "id": "node/6937811163"
    },
    {
      "type": "Feature",
      "properties": {
        "@id": "node/6937811164",
        "name": "Автозаводская",
        "public_transport": "stop_position",
        "railway": "stop",
        "subway": "yes"
      },
      "geometry": {
        "type": "Point",
        "coordinates": [
          37.6578758,
          55.7073457
        ]
      },
      "id": "node/6937811164"
    },
    {
      "type": "Feature",
      "properties": {
        "@id": "node/6937811165",
        "name": "Технопарк",
        "public_transport": "stop_position",
        "railway": "stop",
        "subway": "yes"
      },
      "geometry": {
        "type": "Point",
        "coordinates": [
          37.6644047,
          55.6936228
        ]
      },
      "id": "node/6937811165"
    },
    {
      "type": "Feature",
      "properties": {
        "@id": "node/6937811166",
        "name": "Коломенская",
        "public_transport": "stop_position",
        "railway": "stop",
        "subway": "yes"
      },
      "geometry": {
        "type": "Point",
        "coordinates": [
          37.6638163,
          55.6784824
        ]
      },
      "id": "node/6937811166"
    },
    {
      "type": "Feature",
      "properties": {
        "@id": "node/6937811167",
        "name": "Коломенская",
        "public_transport": "stop_position",
        "railway": "stop",
        "subway": "yes"
      },
      "geometry": {
        "type": "Point",
        "coordinates": [
          37.6640319,
          55.6784827
        ]
      },
      "id": "node/6937811167"
    },
    {
      "type": "Feature",
      "properties": {
        "@id": "node/6937811168",
        "name": "Кантемировская",
        "public_transport": "stop_position",
        "railway": "stop",
        "subway": "yes"
      },
      "geometry": {
        "type": "Point",
        "coordinates": [
          37.6564499,
          55.6357042
        ]
      },
      "id": "node/6937811168"
    },
    {
      "type": "Feature",
      "properties": {
        "@id": "node/6937811169",
        "name": "Кантемировская",
        "public_transport": "stop_position",
        "railway": "stop",
        "subway": "yes"
      },
      "geometry": {
        "type": "Point",
        "coordinates": [
          37.6566339,
          55.635756
        ]
      },
      "id": "node/6937811169"
    },
    {
      "type": "Feature",
      "properties": {
        "@id": "node/6937811170",
        "name": "Царицыно",
        "public_transport": "stop_position",
        "railway": "stop",
        "subway": "yes"
      },
      "geometry": {
        "type": "Point",
        "coordinates": [
          37.6691454,
          55.6214565
        ]
      },
      "id": "node/6937811170"
    },
    {
      "type": "Feature",
      "properties": {
        "@id": "node/6937811171",
        "name": "Царицыно",
        "public_transport": "stop_position",
        "railway": "stop",
        "subway": "yes"
      },
      "geometry": {
        "type": "Point",
        "coordinates": [
          37.6693299,
          55.6215076
        ]
      },
      "id": "node/6937811171"
    },
    {
      "type": "Feature",
      "properties": {
        "@id": "node/6937811172",
        "name": "Орехово",
        "public_transport": "stop_position",
        "railway": "stop",
        "subway": "yes"
      },
      "geometry": {
        "type": "Point",
        "coordinates": [
          37.6948906,
          55.6131071
        ]
      },
      "id": "node/6937811172"
    },
    {
      "type": "Feature",
      "properties": {
        "@id": "node/6937811173",
        "name": "Орехово",
        "public_transport": "stop_position",
        "railway": "stop",
        "subway": "yes"
      },
      "geometry": {
        "type": "Point",
        "coordinates": [
          37.6950518,
          55.6131789
        ]
      },
      "id": "node/6937811173"
    },
    {
      "type": "Feature",
      "properties": {
        "@id": "node/6937811174",
        "name": "Домодедовская",
        "public_transport": "stop_position",
        "railway": "stop",
        "subway": "yes"
      },
      "geometry": {
        "type": "Point",
        "coordinates": [
          37.7186192,
          55.610897
        ]
      },
      "id": "node/6937811174"
    },
    {
      "type": "Feature",
      "properties": {
        "@id": "node/6937811175",
        "name": "Домодедовская",
        "public_transport": "stop_position",
        "railway": "stop",
        "subway": "yes"
      },
      "geometry": {
        "type": "Point",
        "coordinates": [
          37.7186963,
          55.6107845
        ]
      },
      "id": "node/6937811175"
    },
    {
      "type": "Feature",
      "properties": {
        "@id": "node/6937811176",
        "name": "Красногвардейская",
        "public_transport": "stop_position",
        "railway": "stop",
        "subway": "yes"
      },
      "geometry": {
        "type": "Point",
        "coordinates": [
          37.7444128,
          55.6137516
        ]
      },
      "id": "node/6937811176"
    },
    {
      "type": "Feature",
      "properties": {
        "@id": "node/6937811177",
        "name": "Красногвардейская",
        "public_transport": "stop_position",
        "railway": "stop",
        "subway": "yes"
      },
      "geometry": {
        "type": "Point",
        "coordinates": [
          37.7444301,
          55.6136361
        ]
      },
      "id": "node/6937811177"
    },
    {
      "type": "Feature",
      "properties": {
        "@id": "node/6937811178",
        "name": "Зябликово",
        "public_transport": "stop_position",
        "railway": "stop",
        "subway": "yes"
      },
      "geometry": {
        "type": "Point",
        "coordinates": [
          37.7450758,
          55.6122369
        ]
      },
      "id": "node/6937811178"
    },
    {
      "type": "Feature",
      "properties": {
        "@id": "node/6937811179",
        "name": "Зябликово",
        "public_transport": "stop_position",
        "railway": "stop",
        "subway": "yes"
      },
      "geometry": {
        "type": "Point",
        "coordinates": [
          37.7452807,
          55.6122417
        ]
      },
      "id": "node/6937811179"
    },
    {
      "type": "Feature",
      "properties": {
        "@id": "node/6937856014",
        "name": "Селигерская",
        "public_transport": "stop_position",
        "railway": "stop",
        "subway": "yes"
      },
      "geometry": {
        "type": "Point",
        "coordinates": [
          37.5471398,
          55.8662809
        ]
      },
      "id": "node/6937856014"
    },
    {
      "type": "Feature",
      "properties": {
        "@id": "node/6937856015",
        "name": "Селигерская",
        "public_transport": "stop_position",
        "railway": "stop",
        "subway": "yes"
      },
      "geometry": {
        "type": "Point",
        "coordinates": [
          37.5472415,
          55.8668682
        ]
      },
      "id": "node/6937856015"
    },
    {
      "type": "Feature",
      "properties": {
        "@id": "node/6937856016",
        "name": "Верхние Лихоборы",
        "public_transport": "stop_position",
        "railway": "stop",
        "subway": "yes"
      },
      "geometry": {
        "type": "Point",
        "coordinates": [
          37.5614598,
          55.8558754
        ]
      },
      "id": "node/6937856016"
    },
    {
      "type": "Feature",
      "properties": {
        "@id": "node/6937856017",
        "name": "Верхние Лихоборы",
        "public_transport": "stop_position",
        "railway": "stop",
        "subway": "yes"
      },
      "geometry": {
        "type": "Point",
        "coordinates": [
          37.5611955,
          55.8563826
        ]
      },
      "id": "node/6937856017"
    },
    {
      "type": "Feature",
      "properties": {
        "@id": "node/6937856018",
        "name": "Окружная",
        "public_transport": "stop_position",
        "railway": "stop",
        "subway": "yes"
      },
      "geometry": {
        "type": "Point",
        "coordinates": [
          37.5736556,
          55.8460137
        ]
      },
      "id": "node/6937856018"
    },
    {
      "type": "Feature",
      "properties": {
        "@id": "node/6937856019",
        "name": "Окружная",
        "public_transport": "stop_position",
        "railway": "stop",
        "subway": "yes"
      },
      "geometry": {
        "type": "Point",
        "coordinates": [
          37.5740048,
          55.846039
        ]
      },
      "id": "node/6937856019"
    },
    {
      "type": "Feature",
      "properties": {
        "@id": "node/6937856020",
        "layer": "-5",
        "name": "Фонвизинская",
        "public_transport": "stop_position",
        "railway": "stop",
        "subway": "yes"
      },
      "geometry": {
        "type": "Point",
        "coordinates": [
          37.5877832,
          55.822978
        ]
      },
      "id": "node/6937856020"
    },
    {
      "type": "Feature",
      "properties": {
        "@id": "node/6937856021",
        "layer": "-5",
        "name": "Фонвизинская",
        "public_transport": "stop_position",
        "railway": "stop",
        "subway": "yes"
      },
      "geometry": {
        "type": "Point",
        "coordinates": [
          37.5874996,
          55.8228609
        ]
      },
      "id": "node/6937856021"
    },
    {
      "type": "Feature",
      "properties": {
        "@id": "node/6937856022",
        "name": "Бутырская",
        "public_transport": "stop_position",
        "railway": "stop",
        "subway": "yes"
      },
      "geometry": {
        "type": "Point",
        "coordinates": [
          37.6026094,
          55.8134624
        ]
      },
      "id": "node/6937856022"
    },
    {
      "type": "Feature",
      "properties": {
        "@id": "node/6937856023",
        "name": "Бутырская",
        "public_transport": "stop_position",
        "railway": "stop",
        "subway": "yes"
      },
      "geometry": {
        "type": "Point",
        "coordinates": [
          37.6023373,
          55.8133272
        ]
      },
      "id": "node/6937856023"
    },
    {
      "type": "Feature",
      "properties": {
        "@id": "node/6937856024",
        "indoor": "yes",
        "level": "-5",
        "name": "Марьина Роща",
        "public_transport": "stop_position",
        "railway": "stop",
        "subway": "yes"
      },
      "geometry": {
        "type": "Point",
        "coordinates": [
          37.6161302,
          55.795521
        ]
      },
      "id": "node/6937856024"
    },
    {
      "type": "Feature",
      "properties": {
        "@id": "node/6937856025",
        "indoor": "yes",
        "level": "-5",
        "name": "Марьина Роща",
        "public_transport": "stop_position",
        "railway": "stop",
        "subway": "yes"
      },
      "geometry": {
        "type": "Point",
        "coordinates": [
          37.6164839,
          55.7955242
        ]
      },
      "id": "node/6937856025"
    },
    {
      "type": "Feature",
      "properties": {
        "@id": "node/6937856026",
        "layer": "-4",
        "name": "Достоевская",
        "public_transport": "stop_position",
        "railway": "stop",
        "subway": "yes"
      },
      "geometry": {
        "type": "Point",
        "coordinates": [
          37.6149263,
          55.7814801
        ]
      },
      "id": "node/6937856026"
    },
    {
      "type": "Feature",
      "properties": {
        "@id": "node/6937856027",
        "layer": "-4",
        "name": "Достоевская",
        "public_transport": "stop_position",
        "railway": "stop",
        "subway": "yes"
      },
      "geometry": {
        "type": "Point",
        "coordinates": [
          37.615222,
          55.7814421
        ]
      },
      "id": "node/6937856027"
    },
    {
      "type": "Feature",
      "properties": {
        "@id": "node/6937856028",
        "name": "Трубная",
        "public_transport": "stop_position",
        "railway": "stop",
        "subway": "yes"
      },
      "geometry": {
        "type": "Point",
        "coordinates": [
          37.6194364,
          55.7690586
        ]
      },
      "id": "node/6937856028"
    },
    {
      "type": "Feature",
      "properties": {
        "@id": "node/6937856029",
        "name": "Трубная",
        "public_transport": "stop_position",
        "railway": "stop",
        "subway": "yes"
      },
      "geometry": {
        "type": "Point",
        "coordinates": [
          37.6196582,
          55.7691777
        ]
      },
      "id": "node/6937856029"
    },
    {
      "type": "Feature",
      "properties": {
        "@id": "node/6937856030",
        "name": "Сретенский бульвар",
        "public_transport": "stop_position",
        "railway": "stop",
        "subway": "yes"
      },
      "geometry": {
        "type": "Point",
        "coordinates": [
          37.6400704,
          55.7668902
        ]
      },
      "id": "node/6937856030"
    },
    {
      "type": "Feature",
      "properties": {
        "@id": "node/6937856031",
        "name": "Сретенский бульвар",
        "public_transport": "stop_position",
        "railway": "stop",
        "subway": "yes"
      },
      "geometry": {
        "type": "Point",
        "coordinates": [
          37.6401147,
          55.7670865
        ]
      },
      "id": "node/6937856031"
    },
    {
      "type": "Feature",
      "properties": {
        "@id": "node/6937856032",
        "name": "Тургеневская",
        "public_transport": "stop_position",
        "railway": "stop",
        "subway": "yes"
      },
      "geometry": {
        "type": "Point",
        "coordinates": [
          37.6372815,
          55.7664987
        ]
      },
      "id": "node/6937856032"
    },
    {
      "type": "Feature",
      "properties": {
        "@id": "node/6937856033",
        "name": "Тургеневская",
        "public_transport": "stop_position",
        "railway": "stop",
        "subway": "yes"
      },
      "geometry": {
        "type": "Point",
        "coordinates": [
          37.6376545,
          55.7664853
        ]
      },
      "id": "node/6937856033"
    },
    {
      "type": "Feature",
      "properties": {
        "@id": "node/6937856034",
        "name": "Чистые пруды",
        "public_transport": "stop_position",
        "railway": "stop",
        "subway": "yes"
      },
      "geometry": {
        "type": "Point",
        "coordinates": [
          37.6388984,
          55.7659443
        ]
      },
      "id": "node/6937856034"
    },
    {
      "type": "Feature",
      "properties": {
        "@id": "node/6937856035",
        "name": "Чистые пруды",
        "public_transport": "stop_position",
        "railway": "stop",
        "subway": "yes"
      },
      "geometry": {
        "type": "Point",
        "coordinates": [
          37.63915,
          55.7657918
        ]
      },
      "id": "node/6937856035"
    },
    {
      "type": "Feature",
      "properties": {
        "@id": "node/6937856036",
        "name": "Площадь Ильича",
        "public_transport": "stop_position",
        "railway": "stop",
        "subway": "yes"
      },
      "geometry": {
        "type": "Point",
        "coordinates": [
          37.6833797,
          55.7470794
        ]
      },
      "id": "node/6937856036"
    },
    {
      "type": "Feature",
      "properties": {
        "@id": "node/6937856037",
        "name": "Площадь Ильича",
        "public_transport": "stop_position",
        "railway": "stop",
        "subway": "yes"
      },
      "geometry": {
        "type": "Point",
        "coordinates": [
          37.6833378,
          55.7472897
        ]
      },
      "id": "node/6937856037"
    },
    {
      "type": "Feature",
      "properties": {
        "@id": "node/6937856038",
        "name": "Римская",
        "public_transport": "stop_position",
        "railway": "stop",
        "subway": "yes"
      },
      "geometry": {
        "type": "Point",
        "coordinates": [
          37.6830675,
          55.7464136
        ]
      },
      "id": "node/6937856038"
    },
    {
      "type": "Feature",
      "properties": {
        "@id": "node/6937856039",
        "name": "Римская",
        "public_transport": "stop_position",
        "railway": "stop",
        "subway": "yes"
      },
      "geometry": {
        "type": "Point",
        "coordinates": [
          37.6834158,
          55.7464275
        ]
      },
      "id": "node/6937856039"
    },
    {
      "type": "Feature",
      "properties": {
        "@id": "node/6937856040",
        "name": "Крестьянская Застава",
        "public_transport": "stop_position",
        "railway": "stop",
        "subway": "yes"
      },
      "geometry": {
        "type": "Point",
        "coordinates": [
          37.6675035,
          55.733322
        ]
      },
      "id": "node/6937856040"
    },
    {
      "type": "Feature",
      "properties": {
        "@id": "node/6937856041",
        "name": "Крестьянская Застава",
        "public_transport": "stop_position",
        "railway": "stop",
        "subway": "yes"
      },
      "geometry": {
        "type": "Point",
        "coordinates": [
          37.6677576,
          55.7332037
        ]
      },
      "id": "node/6937856041"
    },
    {
      "type": "Feature",
      "properties": {
        "@id": "node/6937856042",
        "name": "Пролетарская",
        "public_transport": "stop_position",
        "railway": "stop",
        "subway": "yes"
      },
      "geometry": {
        "type": "Point",
        "coordinates": [
          37.6658705,
          55.7317992
        ]
      },
      "id": "node/6937856042"
    },
    {
      "type": "Feature",
      "properties": {
        "@id": "node/6937856043",
        "name": "Пролетарская",
        "public_transport": "stop_position",
        "railway": "stop",
        "subway": "yes"
      },
      "geometry": {
        "type": "Point",
        "coordinates": [
          37.6658738,
          55.7319149
        ]
      },
      "id": "node/6937856043"
    },
    {
      "type": "Feature",
      "properties": {
        "@id": "node/6937856044",
        "name": "Дубровка",
        "public_transport": "stop_position",
        "railway": "stop",
        "subway": "yes"
      },
      "geometry": {
        "type": "Point",
        "coordinates": [
          37.6754021,
          55.7191767
        ]
      },
      "id": "node/6937856044"
    },
    {
      "type": "Feature",
      "properties": {
        "@id": "node/6937856045",
        "name": "Дубровка",
        "public_transport": "stop_position",
        "railway": "stop",
        "subway": "yes"
      },
      "geometry": {
        "type": "Point",
        "coordinates": [
          37.6756765,
          55.7192492
        ]
      },
      "id": "node/6937856045"
    },
    {
      "type": "Feature",
      "properties": {
        "@id": "node/6937856046",
        "name": "Кожуховская",
        "public_transport": "stop_position",
        "railway": "stop",
        "subway": "yes"
      },
      "geometry": {
        "type": "Point",
        "coordinates": [
          37.6846795,
          55.707392
        ]
      },
      "id": "node/6937856046"
    },
    {
      "type": "Feature",
      "properties": {
        "@id": "node/6937856047",
        "name": "Кожуховская",
        "public_transport": "stop_position",
        "railway": "stop",
        "subway": "yes"
      },
      "geometry": {
        "type": "Point",
        "coordinates": [
          37.6848565,
          55.7074519
        ]
      },
      "id": "node/6937856047"
    },
    {
      "type": "Feature",
      "properties": {
        "@id": "node/6937856048",
        "name": "Печатники",
        "public_transport": "stop_position",
        "railway": "stop",
        "subway": "yes"
      },
      "geometry": {
        "type": "Point",
        "coordinates": [
          37.7269005,
          55.6934411
        ]
      },
      "id": "node/6937856048"
    },
    {
      "type": "Feature",
      "properties": {
        "@id": "node/6937856049",
        "name": "Печатники",
        "public_transport": "stop_position",
        "railway": "stop",
        "subway": "yes"
      },
      "geometry": {
        "type": "Point",
        "coordinates": [
          37.7270014,
          55.6935422
        ]
      },
      "id": "node/6937856049"
    },
    {
      "type": "Feature",
      "properties": {
        "@id": "node/6937856050",
        "name": "Волжская",
        "public_transport": "stop_position",
        "railway": "stop",
        "subway": "yes"
      },
      "geometry": {
        "type": "Point",
        "coordinates": [
          37.7530544,
          55.6907728
        ]
      },
      "id": "node/6937856050"
    },
    {
      "type": "Feature",
      "properties": {
        "@id": "node/6937856051",
        "name": "Волжская",
        "public_transport": "stop_position",
        "railway": "stop",
        "subway": "yes"
      },
      "geometry": {
        "type": "Point",
        "coordinates": [
          37.7531342,
          55.6908796
        ]
      },
      "id": "node/6937856051"
    },
    {
      "type": "Feature",
      "properties": {
        "@id": "node/6937856052",
        "name": "Люблино",
        "public_transport": "stop_position",
        "railway": "stop",
        "subway": "yes"
      },
      "geometry": {
        "type": "Point",
        "coordinates": [
          37.7618074,
          55.6757425
        ]
      },
      "id": "node/6937856052"
    },
    {
      "type": "Feature",
      "properties": {
        "@id": "node/6937856053",
        "name": "Люблино",
        "public_transport": "stop_position",
        "railway": "stop",
        "subway": "yes"
      },
      "geometry": {
        "type": "Point",
        "coordinates": [
          37.7620096,
          55.6757195
        ]
      },
      "id": "node/6937856053"
    },
    {
      "type": "Feature",
      "properties": {
        "@id": "node/6937856054",
        "name": "Братиславская",
        "public_transport": "stop_position",
        "railway": "stop",
        "subway": "yes"
      },
      "geometry": {
        "type": "Point",
        "coordinates": [
          37.7506026,
          55.6597977
        ]
      },
      "id": "node/6937856054"
    },
    {
      "type": "Feature",
      "properties": {
        "@id": "node/6937856055",
        "name": "Братиславская",
        "public_transport": "stop_position",
        "railway": "stop",
        "subway": "yes"
      },
      "geometry": {
        "type": "Point",
        "coordinates": [
          37.7507082,
          55.6596942
        ]
      },
      "id": "node/6937856055"
    },
    {
      "type": "Feature",
      "properties": {
        "@id": "node/6937856056",
        "name": "Марьино",
        "public_transport": "stop_position",
        "railway": "stop",
        "subway": "yes"
      },
      "geometry": {
        "type": "Point",
        "coordinates": [
          37.7430454,
          55.6500044
        ]
      },
      "id": "node/6937856056"
    },
    {
      "type": "Feature",
      "properties": {
        "@id": "node/6937856057",
        "name": "Марьино",
        "public_transport": "stop_position",
        "railway": "stop",
        "subway": "yes"
      },
      "geometry": {
        "type": "Point",
        "coordinates": [
          37.7432478,
          55.6500306
        ]
      },
      "id": "node/6937856057"
    },
    {
      "type": "Feature",
      "properties": {
        "@id": "node/6937856058",
        "name": "Борисово",
        "public_transport": "stop_position",
        "railway": "stop",
        "subway": "yes"
      },
      "geometry": {
        "type": "Point",
        "coordinates": [
          37.7436571,
          55.633326
        ]
      },
      "id": "node/6937856058"
    },
    {
      "type": "Feature",
      "properties": {
        "@id": "node/6937856059",
        "name": "Борисово",
        "public_transport": "stop_position",
        "railway": "stop",
        "subway": "yes"
      },
      "geometry": {
        "type": "Point",
        "coordinates": [
          37.7438454,
          55.6332825
        ]
      },
      "id": "node/6937856059"
    },
    {
      "type": "Feature",
      "properties": {
        "@id": "node/6937856060",
        "name": "Шипиловская",
        "public_transport": "stop_position",
        "railway": "stop",
        "subway": "yes"
      },
      "geometry": {
        "type": "Point",
        "coordinates": [
          37.7435375,
          55.6210223
        ]
      },
      "id": "node/6937856060"
    },
    {
      "type": "Feature",
      "properties": {
        "@id": "node/6937856061",
        "name": "Шипиловская",
        "public_transport": "stop_position",
        "railway": "stop",
        "subway": "yes"
      },
      "geometry": {
        "type": "Point",
        "coordinates": [
          37.7437418,
          55.6210329
        ]
      },
      "id": "node/6937856061"
    },
    {
      "type": "Feature",
      "properties": {
        "@id": "node/6938090606",
        "name": "Медведково",
        "public_transport": "stop_position",
        "railway": "stop",
        "subway": "yes"
      },
      "geometry": {
        "type": "Point",
        "coordinates": [
          37.6614357,
          55.8871831
        ]
      },
      "id": "node/6938090606"
    },
    {
      "type": "Feature",
      "properties": {
        "@id": "node/6938090607",
        "name": "Медведково",
        "public_transport": "stop_position",
        "railway": "stop",
        "subway": "yes"
      },
      "geometry": {
        "type": "Point",
        "coordinates": [
          37.6616422,
          55.8871737
        ]
      },
      "id": "node/6938090607"
    },
    {
      "type": "Feature",
      "properties": {
        "@id": "node/6938090608",
        "name": "Свиблово",
        "public_transport": "stop_position",
        "railway": "stop",
        "subway": "yes"
      },
      "geometry": {
        "type": "Point",
        "coordinates": [
          37.6526352,
          55.8552544
        ]
      },
      "id": "node/6938090608"
    },
    {
      "type": "Feature",
      "properties": {
        "@id": "node/6938090609",
        "name": "Свиблово",
        "public_transport": "stop_position",
        "railway": "stop",
        "subway": "yes"
      },
      "geometry": {
        "type": "Point",
        "coordinates": [
          37.6527736,
          55.8551687
        ]
      },
      "id": "node/6938090609"
    },
    {
      "type": "Feature",
      "properties": {
        "@id": "node/6938090610",
        "name": "Ботанический сад",
        "public_transport": "stop_position",
        "railway": "stop",
        "subway": "yes"
      },
      "geometry": {
        "type": "Point",
        "coordinates": [
          37.6381474,
          55.8448682
        ]
      },
      "id": "node/6938090610"
    },
    {
      "type": "Feature",
      "properties": {
        "@id": "node/6938090611",
        "name": "Ботанический сад",
        "public_transport": "stop_position",
        "railway": "stop",
        "subway": "yes"
      },
      "geometry": {
        "type": "Point",
        "coordinates": [
          37.6383398,
          55.8448262
        ]
      },
      "id": "node/6938090611"
    },
    {
      "type": "Feature",
      "properties": {
        "@id": "node/6938090612",
        "name": "Рижская",
        "public_transport": "stop_position",
        "railway": "stop",
        "subway": "yes"
      },
      "geometry": {
        "type": "Point",
        "coordinates": [
          37.6363052,
          55.7937201
        ]
      },
      "id": "node/6938090612"
    },
    {
      "type": "Feature",
      "properties": {
        "@id": "node/6938090613",
        "name": "Рижская",
        "public_transport": "stop_position",
        "railway": "stop",
        "subway": "yes"
      },
      "geometry": {
        "type": "Point",
        "coordinates": [
          37.6366929,
          55.7936815
        ]
      },
      "id": "node/6938090613"
    },
    {
      "type": "Feature",
      "properties": {
        "@id": "node/6938090615",
        "name": "Сухаревская",
        "public_transport": "stop_position",
        "railway": "stop",
        "subway": "yes"
      },
      "geometry": {
        "type": "Point",
        "coordinates": [
          37.6313385,
          55.7730214
        ]
      },
      "id": "node/6938090615"
    },
    {
      "type": "Feature",
      "properties": {
        "@id": "node/6938090616",
        "name": "Кузнецкий Мост",
        "public_transport": "stop_position",
        "railway": "stop",
        "subway": "yes"
      },
      "geometry": {
        "type": "Point",
        "coordinates": [
          37.6260336,
          55.7606881
        ]
      },
      "id": "node/6938090616"
    },
    {
      "type": "Feature",
      "properties": {
        "@id": "node/6938090617",
        "name": "Кузнецкий Мост",
        "public_transport": "stop_position",
        "railway": "stop",
        "subway": "yes"
      },
      "geometry": {
        "type": "Point",
        "coordinates": [
          37.6262434,
          55.7608125
        ]
      },
      "id": "node/6938090617"
    },
    {
      "type": "Feature",
      "properties": {
        "@id": "node/6938090618",
        "name": "Лубянка",
        "public_transport": "stop_position",
        "railway": "stop",
        "subway": "yes"
      },
      "geometry": {
        "type": "Point",
        "coordinates": [
          37.6279292,
          55.759768
        ]
      },
      "id": "node/6938090618"
    },
    {
      "type": "Feature",
      "properties": {
        "@id": "node/6938090619",
        "name": "Лубянка",
        "public_transport": "stop_position",
        "railway": "stop",
        "subway": "yes"
      },
      "geometry": {
        "type": "Point",
        "coordinates": [
          37.6278511,
          55.7599854
        ]
      },
      "id": "node/6938090619"
    },
    {
      "type": "Feature",
      "properties": {
        "@id": "node/6938090620",
        "name": "Октябрьская",
        "public_transport": "stop_position",
        "railway": "stop",
        "subway": "yes"
      },
      "geometry": {
        "type": "Point",
        "coordinates": [
          37.6108154,
          55.7305772
        ]
      },
      "id": "node/6938090620"
    },
    {
      "type": "Feature",
      "properties": {
        "@id": "node/6938090621",
        "name": "Октябрьская",
        "public_transport": "stop_position",
        "railway": "stop",
        "subway": "yes"
      },
      "geometry": {
        "type": "Point",
        "coordinates": [
          37.6110074,
          55.7304117
        ]
      },
      "id": "node/6938090621"
    },
    {
      "type": "Feature",
      "properties": {
        "@id": "node/6938090622",
        "name": "Шаболовская",
        "public_transport": "stop_position",
        "railway": "stop",
        "subway": "yes"
      },
      "geometry": {
        "type": "Point",
        "coordinates": [
          37.6075077,
          55.7199756
        ]
      },
      "id": "node/6938090622"
    },
    {
      "type": "Feature",
      "properties": {
        "@id": "node/6938090623",
        "name": "Шаболовская",
        "public_transport": "stop_position",
        "railway": "stop",
        "subway": "yes"
      },
      "geometry": {
        "type": "Point",
        "coordinates": [
          37.6078837,
          55.719998
        ]
      },
      "id": "node/6938090623"
    },
    {
      "type": "Feature",
      "properties": {
        "@id": "node/6938090624",
        "name": "Ленинский проспект",
        "public_transport": "stop_position",
        "railway": "stop",
        "subway": "yes"
      },
      "geometry": {
        "type": "Point",
        "coordinates": [
          37.5861185,
          55.7076562
        ]
      },
      "id": "node/6938090624"
    },
    {
      "type": "Feature",
      "properties": {
        "@id": "node/6938090625",
        "name": "Ленинский проспект",
        "public_transport": "stop_position",
        "railway": "stop",
        "subway": "yes"
      },
      "geometry": {
        "type": "Point",
        "coordinates": [
          37.5862815,
          55.7075855
        ]
      },
      "id": "node/6938090625"
    },
    {
      "type": "Feature",
      "properties": {
        "@id": "node/6938090626",
        "name": "Академическая",
        "public_transport": "stop_position",
        "railway": "stop",
        "subway": "yes"
      },
      "geometry": {
        "type": "Point",
        "coordinates": [
          37.5734271,
          55.6878378
        ]
      },
      "id": "node/6938090626"
    },
    {
      "type": "Feature",
      "properties": {
        "@id": "node/6938090627",
        "name": "Академическая",
        "public_transport": "stop_position",
        "railway": "stop",
        "subway": "yes"
      },
      "geometry": {
        "type": "Point",
        "coordinates": [
          37.5736027,
          55.6877776
        ]
      },
      "id": "node/6938090627"
    },
    {
      "type": "Feature",
      "properties": {
        "@id": "node/6938090628",
        "name": "Профсоюзная",
        "public_transport": "stop_position",
        "railway": "stop",
        "subway": "yes"
      },
      "geometry": {
        "type": "Point",
        "coordinates": [
          37.5628214,
          55.6779563
        ]
      },
      "id": "node/6938090628"
    },
    {
      "type": "Feature",
      "properties": {
        "@id": "node/6938090629",
        "name": "Профсоюзная",
        "public_transport": "stop_position",
        "railway": "stop",
        "subway": "yes"
      },
      "geometry": {
        "type": "Point",
        "coordinates": [
          37.5629873,
          55.6779046
        ]
      },
      "id": "node/6938090629"
    },
    {
      "type": "Feature",
      "properties": {
        "@id": "node/6938090630",
        "name": "Новые Черёмушки",
        "public_transport": "stop_position",
        "railway": "stop",
        "subway": "yes"
      },
      "geometry": {
        "type": "Point",
        "coordinates": [
          37.5546029,
          55.6703086
        ]
      },
      "id": "node/6938090630"
    },
    {
      "type": "Feature",
      "properties": {
        "@id": "node/6938090631",
        "name": "Новые Черёмушки",
        "public_transport": "stop_position",
        "railway": "stop",
        "subway": "yes"
      },
      "geometry": {
        "type": "Point",
        "coordinates": [
          37.554793,
          55.6702486
        ]
      },
      "id": "node/6938090631"
    },
    {
      "type": "Feature",
      "properties": {
        "@id": "node/6938090632",
        "name": "Калужская",
        "public_transport": "stop_position",
        "railway": "stop",
        "subway": "yes"
      },
      "geometry": {
        "type": "Point",
        "coordinates": [
          37.5405703,
          55.6572545
        ]
      },
      "id": "node/6938090632"
    },
    {
      "type": "Feature",
      "properties": {
        "@id": "node/6938090633",
        "name": "Калужская",
        "public_transport": "stop_position",
        "railway": "stop",
        "subway": "yes"
      },
      "geometry": {
        "type": "Point",
        "coordinates": [
          37.5407497,
          55.6571977
        ]
      },
      "id": "node/6938090633"
    },
    {
      "type": "Feature",
      "properties": {
        "@id": "node/6938090634",
        "name": "Беляево",
        "public_transport": "stop_position",
        "railway": "stop",
        "subway": "yes"
      },
      "geometry": {
        "type": "Point",
        "coordinates": [
          37.5255848,
          55.6427986
        ]
      },
      "id": "node/6938090634"
    },
    {
      "type": "Feature",
      "properties": {
        "@id": "node/6938090635",
        "name": "Беляево",
        "public_transport": "stop_position",
        "railway": "stop",
        "subway": "yes"
      },
      "geometry": {
        "type": "Point",
        "coordinates": [
          37.5257759,
          55.6427559
        ]
      },
      "id": "node/6938090635"
    },
    {
      "type": "Feature",
      "properties": {
        "@id": "node/6938090638",
        "name": "Тёплый Стан",
        "public_transport": "stop_position",
        "railway": "stop",
        "subway": "yes"
      },
      "geometry": {
        "type": "Point",
        "coordinates": [
          37.5081604,
          55.6187972
        ]
      },
      "id": "node/6938090638"
    },
    {
      "type": "Feature",
      "properties": {
        "@id": "node/6938090639",
        "name": "Тёплый Стан",
        "public_transport": "stop_position",
        "railway": "stop",
        "subway": "yes"
      },
      "geometry": {
        "type": "Point",
        "coordinates": [
          37.50835,
          55.6188452
        ]
      },
      "id": "node/6938090639"
    },
    {
      "type": "Feature",
      "properties": {
        "@id": "node/6938090640",
        "name": "Ясенево",
        "public_transport": "stop_position",
        "railway": "stop",
        "subway": "yes"
      },
      "geometry": {
        "type": "Point",
        "coordinates": [
          37.5333698,
          55.6062522
        ]
      },
      "id": "node/6938090640"
    },
    {
      "type": "Feature",
      "properties": {
        "@id": "node/6938090641",
        "name": "Новоясеневская",
        "public_transport": "stop_position",
        "railway": "stop",
        "subway": "yes"
      },
      "geometry": {
        "type": "Point",
        "coordinates": [
          37.5540709,
          55.60095
        ]
      },
      "id": "node/6938090641"
    },
    {
      "type": "Feature",
      "properties": {
        "@id": "node/6938090642",
        "name": "Новоясеневская",
        "public_transport": "stop_position",
        "railway": "stop",
        "subway": "yes"
      },
      "geometry": {
        "type": "Point",
        "coordinates": [
          37.5542125,
          55.6010342
        ]
      },
      "id": "node/6938090642"
    },
    {
      "type": "Feature",
      "properties": {
        "@id": "node/6938090643",
        "name": "Битцевский парк",
        "public_transport": "stop_position",
        "railway": "stop",
        "subway": "yes"
      },
      "geometry": {
        "type": "Point",
        "coordinates": [
          37.5563084,
          55.6001974
        ]
      },
      "id": "node/6938090643"
    },
    {
      "type": "Feature",
      "properties": {
        "@id": "node/6938090644",
        "name": "Битцевский парк",
        "public_transport": "stop_position",
        "railway": "stop",
        "subway": "yes"
      },
      "geometry": {
        "type": "Point",
        "coordinates": [
          37.5564482,
          55.6002819
        ]
      },
      "id": "node/6938090644"
    },
    {
      "type": "Feature",
      "properties": {
        "@id": "node/6938090645",
        "name": "Лесопарковая",
        "public_transport": "stop_position",
        "railway": "stop",
        "subway": "yes"
      },
      "geometry": {
        "type": "Point",
        "coordinates": [
          37.5769155,
          55.582147
        ]
      },
      "id": "node/6938090645"
    },
    {
      "type": "Feature",
      "properties": {
        "@id": "node/6938090646",
        "name": "Лесопарковая",
        "public_transport": "stop_position",
        "railway": "stop",
        "subway": "yes"
      },
      "geometry": {
        "type": "Point",
        "coordinates": [
          37.5768401,
          55.5820395
        ]
      },
      "id": "node/6938090646"
    },
    {
      "type": "Feature",
      "properties": {
        "@id": "node/6938090647",
        "name": "Улица Скобелевская",
        "public_transport": "stop_position",
        "railway": "stop",
        "subway": "yes"
      },
      "geometry": {
        "type": "Point",
        "coordinates": [
          37.5545886,
          55.5481581
        ]
      },
      "id": "node/6938090647"
    },
    {
      "type": "Feature",
      "properties": {
        "@id": "node/6938090648",
        "name": "Улица Скобелевская",
        "public_transport": "stop_position",
        "railway": "stop",
        "subway": "yes"
      },
      "geometry": {
        "type": "Point",
        "coordinates": [
          37.5546605,
          55.5480623
        ]
      },
      "id": "node/6938090648"
    },
    {
      "type": "Feature",
      "properties": {
        "@id": "node/6938090649",
        "name": "Бульвар Адмирала Ушакова",
        "public_transport": "stop_position",
        "railway": "stop",
        "subway": "yes"
      },
      "geometry": {
        "type": "Point",
        "coordinates": [
          37.5431775,
          55.5454748
        ]
      },
      "id": "node/6938090649"
    },
    {
      "type": "Feature",
      "properties": {
        "@id": "node/6938090650",
        "name": "Бульвар Адмирала Ушакова",
        "public_transport": "stop_position",
        "railway": "stop",
        "subway": "yes"
      },
      "geometry": {
        "type": "Point",
        "coordinates": [
          37.5432661,
          55.5453715
        ]
      },
      "id": "node/6938090650"
    },
    {
      "type": "Feature",
      "properties": {
        "@id": "node/6938090651",
        "name": "Улица Горчакова",
        "public_transport": "stop_position",
        "railway": "stop",
        "subway": "yes"
      },
      "geometry": {
        "type": "Point",
        "coordinates": [
          37.5306627,
          55.5417364
        ]
      },
      "id": "node/6938090651"
    },
    {
      "type": "Feature",
      "properties": {
        "@id": "node/6938090652",
        "name": "Улица Горчакова",
        "public_transport": "stop_position",
        "railway": "stop",
        "subway": "yes"
      },
      "geometry": {
        "type": "Point",
        "coordinates": [
          37.5307652,
          55.5416468
        ]
      },
      "id": "node/6938090652"
    },
    {
      "type": "Feature",
      "properties": {
        "@id": "node/6938090653",
        "name": "Бунинская аллея",
        "public_transport": "stop_position",
        "railway": "stop",
        "subway": "yes"
      },
      "geometry": {
        "type": "Point",
        "coordinates": [
          37.5165068,
          55.538195
        ]
      },
      "id": "node/6938090653"
    },
    {
      "type": "Feature",
      "properties": {
        "@id": "node/6938090654",
        "name": "Бунинская аллея",
        "public_transport": "stop_position",
        "railway": "stop",
        "subway": "yes"
      },
      "geometry": {
        "type": "Point",
        "coordinates": [
          37.5165801,
          55.5381025
        ]
      },
      "id": "node/6938090654"
    },
    {
      "type": "Feature",
      "properties": {
        "@id": "node/6938823544",
        "name": "Бульвар Рокоссовского",
        "public_transport": "stop_position",
        "railway": "stop",
        "subway": "yes"
      },
      "geometry": {
        "type": "Point",
        "coordinates": [
          37.7342937,
          55.8146309
        ]
      },
      "id": "node/6938823544"
    },
    {
      "type": "Feature",
      "properties": {
        "@id": "node/6938823545",
        "name": "Бульвар Рокоссовского",
        "public_transport": "stop_position",
        "railway": "stop",
        "subway": "yes"
      },
      "geometry": {
        "type": "Point",
        "coordinates": [
          37.7343854,
          55.8147348
        ]
      },
      "id": "node/6938823545"
    },
    {
      "type": "Feature",
      "properties": {
        "@id": "node/6938823546",
        "name": "Черкизовская",
        "public_transport": "stop_position",
        "railway": "stop",
        "subway": "yes"
      },
      "geometry": {
        "type": "Point",
        "coordinates": [
          37.7449301,
          55.8038799
        ]
      },
      "id": "node/6938823546"
    },
    {
      "type": "Feature",
      "properties": {
        "@id": "node/6938823547",
        "name": "Черкизовская",
        "public_transport": "stop_position",
        "railway": "stop",
        "subway": "yes"
      },
      "geometry": {
        "type": "Point",
        "coordinates": [
          37.7451361,
          55.8038796
        ]
      },
      "id": "node/6938823547"
    },
    {
      "type": "Feature",
      "properties": {
        "@id": "node/6938823548",
        "name": "Преображенская площадь",
        "public_transport": "stop_position",
        "railway": "stop",
        "subway": "yes"
      },
      "geometry": {
        "type": "Point",
        "coordinates": [
          37.7153116,
          55.7964285
        ]
      },
      "id": "node/6938823548"
    },
    {
      "type": "Feature",
      "properties": {
        "@id": "node/6938823549",
        "name": "Преображенская площадь",
        "public_transport": "stop_position",
        "railway": "stop",
        "subway": "yes"
      },
      "geometry": {
        "type": "Point",
        "coordinates": [
          37.7153803,
          55.79632
        ]
      },
      "id": "node/6938823549"
    },
    {
      "type": "Feature",
      "properties": {
        "@id": "node/6938823550",
        "name": "Сокольники",
        "public_transport": "stop_position",
        "railway": "stop",
        "subway": "yes"
      },
      "geometry": {
        "type": "Point",
        "coordinates": [
          37.6801752,
          55.7888545
        ]
      },
      "id": "node/6938823550"
    },
    {
      "type": "Feature",
      "properties": {
        "@id": "node/6938823551",
        "name": "Сокольники",
        "public_transport": "stop_position",
        "railway": "stop",
        "subway": "yes"
      },
      "geometry": {
        "type": "Point",
        "coordinates": [
          37.6803269,
          55.788776
        ]
      },
      "id": "node/6938823551"
    },
    {
      "type": "Feature",
      "properties": {
        "@id": "node/6938823552",
        "name": "Красносельская",
        "public_transport": "stop_position",
        "railway": "stop",
        "subway": "yes"
      },
      "geometry": {
        "type": "Point",
        "coordinates": [
          37.6675951,
          55.7803907
        ]
      },
      "id": "node/6938823552"
    },
    {
      "type": "Feature",
      "properties": {
        "@id": "node/6938823553",
        "name": "Красносельская",
        "public_transport": "stop_position",
        "railway": "stop",
        "subway": "yes"
      },
      "geometry": {
        "type": "Point",
        "coordinates": [
          37.6677138,
          55.780319
        ]
      },
      "id": "node/6938823553"
    },
    {
      "type": "Feature",
      "properties": {
        "@id": "node/6938823554",
        "colour": "red",
        "depth": "31",
        "internet_access": "wlan",
        "layer": "-4",
        "loc_name": "Красные",
        "name": "Красные Ворота",
        "name:be": "Чырвоная Брама",
        "name:en": "Krasnye Vorota",
        "name:ml": "ക്രാസ്നിയെ വൊറോട്ട",
        "name:ru": "Красные Ворота",
        "name:uk": "Красні ворота",
        "network": "Московский метрополитен",
        "old_name": "Лермонтовская",
        "old_name:en": "Lermontovskaya",
        "opening_hours": "Mo-Su 05:25-01:00",
        "operator": "ГУП «Московский метрополитен»",
        "outdoor_seating": "no",
        "public_transport": "station",
        "railway": "station",
        "start_date": "1935-05-15",
        "station": "subway",
        "subway": "yes",
        "website": "http://mosmetro.ru",
        "wheelchair": "no",
        "wikidata": "Q1341256"
      },
      "geometry": {
        "type": "Point",
        "coordinates": [
          37.6489874,
          55.7690244
        ]
      },
      "id": "node/6938823554"
    },
    {
      "type": "Feature",
      "properties": {
        "@id": "node/6938823555",
        "name": "Красные Ворота",
        "public_transport": "stop_position",
        "railway": "stop",
        "subway": "yes"
      },
      "geometry": {
        "type": "Point",
        "coordinates": [
          37.6490999,
          55.7689296
        ]
      },
      "id": "node/6938823555"
    },
    {
      "type": "Feature",
      "properties": {
        "@id": "node/6938823556",
        "name": "Александровский сад",
        "public_transport": "stop_position",
        "railway": "stop",
        "subway": "yes"
      },
      "geometry": {
        "type": "Point",
        "coordinates": [
          37.6086732,
          55.7524242
        ]
      },
      "id": "node/6938823556"
    },
    {
      "type": "Feature",
      "properties": {
        "@id": "node/6938823557",
        "name": "Библиотека имени Ленина",
        "public_transport": "stop_position",
        "railway": "stop",
        "subway": "yes"
      },
      "geometry": {
        "type": "Point",
        "coordinates": [
          37.6102524,
          55.7515247
        ]
      },
      "id": "node/6938823557"
    },
    {
      "type": "Feature",
      "properties": {
        "@id": "node/6938823558",
        "name": "Библиотека имени Ленина",
        "public_transport": "stop_position",
        "railway": "stop",
        "subway": "yes"
      },
      "geometry": {
        "type": "Point",
        "coordinates": [
          37.6101565,
          55.7510821
        ]
      },
      "id": "node/6938823558"
    },
    {
      "type": "Feature",
      "properties": {
        "@id": "node/6938823559",
        "name": "Кропоткинская",
        "public_transport": "stop_position",
        "railway": "stop",
        "subway": "yes"
      },
      "geometry": {
        "type": "Point",
        "coordinates": [
          37.6036755,
          55.7454796
        ]
      },
      "id": "node/6938823559"
    },
    {
      "type": "Feature",
      "properties": {
        "@id": "node/6938823560",
        "name": "Кропоткинская",
        "public_transport": "stop_position",
        "railway": "stop",
        "subway": "yes"
      },
      "geometry": {
        "type": "Point",
        "coordinates": [
          37.6039193,
          55.7453931
        ]
      },
      "id": "node/6938823560"
    },
    {
      "type": "Feature",
      "properties": {
        "@id": "node/6938823561",
        "name": "Фрунзенская",
        "public_transport": "stop_position",
        "railway": "stop",
        "subway": "yes"
      },
      "geometry": {
        "type": "Point",
        "coordinates": [
          37.5782658,
          55.726982
        ]
      },
      "id": "node/6938823561"
    },
    {
      "type": "Feature",
      "properties": {
        "@id": "node/6938823562",
        "name": "Фрунзенская",
        "public_transport": "stop_position",
        "railway": "stop",
        "subway": "yes"
      },
      "geometry": {
        "type": "Point",
        "coordinates": [
          37.5783942,
          55.7267771
        ]
      },
      "id": "node/6938823562"
    },
    {
      "type": "Feature",
      "properties": {
        "@id": "node/6938823563",
        "name": "Спортивная",
        "public_transport": "stop_position",
        "railway": "stop",
        "subway": "yes"
      },
      "geometry": {
        "type": "Point",
        "coordinates": [
          37.5641012,
          55.7234798
        ]
      },
      "id": "node/6938823563"
    },
    {
      "type": "Feature",
      "properties": {
        "@id": "node/6938823564",
        "name": "Спортивная",
        "public_transport": "stop_position",
        "railway": "stop",
        "subway": "yes"
      },
      "geometry": {
        "type": "Point",
        "coordinates": [
          37.5643211,
          55.7233019
        ]
      },
      "id": "node/6938823564"
    },
    {
      "type": "Feature",
      "properties": {
        "@id": "node/6938823565",
        "name": "Воробьёвы горы",
        "public_transport": "stop_position",
        "railway": "stop",
        "subway": "yes"
      },
      "geometry": {
        "type": "Point",
        "coordinates": [
          37.5591397,
          55.7103953
        ]
      },
      "id": "node/6938823565"
    },
    {
      "type": "Feature",
      "properties": {
        "@id": "node/6938823566",
        "name": "Воробьёвы горы",
        "public_transport": "stop_position",
        "railway": "stop",
        "subway": "yes"
      },
      "geometry": {
        "type": "Point",
        "coordinates": [
          37.5594418,
          55.7102705
        ]
      },
      "id": "node/6938823566"
    },
    {
      "type": "Feature",
      "properties": {
        "@id": "node/6938823567",
        "name": "Университет",
        "public_transport": "stop_position",
        "railway": "stop",
        "subway": "yes"
      },
      "geometry": {
        "type": "Point",
        "coordinates": [
          37.5331503,
          55.692741
        ]
      },
      "id": "node/6938823567"
    },
    {
      "type": "Feature",
      "properties": {
        "@id": "node/6938823568",
        "name": "Университет",
        "public_transport": "stop_position",
        "railway": "stop",
        "subway": "yes"
      },
      "geometry": {
        "type": "Point",
        "coordinates": [
          37.5334184,
          55.6925853
        ]
      },
      "id": "node/6938823568"
    },
    {
      "type": "Feature",
      "properties": {
        "@id": "node/6938823569",
        "name": "Проспект Вернадского",
        "public_transport": "stop_position",
        "railway": "stop",
        "subway": "yes"
      },
      "geometry": {
        "type": "Point",
        "coordinates": [
          37.5059863,
          55.6772643
        ]
      },
      "id": "node/6938823569"
    },
    {
      "type": "Feature",
      "properties": {
        "@id": "node/6938823570",
        "name": "Проспект Вернадского",
        "public_transport": "stop_position",
        "railway": "stop",
        "subway": "yes"
      },
      "geometry": {
        "type": "Point",
        "coordinates": [
          37.5061323,
          55.6771829
        ]
      },
      "id": "node/6938823570"
    },
    {
      "type": "Feature",
      "properties": {
        "@id": "node/6938823571",
        "name": "Юго-Западная",
        "public_transport": "stop_position",
        "railway": "stop",
        "subway": "yes"
      },
      "geometry": {
        "type": "Point",
        "coordinates": [
          37.4831199,
          55.6636706
        ]
      },
      "id": "node/6938823571"
    },
    {
      "type": "Feature",
      "properties": {
        "@id": "node/6938823575",
        "name": "Румянцево",
        "public_transport": "stop_position",
        "railway": "stop",
        "subway": "yes"
      },
      "geometry": {
        "type": "Point",
        "coordinates": [
          37.4415631,
          55.6330195
        ]
      },
      "id": "node/6938823575"
    },
    {
      "type": "Feature",
      "properties": {
        "@id": "node/6938823576",
        "name": "Румянцево",
        "public_transport": "stop_position",
        "railway": "stop",
        "subway": "yes"
      },
      "geometry": {
        "type": "Point",
        "coordinates": [
          37.4416074,
          55.632888
        ]
      },
      "id": "node/6938823576"
    },
    {
      "type": "Feature",
      "properties": {
        "@id": "node/6938823577",
        "name": "Саларьево",
        "public_transport": "stop_position",
        "railway": "stop",
        "subway": "yes"
      },
      "geometry": {
        "type": "Point",
        "coordinates": [
          37.4242915,
          55.6218771
        ]
      },
      "id": "node/6938823577"
    },
    {
      "type": "Feature",
      "properties": {
        "@id": "node/6938823578",
        "name": "Саларьево",
        "public_transport": "stop_position",
        "railway": "stop",
        "subway": "yes"
      },
      "geometry": {
        "type": "Point",
        "coordinates": [
          37.4240887,
          55.6219591
        ]
      },
      "id": "node/6938823578"
    },
    {
      "type": "Feature",
      "properties": {
        "@id": "node/6938823579",
        "name": "Филатов Луг",
        "public_transport": "stop_position",
        "railway": "stop",
        "subway": "yes"
      },
      "geometry": {
        "type": "Point",
        "coordinates": [
          37.4075865,
          55.601349
        ]
      },
      "id": "node/6938823579"
    },
    {
      "type": "Feature",
      "properties": {
        "@id": "node/6938823580",
        "name": "Филатов Луг",
        "public_transport": "stop_position",
        "railway": "stop",
        "subway": "yes"
      },
      "geometry": {
        "type": "Point",
        "coordinates": [
          37.4077408,
          55.601425
        ]
      },
      "id": "node/6938823580"
    },
    {
      "type": "Feature",
      "properties": {
        "@id": "node/6938823581",
        "name": "Прокшино",
        "public_transport": "stop_position",
        "railway": "stop",
        "subway": "yes"
      },
      "geometry": {
        "type": "Point",
        "coordinates": [
          37.4337938,
          55.5861703
        ]
      },
      "id": "node/6938823581"
    },
    {
      "type": "Feature",
      "properties": {
        "@id": "node/6938823582",
        "name": "Прокшино",
        "public_transport": "stop_position",
        "railway": "stop",
        "subway": "yes"
      },
      "geometry": {
        "type": "Point",
        "coordinates": [
          37.4339056,
          55.5862675
        ]
      },
      "id": "node/6938823582"
    },
    {
      "type": "Feature",
      "properties": {
        "@id": "node/6938823583",
        "name": "Ольховая",
        "public_transport": "stop_position",
        "railway": "stop",
        "subway": "yes"
      },
      "geometry": {
        "type": "Point",
        "coordinates": [
          37.4591681,
          55.5687176
        ]
      },
      "id": "node/6938823583"
    },
    {
      "type": "Feature",
      "properties": {
        "@id": "node/6938823584",
        "name": "Ольховая",
        "public_transport": "stop_position",
        "railway": "stop",
        "subway": "yes"
      },
      "geometry": {
        "type": "Point",
        "coordinates": [
          37.459356,
          55.5687639
        ]
      },
      "id": "node/6938823584"
    },
    {
      "type": "Feature",
      "properties": {
        "@id": "node/6938881285",
        "name": "Новомосковская",
        "public_transport": "stop_position",
        "railway": "stop",
        "subway": "yes"
      },
      "geometry": {
        "type": "Point",
        "coordinates": [
          37.4678995,
          55.5605211
        ]
      },
      "id": "node/6938881285"
    },
    {
      "type": "Feature",
      "properties": {
        "@id": "node/6938881286",
        "name": "Новомосковская",
        "public_transport": "stop_position",
        "railway": "stop",
        "subway": "yes"
      },
      "geometry": {
        "type": "Point",
        "coordinates": [
          37.4681119,
          55.5606148
        ]
      },
      "id": "node/6938881286"
    },
    {
      "type": "Feature",
      "properties": {
        "@id": "node/6939552998",
        "name": "Планерная",
        "public_transport": "stop_position",
        "railway": "stop",
        "subway": "yes"
      },
      "geometry": {
        "type": "Point",
        "coordinates": [
          37.43642,
          55.8606462
        ]
      },
      "id": "node/6939552998"
    },
    {
      "type": "Feature",
      "properties": {
        "@id": "node/6939552999",
        "name": "Планерная",
        "public_transport": "stop_position",
        "railway": "stop",
        "subway": "yes"
      },
      "geometry": {
        "type": "Point",
        "coordinates": [
          37.4366265,
          55.8606642
        ]
      },
      "id": "node/6939552999"
    },
    {
      "type": "Feature",
      "properties": {
        "@id": "node/6939553000",
        "name": "Сходненская",
        "public_transport": "stop_position",
        "railway": "stop",
        "subway": "yes"
      },
      "geometry": {
        "type": "Point",
        "coordinates": [
          37.4396702,
          55.8504814
        ]
      },
      "id": "node/6939553000"
    },
    {
      "type": "Feature",
      "properties": {
        "@id": "node/6939553001",
        "name": "Сходненская",
        "public_transport": "stop_position",
        "railway": "stop",
        "subway": "yes"
      },
      "geometry": {
        "type": "Point",
        "coordinates": [
          37.4398794,
          55.8504892
        ]
      },
      "id": "node/6939553001"
    },
    {
      "type": "Feature",
      "properties": {
        "@id": "node/6939553002",
        "name": "Тушинская",
        "public_transport": "stop_position",
        "railway": "stop",
        "subway": "yes"
      },
      "geometry": {
        "type": "Point",
        "coordinates": [
          37.4368643,
          55.8265404
        ]
      },
      "id": "node/6939553002"
    },
    {
      "type": "Feature",
      "properties": {
        "@id": "node/6939553003",
        "name": "Тушинская",
        "public_transport": "stop_position",
        "railway": "stop",
        "subway": "yes"
      },
      "geometry": {
        "type": "Point",
        "coordinates": [
          37.4370858,
          55.8265216
        ]
      },
      "id": "node/6939553003"
    },
    {
      "type": "Feature",
      "properties": {
        "@id": "node/6939553004",
        "name": "Щукинская",
        "public_transport": "stop_position",
        "railway": "stop",
        "subway": "yes"
      },
      "geometry": {
        "type": "Point",
        "coordinates": [
          37.4646467,
          55.808428
        ]
      },
      "id": "node/6939553004"
    },
    {
      "type": "Feature",
      "properties": {
        "@id": "node/6939553005",
        "name": "Щукинская",
        "public_transport": "stop_position",
        "railway": "stop",
        "subway": "yes"
      },
      "geometry": {
        "type": "Point",
        "coordinates": [
          37.4647692,
          55.8085056
        ]
      },
      "id": "node/6939553005"
    },
    {
      "type": "Feature",
      "properties": {
        "@id": "node/6939553006",
        "name": "Октябрьское Поле",
        "public_transport": "stop_position",
        "railway": "stop",
        "subway": "yes"
      },
      "geometry": {
        "type": "Point",
        "coordinates": [
          37.4937642,
          55.793334
        ]
      },
      "id": "node/6939553006"
    },
    {
      "type": "Feature",
      "properties": {
        "@id": "node/6939553007",
        "name": "Полежаевская",
        "public_transport": "stop_position",
        "railway": "stop",
        "subway": "yes"
      },
      "geometry": {
        "type": "Point",
        "coordinates": [
          37.5192904,
          55.7775076
        ]
      },
      "id": "node/6939553007"
    },
    {
      "type": "Feature",
      "properties": {
        "@id": "node/6939553008",
        "name": "Полежаевская",
        "public_transport": "stop_position",
        "railway": "stop",
        "subway": "yes"
      },
      "geometry": {
        "type": "Point",
        "coordinates": [
          37.5192547,
          55.7776033
        ]
      },
      "id": "node/6939553008"
    },
    {
      "type": "Feature",
      "properties": {
        "@id": "node/6939553009",
        "disused:public_transport": "stop_position",
        "name": "Полежаевская",
        "railway": "stop",
        "subway": "yes"
      },
      "geometry": {
        "type": "Point",
        "coordinates": [
          37.519328,
          55.7774123
        ]
      },
      "id": "node/6939553009"
    },
    {
      "type": "Feature",
      "properties": {
        "@id": "node/6939553010",
        "name": "Беговая",
        "public_transport": "stop_position",
        "railway": "stop",
        "subway": "yes"
      },
      "geometry": {
        "type": "Point",
        "coordinates": [
          37.5466477,
          55.7736576
        ]
      },
      "id": "node/6939553010"
    },
    {
      "type": "Feature",
      "properties": {
        "@id": "node/6939553011",
        "name": "Беговая",
        "public_transport": "stop_position",
        "railway": "stop",
        "subway": "yes"
      },
      "geometry": {
        "type": "Point",
        "coordinates": [
          37.5466664,
          55.7737729
        ]
      },
      "id": "node/6939553011"
    },
    {
      "type": "Feature",
      "properties": {
        "@id": "node/6939553012",
        "layer": "-2",
        "name": "Улица 1905 года",
        "public_transport": "stop_position",
        "railway": "stop",
        "subway": "yes"
      },
      "geometry": {
        "type": "Point",
        "coordinates": [
          37.5612541,
          55.7648301
        ]
      },
      "id": "node/6939553012"
    },
    {
      "type": "Feature",
      "properties": {
        "@id": "node/6939553013",
        "layer": "-2",
        "name": "Улица 1905 года",
        "name:de": "Straße 1905",
        "public_transport": "stop_position",
        "railway": "stop",
        "subway": "yes"
      },
      "geometry": {
        "type": "Point",
        "coordinates": [
          37.561429,
          55.7648919
        ]
      },
      "id": "node/6939553013"
    },
    {
      "type": "Feature",
      "properties": {
        "@id": "node/6939553014",
        "name": "Баррикадная",
        "public_transport": "stop_position",
        "railway": "stop",
        "subway": "yes"
      },
      "geometry": {
        "type": "Point",
        "coordinates": [
          37.5792463,
          55.7610277
        ]
      },
      "id": "node/6939553014"
    },
    {
      "type": "Feature",
      "properties": {
        "@id": "node/6939553015",
        "name": "Баррикадная",
        "public_transport": "stop_position",
        "railway": "stop",
        "subway": "yes"
      },
      "geometry": {
        "type": "Point",
        "coordinates": [
          37.5793594,
          55.761237
        ]
      },
      "id": "node/6939553015"
    },
    {
      "type": "Feature",
      "properties": {
        "@id": "node/6939553016",
        "name": "Волгоградский проспект",
        "public_transport": "stop_position",
        "railway": "stop",
        "subway": "yes"
      },
      "geometry": {
        "type": "Point",
        "coordinates": [
          37.6868418,
          55.7251988
        ]
      },
      "id": "node/6939553016"
    },
    {
      "type": "Feature",
      "properties": {
        "@id": "node/6939553017",
        "name": "Волгоградский проспект",
        "public_transport": "stop_position",
        "railway": "stop",
        "subway": "yes"
      },
      "geometry": {
        "type": "Point",
        "coordinates": [
          37.6869238,
          55.7252832
        ]
      },
      "id": "node/6939553017"
    },
    {
      "type": "Feature",
      "properties": {
        "@id": "node/6939553018",
        "name": "Текстильщики",
        "public_transport": "stop_position",
        "railway": "stop",
        "subway": "yes"
      },
      "geometry": {
        "type": "Point",
        "coordinates": [
          37.731499,
          55.7087558
        ]
      },
      "id": "node/6939553018"
    },
    {
      "type": "Feature",
      "properties": {
        "@id": "node/6939553019",
        "name": "Текстильщики",
        "public_transport": "stop_position",
        "railway": "stop",
        "subway": "yes"
      },
      "geometry": {
        "type": "Point",
        "coordinates": [
          37.7315049,
          55.7088715
        ]
      },
      "id": "node/6939553019"
    },
    {
      "type": "Feature",
      "properties": {
        "@id": "node/6939553020",
        "name": "Кузьминки",
        "public_transport": "stop_position",
        "railway": "stop",
        "subway": "yes"
      },
      "geometry": {
        "type": "Point",
        "coordinates": [
          37.7657559,
          55.7055591
        ]
      },
      "id": "node/6939553020"
    },
    {
      "type": "Feature",
      "properties": {
        "@id": "node/6939553021",
        "name": "Кузьминки",
        "public_transport": "stop_position",
        "railway": "stop",
        "subway": "yes"
      },
      "geometry": {
        "type": "Point",
        "coordinates": [
          37.7658078,
          55.7056605
        ]
      },
      "id": "node/6939553021"
    },
    {
      "type": "Feature",
      "properties": {
        "@id": "node/6939553022",
        "name": "Рязанский проспект",
        "public_transport": "stop_position",
        "railway": "stop",
        "subway": "yes"
      },
      "geometry": {
        "type": "Point",
        "coordinates": [
          37.7933928,
          55.7169313
        ]
      },
      "id": "node/6939553022"
    },
    {
      "type": "Feature",
      "properties": {
        "@id": "node/6939553023",
        "name": "Рязанский проспект",
        "public_transport": "stop_position",
        "railway": "stop",
        "subway": "yes"
      },
      "geometry": {
        "type": "Point",
        "coordinates": [
          37.7932365,
          55.7169662
        ]
      },
      "id": "node/6939553023"
    },
    {
      "type": "Feature",
      "properties": {
        "@id": "node/6939553024",
        "name": "Выхино",
        "public_transport": "stop_position",
        "railway": "stop",
        "subway": "yes"
      },
      "geometry": {
        "type": "Point",
        "coordinates": [
          37.8179078,
          55.7156309
        ]
      },
      "id": "node/6939553024"
    },
    {
      "type": "Feature",
      "properties": {
        "@id": "node/6939553025",
        "name": "Выхино",
        "public_transport": "stop_position",
        "railway": "stop",
        "subway": "yes"
      },
      "geometry": {
        "type": "Point",
        "coordinates": [
          37.8179402,
          55.7156579
        ]
      },
      "id": "node/6939553025"
    },
    {
      "type": "Feature",
      "properties": {
        "@id": "node/6939553026",
        "name": "Косино",
        "public_transport": "stop_position",
        "railway": "stop",
        "subway": "yes"
      },
      "geometry": {
        "type": "Point",
        "coordinates": [
          37.8510366,
          55.7033509
        ]
      },
      "id": "node/6939553026"
    },
    {
      "type": "Feature",
      "properties": {
        "@id": "node/6939553027",
        "name": "Косино",
        "public_transport": "stop_position",
        "railway": "stop",
        "subway": "yes"
      },
      "geometry": {
        "type": "Point",
        "coordinates": [
          37.8510242,
          55.703484
        ]
      },
      "id": "node/6939553027"
    },
    {
      "type": "Feature",
      "properties": {
        "@id": "node/6939553028",
        "name": "Лермонтовский проспект",
        "public_transport": "stop_position",
        "railway": "stop",
        "subway": "yes"
      },
      "geometry": {
        "type": "Point",
        "coordinates": [
          37.8518947,
          55.7015795
        ]
      },
      "id": "node/6939553028"
    },
    {
      "type": "Feature",
      "properties": {
        "@id": "node/6939553029",
        "name": "Лермонтовский проспект",
        "public_transport": "stop_position",
        "railway": "stop",
        "subway": "yes"
      },
      "geometry": {
        "type": "Point",
        "coordinates": [
          37.8520575,
          55.7016775
        ]
      },
      "id": "node/6939553029"
    },
    {
      "type": "Feature",
      "properties": {
        "@id": "node/6939553030",
        "name": "Жулебино",
        "public_transport": "stop_position",
        "railway": "stop",
        "subway": "yes"
      },
      "geometry": {
        "type": "Point",
        "coordinates": [
          37.8561935,
          55.6854737
        ]
      },
      "id": "node/6939553030"
    },
    {
      "type": "Feature",
      "properties": {
        "@id": "node/6939553031",
        "name": "Жулебино",
        "public_transport": "stop_position",
        "railway": "stop",
        "subway": "yes"
      },
      "geometry": {
        "type": "Point",
        "coordinates": [
          37.8563943,
          55.6854024
        ]
      },
      "id": "node/6939553031"
    },
    {
      "type": "Feature",
      "properties": {
        "@id": "node/6939601839",
        "name": "Деловой центр",
        "public_transport": "stop_position",
        "railway": "stop",
        "subway": "yes"
      },
      "geometry": {
        "type": "Point",
        "coordinates": [
          37.5392553,
          55.7490422
        ]
      },
      "id": "node/6939601839"
    },
    {
      "type": "Feature",
      "properties": {
        "@id": "node/6939601840",
        "name": "Деловой центр",
        "public_transport": "stop_position",
        "railway": "stop",
        "subway": "yes"
      },
      "geometry": {
        "type": "Point",
        "coordinates": [
          37.5391084,
          55.7491786
        ]
      },
      "id": "node/6939601840"
    },
    {
      "type": "Feature",
      "properties": {
        "@id": "node/6939601841",
        "name": "Минская",
        "public_transport": "stop_position",
        "railway": "stop",
        "subway": "yes"
      },
      "geometry": {
        "type": "Point",
        "coordinates": [
          37.4967469,
          55.72476
        ]
      },
      "id": "node/6939601841"
    },
    {
      "type": "Feature",
      "properties": {
        "@id": "node/6939601842",
        "name": "Минская",
        "public_transport": "stop_position",
        "railway": "stop",
        "subway": "yes"
      },
      "geometry": {
        "type": "Point",
        "coordinates": [
          37.4969302,
          55.724813
        ]
      },
      "id": "node/6939601842"
    },
    {
      "type": "Feature",
      "properties": {
        "@id": "node/6939601843",
        "name": "Ломоносовский проспект",
        "name:ru": "Ломоносовский проспект",
        "public_transport": "stop_position",
        "railway": "stop",
        "subway": "yes"
      },
      "geometry": {
        "type": "Point",
        "coordinates": [
          37.5161293,
          55.707187
        ]
      },
      "id": "node/6939601843"
    },
    {
      "type": "Feature",
      "properties": {
        "@id": "node/6939601844",
        "name": "Ломоносовский проспект",
        "name:ru": "Ломоносовский проспект",
        "public_transport": "stop_position",
        "railway": "stop",
        "subway": "yes"
      },
      "geometry": {
        "type": "Point",
        "coordinates": [
          37.5163056,
          55.7070952
        ]
      },
      "id": "node/6939601844"
    },
    {
      "type": "Feature",
      "properties": {
        "@id": "node/6939601845",
        "name": "Раменки",
        "public_transport": "stop_position",
        "railway": "stop",
        "subway": "yes"
      },
      "geometry": {
        "type": "Point",
        "coordinates": [
          37.498445,
          55.6976076
        ]
      },
      "id": "node/6939601845"
    },
    {
      "type": "Feature",
      "properties": {
        "@id": "node/6939601846",
        "name": "Раменки",
        "public_transport": "stop_position",
        "railway": "stop",
        "subway": "yes"
      },
      "geometry": {
        "type": "Point",
        "coordinates": [
          37.4986352,
          55.6975252
        ]
      },
      "id": "node/6939601846"
    },
    {
      "type": "Feature",
      "properties": {
        "@id": "node/6939601847",
        "name": "Мичуринский проспект",
        "public_transport": "stop_position",
        "railway": "stop",
        "subway": "yes"
      },
      "geometry": {
        "type": "Point",
        "coordinates": [
          37.4827307,
          55.6893827
        ]
      },
      "id": "node/6939601847"
    },
    {
      "type": "Feature",
      "properties": {
        "@id": "node/6939601848",
        "name": "Мичуринский проспект",
        "public_transport": "stop_position",
        "railway": "stop",
        "subway": "yes"
      },
      "geometry": {
        "type": "Point",
        "coordinates": [
          37.4829224,
          55.6892737
        ]
      },
      "id": "node/6939601848"
    },
    {
      "type": "Feature",
      "properties": {
        "@id": "node/6939601849",
        "name": "Озёрная",
        "public_transport": "stop_position",
        "railway": "stop",
        "subway": "yes"
      },
      "geometry": {
        "type": "Point",
        "coordinates": [
          37.4486654,
          55.670558
        ]
      },
      "id": "node/6939601849"
    },
    {
      "type": "Feature",
      "properties": {
        "@id": "node/6939601850",
        "name": "Озёрная",
        "public_transport": "stop_position",
        "railway": "stop",
        "subway": "yes"
      },
      "geometry": {
        "type": "Point",
        "coordinates": [
          37.4487958,
          55.6704456
        ]
      },
      "id": "node/6939601850"
    },
    {
      "type": "Feature",
      "properties": {
        "@id": "node/6939601851",
        "name": "Говорово",
        "public_transport": "stop_position",
        "railway": "stop",
        "subway": "yes"
      },
      "geometry": {
        "type": "Point",
        "coordinates": [
          37.4172335,
          55.6596187
        ]
      },
      "id": "node/6939601851"
    },
    {
      "type": "Feature",
      "properties": {
        "@id": "node/6939601852",
        "name": "Говорово",
        "public_transport": "stop_position",
        "railway": "stop",
        "subway": "yes"
      },
      "geometry": {
        "type": "Point",
        "coordinates": [
          37.4172369,
          55.659485
        ]
      },
      "id": "node/6939601852"
    },
    {
      "type": "Feature",
      "properties": {
        "@id": "node/6939601853",
        "name": "Солнцево",
        "public_transport": "stop_position",
        "railway": "stop",
        "subway": "yes"
      },
      "geometry": {
        "type": "Point",
        "coordinates": [
          37.3911097,
          55.6497224
        ]
      },
      "id": "node/6939601853"
    },
    {
      "type": "Feature",
      "properties": {
        "@id": "node/6939601854",
        "name": "Солнцево",
        "public_transport": "stop_position",
        "railway": "stop",
        "subway": "yes"
      },
      "geometry": {
        "type": "Point",
        "coordinates": [
          37.3913251,
          55.6496656
        ]
      },
      "id": "node/6939601854"
    },
    {
      "type": "Feature",
      "properties": {
        "@id": "node/6939601855",
        "name": "Боровское шоссе",
        "public_transport": "stop_position",
        "railway": "stop",
        "subway": "yes"
      },
      "geometry": {
        "type": "Point",
        "coordinates": [
          37.3703794,
          55.6478104
        ]
      },
      "id": "node/6939601855"
    },
    {
      "type": "Feature",
      "properties": {
        "@id": "node/6939601856",
        "name": "Боровское шоссе",
        "public_transport": "stop_position",
        "railway": "stop",
        "subway": "yes"
      },
      "geometry": {
        "type": "Point",
        "coordinates": [
          37.3704849,
          55.6476932
        ]
      },
      "id": "node/6939601856"
    },
    {
      "type": "Feature",
      "properties": {
        "@id": "node/6939601857",
        "name": "Новопеределкино",
        "public_transport": "stop_position",
        "railway": "stop",
        "subway": "yes"
      },
      "geometry": {
        "type": "Point",
        "coordinates": [
          37.355026,
          55.6396763
        ]
      },
      "id": "node/6939601857"
    },
    {
      "type": "Feature",
      "properties": {
        "@id": "node/6939601858",
        "name": "Новопеределкино",
        "public_transport": "stop_position",
        "railway": "stop",
        "subway": "yes"
      },
      "geometry": {
        "type": "Point",
        "coordinates": [
          37.355182,
          55.6395765
        ]
      },
      "id": "node/6939601858"
    },
    {
      "type": "Feature",
      "properties": {
        "@id": "node/6939601859",
        "name": "Рассказовка",
        "public_transport": "stop_position",
        "railway": "stop",
        "subway": "yes"
      },
      "geometry": {
        "type": "Point",
        "coordinates": [
          37.3350572,
          55.6340891
        ]
      },
      "id": "node/6939601859"
    },
    {
      "type": "Feature",
      "properties": {
        "@id": "node/6939601860",
        "name": "Рассказовка",
        "public_transport": "stop_position",
        "railway": "stop",
        "subway": "yes"
      },
      "geometry": {
        "type": "Point",
        "coordinates": [
          37.3351169,
          55.6339631
        ]
      },
      "id": "node/6939601860"
    },
    {
      "type": "Feature",
      "properties": {
        "@id": "node/6939601861",
        "name": "Авиамоторная",
        "public_transport": "stop_position",
        "railway": "stop",
        "subway": "yes"
      },
      "geometry": {
        "type": "Point",
        "coordinates": [
          37.7201138,
          55.7524574
        ]
      },
      "id": "node/6939601861"
    },
    {
      "type": "Feature",
      "properties": {
        "@id": "node/6939601862",
        "name": "Авиамоторная",
        "public_transport": "stop_position",
        "railway": "stop",
        "subway": "yes"
      },
      "geometry": {
        "type": "Point",
        "coordinates": [
          37.7200011,
          55.7526159
        ]
      },
      "id": "node/6939601862"
    },
    {
      "type": "Feature",
      "properties": {
        "@id": "node/6939601863",
        "name": "Шоссе Энтузиастов",
        "public_transport": "stop_position",
        "railway": "stop",
        "subway": "yes"
      },
      "geometry": {
        "type": "Point",
        "coordinates": [
          37.7495021,
          55.7574706
        ]
      },
      "id": "node/6939601863"
    },
    {
      "type": "Feature",
      "properties": {
        "@id": "node/6939601864",
        "name": "Шоссе Энтузиастов",
        "public_transport": "stop_position",
        "railway": "stop",
        "subway": "yes"
      },
      "geometry": {
        "type": "Point",
        "coordinates": [
          37.7494713,
          55.7576679
        ]
      },
      "id": "node/6939601864"
    },
    {
      "type": "Feature",
      "properties": {
        "@id": "node/6939601865",
        "name": "Перово",
        "public_transport": "stop_position",
        "railway": "stop",
        "subway": "yes"
      },
      "geometry": {
        "type": "Point",
        "coordinates": [
          37.7865341,
          55.7511407
        ]
      },
      "id": "node/6939601865"
    },
    {
      "type": "Feature",
      "properties": {
        "@id": "node/6939601866",
        "name": "Перово",
        "public_transport": "stop_position",
        "railway": "stop",
        "subway": "yes"
      },
      "geometry": {
        "type": "Point",
        "coordinates": [
          37.7864468,
          55.7512475
        ]
      },
      "id": "node/6939601866"
    },
    {
      "type": "Feature",
      "properties": {
        "@id": "node/6939601867",
        "name": "Новогиреево",
        "public_transport": "stop_position",
        "railway": "stop",
        "subway": "yes"
      },
      "geometry": {
        "type": "Point",
        "coordinates": [
          37.8167147,
          55.751714
        ]
      },
      "id": "node/6939601867"
    },
    {
      "type": "Feature",
      "properties": {
        "@id": "node/6939601868",
        "name": "Новогиреево",
        "public_transport": "stop_position",
        "railway": "stop",
        "subway": "yes"
      },
      "geometry": {
        "type": "Point",
        "coordinates": [
          37.816768,
          55.751826
        ]
      },
      "id": "node/6939601868"
    },
    {
      "type": "Feature",
      "properties": {
        "@id": "node/6939601869",
        "name": "Новокосино",
        "public_transport": "stop_position",
        "railway": "stop",
        "subway": "yes"
      },
      "geometry": {
        "type": "Point",
        "coordinates": [
          37.8638087,
          55.7450231
        ]
      },
      "id": "node/6939601869"
    },
    {
      "type": "Feature",
      "properties": {
        "@id": "node/6939601870",
        "name": "Новокосино",
        "public_transport": "stop_position",
        "railway": "stop",
        "subway": "yes"
      },
      "geometry": {
        "type": "Point",
        "coordinates": [
          37.8637351,
          55.7451496
        ]
      },
      "id": "node/6939601870"
    },
    {
      "type": "Feature",
      "properties": {
        "@id": "node/6939601871",
        "name": "Улица Дмитриевского",
        "public_transport": "stop_position",
        "railway": "stop",
        "subway": "yes"
      },
      "geometry": {
        "type": "Point",
        "coordinates": [
          37.8802334,
          55.7101691
        ]
      },
      "id": "node/6939601871"
    },
    {
      "type": "Feature",
      "properties": {
        "@id": "node/6939601872",
        "name": "Улица Дмитриевского",
        "public_transport": "stop_position",
        "railway": "stop",
        "subway": "yes"
      },
      "geometry": {
        "type": "Point",
        "coordinates": [
          37.8801712,
          55.7100392
        ]
      },
      "id": "node/6939601872"
    },
    {
      "type": "Feature",
      "properties": {
        "@id": "node/6939601873",
        "name": "Лухмановская",
        "public_transport": "stop_position",
        "railway": "stop",
        "subway": "yes"
      },
      "geometry": {
        "type": "Point",
        "coordinates": [
          37.8998529,
          55.7085251
        ]
      },
      "id": "node/6939601873"
    },
    {
      "type": "Feature",
      "properties": {
        "@id": "node/6939601874",
        "name": "Лухмановская",
        "public_transport": "stop_position",
        "railway": "stop",
        "subway": "yes"
      },
      "geometry": {
        "type": "Point",
        "coordinates": [
          37.902238,
          55.7084945
        ]
      },
      "id": "node/6939601874"
    },
    {
      "type": "Feature",
      "properties": {
        "@id": "node/6939665005",
        "name": "Деловой Центр",
        "name:en": "Delovoy Center",
        "name:ru": "Деловой центр",
        "old_name": "Выставочная",
        "public_transport": "stop_position",
        "railway": "stop",
        "subway": "yes"
      },
      "geometry": {
        "type": "Point",
        "coordinates": [
          37.5413162,
          55.7501369
        ]
      },
      "id": "node/6939665005"
    },
    {
      "type": "Feature",
      "properties": {
        "@id": "node/6939665006",
        "name": "Деловой Центр",
        "name:en": "Delovoy Center",
        "name:ru": "Деловой центр",
        "old_name": "Выставочная",
        "public_transport": "stop_position",
        "railway": "stop",
        "subway": "yes"
      },
      "geometry": {
        "type": "Point",
        "coordinates": [
          37.5414319,
          55.7500267
        ]
      },
      "id": "node/6939665006"
    },
    {
      "type": "Feature",
      "properties": {
        "@id": "node/6939665007",
        "name": "Москва-Сити",
        "name:en": "Moscow-City",
        "name:ru": "Москва-Сити",
        "old_name": "Международная",
        "public_transport": "stop_position",
        "railway": "stop",
        "subway": "yes"
      },
      "geometry": {
        "type": "Point",
        "coordinates": [
          37.534237,
          55.7483638
        ]
      },
      "id": "node/6939665007"
    },
    {
      "type": "Feature",
      "properties": {
        "@id": "node/6939665008",
        "name": "Москва-Сити",
        "name:en": "Moscow-City",
        "name:ru": "Москва-Сити",
        "old_name": "Международная",
        "public_transport": "stop_position",
        "railway": "stop",
        "subway": "yes"
      },
      "geometry": {
        "type": "Point",
        "coordinates": [
          37.5342245,
          55.7482325
        ]
      },
      "id": "node/6939665008"
    },
    {
      "type": "Feature",
      "properties": {
        "@id": "node/6939665009",
        "name": "Митино",
        "public_transport": "stop_position",
        "railway": "stop",
        "subway": "yes"
      },
      "geometry": {
        "type": "Point",
        "coordinates": [
          37.3615145,
          55.8461116
        ]
      },
      "id": "node/6939665009"
    },
    {
      "type": "Feature",
      "properties": {
        "@id": "node/6939665010",
        "name": "Митино",
        "public_transport": "stop_position",
        "railway": "stop",
        "subway": "yes"
      },
      "geometry": {
        "type": "Point",
        "coordinates": [
          37.362908,
          55.8454065
        ]
      },
      "id": "node/6939665010"
    },
    {
      "type": "Feature",
      "properties": {
        "@id": "node/6939665011",
        "colour": "blue",
        "depth": "9.5",
        "internet_access": "wlan",
        "layer": "-4",
        "name": "Крылатское",
        "name:be": "Крылацкае",
        "name:en": "Krylatskoye",
        "name:ml": "ക്രിലാറ്റ്സ്കോയെ",
        "name:ru": "Крылатское",
        "name:uk": "Крилатське",
        "network": "Московский метрополитен",
        "opening_hours": "Mo-Su 05:30-01:00",
        "operator": "ГУП «Московский метрополитен»",
        "outdoor_seating": "no",
        "public_transport": "station",
        "railway": "station",
        "start_date": "1989-12-31",
        "station": "subway",
        "subway": "yes",
        "website": "http://mosmetro.ru",
        "wikidata": "Q2721146"
      },
      "geometry": {
        "type": "Point",
        "coordinates": [
          37.4081393,
          55.7565949
        ]
      },
      "id": "node/6939665011"
    },
    {
      "type": "Feature",
      "properties": {
        "@id": "node/6939665012",
        "name": "Крылатское",
        "public_transport": "stop_position",
        "railway": "stop",
        "subway": "yes"
      },
      "geometry": {
        "type": "Point",
        "coordinates": [
          37.408036,
          55.7565868
        ]
      },
      "id": "node/6939665012"
    },
    {
      "type": "Feature",
      "properties": {
        "@id": "node/6939665013",
        "name": "Молодёжная",
        "public_transport": "stop_position",
        "railway": "stop",
        "subway": "yes"
      },
      "geometry": {
        "type": "Point",
        "coordinates": [
          37.4170028,
          55.740801
        ]
      },
      "id": "node/6939665013"
    },
    {
      "type": "Feature",
      "properties": {
        "@id": "node/6939665014",
        "name": "Молодёжная",
        "public_transport": "stop_position",
        "railway": "stop",
        "subway": "yes"
      },
      "geometry": {
        "type": "Point",
        "coordinates": [
          37.4168703,
          55.7407126
        ]
      },
      "id": "node/6939665014"
    },
    {
      "type": "Feature",
      "properties": {
        "@id": "node/6939665015",
        "name": "Славянский бульвар",
        "public_transport": "stop_position",
        "railway": "stop",
        "subway": "yes"
      },
      "geometry": {
        "type": "Point",
        "coordinates": [
          37.4707528,
          55.7296548
        ]
      },
      "id": "node/6939665015"
    },
    {
      "type": "Feature",
      "properties": {
        "@id": "node/6939665016",
        "name": "Славянский бульвар",
        "public_transport": "stop_position",
        "railway": "stop",
        "subway": "yes"
      },
      "geometry": {
        "type": "Point",
        "coordinates": [
          37.4708087,
          55.7295431
        ]
      },
      "id": "node/6939665016"
    },
    {
      "type": "Feature",
      "properties": {
        "@id": "node/6939665017",
        "name": "Парк Победы",
        "public_transport": "stop_position",
        "railway": "stop",
        "subway": "yes"
      },
      "geometry": {
        "type": "Point",
        "coordinates": [
          37.5181214,
          55.7364421
        ]
      },
      "id": "node/6939665017"
    },
    {
      "type": "Feature",
      "properties": {
        "@id": "node/6939665018",
        "name": "Парк Победы",
        "public_transport": "stop_position",
        "railway": "stop",
        "subway": "yes"
      },
      "geometry": {
        "type": "Point",
        "coordinates": [
          37.5180197,
          55.7362598
        ]
      },
      "id": "node/6939665018"
    },
    {
      "type": "Feature",
      "properties": {
        "@id": "node/6939665019",
        "name": "Киевская",
        "public_transport": "stop_position",
        "railway": "stop",
        "subway": "yes"
      },
      "geometry": {
        "type": "Point",
        "coordinates": [
          37.5648555,
          55.7442702
        ]
      },
      "id": "node/6939665019"
    },
    {
      "type": "Feature",
      "properties": {
        "@id": "node/6939665020",
        "name": "Киевская",
        "public_transport": "stop_position",
        "railway": "stop",
        "subway": "yes"
      },
      "geometry": {
        "type": "Point",
        "coordinates": [
          37.5651566,
          55.7436128
        ]
      },
      "id": "node/6939665020"
    },
    {
      "type": "Feature",
      "properties": {
        "@id": "node/6939665021",
        "name": "Киевская",
        "public_transport": "stop_position",
        "railway": "stop",
        "subway": "yes"
      },
      "geometry": {
        "type": "Point",
        "coordinates": [
          37.5661463,
          55.7437576
        ]
      },
      "id": "node/6939665021"
    },
    {
      "type": "Feature",
      "properties": {
        "@id": "node/6939665022",
        "name": "Киевская",
        "public_transport": "stop_position",
        "railway": "stop",
        "subway": "yes"
      },
      "geometry": {
        "type": "Point",
        "coordinates": [
          37.565964,
          55.7443502
        ]
      },
      "id": "node/6939665022"
    },
    {
      "type": "Feature",
      "properties": {
        "@id": "node/6939665023",
        "name": "Смоленская",
        "public_transport": "stop_position",
        "railway": "stop",
        "subway": "yes"
      },
      "geometry": {
        "type": "Point",
        "coordinates": [
          37.5823176,
          55.7475903
        ]
      },
      "id": "node/6939665023"
    },
    {
      "type": "Feature",
      "properties": {
        "@id": "node/6939665024",
        "name": "Смоленская",
        "public_transport": "stop_position",
        "railway": "stop",
        "subway": "yes"
      },
      "geometry": {
        "type": "Point",
        "coordinates": [
          37.5824306,
          55.747383
        ]
      },
      "id": "node/6939665024"
    },
    {
      "type": "Feature",
      "properties": {
        "@id": "node/6939665025",
        "name": "Смоленская",
        "public_transport": "stop_position",
        "railway": "stop",
        "subway": "yes"
      },
      "geometry": {
        "type": "Point",
        "coordinates": [
          37.5826955,
          55.7488633
        ]
      },
      "id": "node/6939665025"
    },
    {
      "type": "Feature",
      "properties": {
        "@id": "node/6939665026",
        "name": "Смоленская",
        "public_transport": "stop_position",
        "railway": "stop",
        "subway": "yes"
      },
      "geometry": {
        "type": "Point",
        "coordinates": [
          37.5827359,
          55.7487499
        ]
      },
      "id": "node/6939665026"
    },
    {
      "type": "Feature",
      "properties": {
        "@id": "node/6939665027",
        "name": "Арбатская",
        "public_transport": "stop_position",
        "railway": "stop",
        "subway": "yes"
      },
      "geometry": {
        "type": "Point",
        "coordinates": [
          37.6006643,
          55.7519104
        ]
      },
      "id": "node/6939665027"
    },
    {
      "type": "Feature",
      "properties": {
        "@id": "node/6939665028",
        "name": "Арбатская",
        "public_transport": "stop_position",
        "railway": "stop",
        "subway": "yes"
      },
      "geometry": {
        "type": "Point",
        "coordinates": [
          37.6006494,
          55.7517947
        ]
      },
      "id": "node/6939665028"
    },
    {
      "type": "Feature",
      "properties": {
        "@id": "node/6939665029",
        "name": "Арбатская",
        "public_transport": "stop_position",
        "railway": "stop",
        "subway": "yes"
      },
      "geometry": {
        "type": "Point",
        "coordinates": [
          37.606969,
          55.752187
        ]
      },
      "id": "node/6939665029"
    },
    {
      "type": "Feature",
      "properties": {
        "@id": "node/6939665030",
        "name": "Арбатская",
        "public_transport": "stop_position",
        "railway": "stop",
        "subway": "yes"
      },
      "geometry": {
        "type": "Point",
        "coordinates": [
          37.6069813,
          55.7520024
        ]
      },
      "id": "node/6939665030"
    },
    {
      "type": "Feature",
      "properties": {
        "@id": "node/6939665031",
        "name": "Бауманская",
        "public_transport": "stop_position",
        "railway": "stop",
        "subway": "yes"
      },
      "geometry": {
        "type": "Point",
        "coordinates": [
          37.6803999,
          55.7731186
        ]
      },
      "id": "node/6939665031"
    },
    {
      "type": "Feature",
      "properties": {
        "@id": "node/6939665032",
        "name": "Бауманская",
        "public_transport": "stop_position",
        "railway": "stop",
        "subway": "yes"
      },
      "geometry": {
        "type": "Point",
        "coordinates": [
          37.6806409,
          55.7729343
        ]
      },
      "id": "node/6939665032"
    },
    {
      "type": "Feature",
      "properties": {
        "@id": "node/6939665033",
        "name": "Электрозаводская",
        "public_transport": "stop_position",
        "railway": "stop",
        "subway": "yes"
      },
      "geometry": {
        "type": "Point",
        "coordinates": [
          37.703709,
          55.7818182
        ]
      },
      "id": "node/6939665033"
    },
    {
      "type": "Feature",
      "properties": {
        "@id": "node/6939665034",
        "name": "Электрозаводская",
        "public_transport": "stop_position",
        "railway": "stop",
        "subway": "yes"
      },
      "geometry": {
        "type": "Point",
        "coordinates": [
          37.7038623,
          55.7816069
        ]
      },
      "id": "node/6939665034"
    },
    {
      "type": "Feature",
      "properties": {
        "@id": "node/6939665035",
        "name": "Партизанская",
        "public_transport": "stop_position",
        "railway": "stop",
        "subway": "yes"
      },
      "geometry": {
        "type": "Point",
        "coordinates": [
          37.7509617,
          55.7886142
        ]
      },
      "id": "node/6939665035"
    },
    {
      "type": "Feature",
      "properties": {
        "@id": "node/6939665036",
        "name": "Партизанская",
        "public_transport": "stop_position",
        "railway": "stop",
        "subway": "yes"
      },
      "geometry": {
        "type": "Point",
        "coordinates": [
          37.7510003,
          55.7883907
        ]
      },
      "id": "node/6939665036"
    },
    {
      "type": "Feature",
      "properties": {
        "@id": "node/6939665037",
        "name": "Партизанская",
        "public_transport": "stop_position",
        "railway": "stop",
        "subway": "yes"
      },
      "geometry": {
        "type": "Point",
        "coordinates": [
          37.7509905,
          55.7885029
        ]
      },
      "id": "node/6939665037"
    },
    {
      "type": "Feature",
      "properties": {
        "@id": "node/6939665038",
        "name": "Измайловская",
        "public_transport": "stop_position",
        "railway": "stop",
        "subway": "yes"
      },
      "geometry": {
        "type": "Point",
        "coordinates": [
          37.7816479,
          55.7878146
        ]
      },
      "id": "node/6939665038"
    },
    {
      "type": "Feature",
      "properties": {
        "@id": "node/6939665039",
        "name": "Измайловская",
        "public_transport": "stop_position",
        "railway": "stop",
        "subway": "yes"
      },
      "geometry": {
        "type": "Point",
        "coordinates": [
          37.7816571,
          55.7876881
        ]
      },
      "id": "node/6939665039"
    },
    {
      "type": "Feature",
      "properties": {
        "@id": "node/6939665040",
        "name": "Первомайская",
        "public_transport": "stop_position",
        "railway": "stop",
        "subway": "yes"
      },
      "geometry": {
        "type": "Point",
        "coordinates": [
          37.7992909,
          55.7946965
        ]
      },
      "id": "node/6939665040"
    },
    {
      "type": "Feature",
      "properties": {
        "@id": "node/6939665041",
        "name": "Первомайская",
        "public_transport": "stop_position",
        "railway": "stop",
        "subway": "yes"
      },
      "geometry": {
        "type": "Point",
        "coordinates": [
          37.799496,
          55.7946983
        ]
      },
      "id": "node/6939665041"
    },
    {
      "type": "Feature",
      "properties": {
        "@id": "node/6939665042",
        "layer": "-4",
        "location": "underground",
        "name": "Щёлковская",
        "public_transport": "stop_position",
        "railway": "stop",
        "subway": "yes"
      },
      "geometry": {
        "type": "Point",
        "coordinates": [
          37.7984695,
          55.8093353
        ]
      },
      "id": "node/6939665042"
    },
    {
      "type": "Feature",
      "properties": {
        "@id": "node/6939665043",
        "layer": "-4",
        "location": "underground",
        "name": "Щёлковская",
        "public_transport": "stop_position",
        "railway": "stop",
        "subway": "yes"
      },
      "geometry": {
        "type": "Point",
        "coordinates": [
          37.7986755,
          55.8093383
        ]
      },
      "id": "node/6939665043"
    },
    {
      "type": "Feature",
      "properties": {
        "@id": "node/6950639206",
        "name": "Семёновская",
        "public_transport": "stop_position",
        "railway": "stop",
        "subway": "yes"
      },
      "geometry": {
        "type": "Point",
        "coordinates": [
          37.7211967,
          55.7834165
        ]
      },
      "id": "node/6950639206"
    },
    {
      "type": "Feature",
      "properties": {
        "@id": "node/6950639207",
        "name": "Семёновская",
        "public_transport": "stop_position",
        "railway": "stop",
        "subway": "yes"
      },
      "geometry": {
        "type": "Point",
        "coordinates": [
          37.7212709,
          55.783192
        ]
      },
      "id": "node/6950639207"
    },
    {
      "type": "Feature",
      "properties": {
        "@id": "node/7335380503",
        "colour": "#FFCBDB",
        "depth": "21",
        "internet_access": "wlan",
        "layer": "-3",
        "name": "Окская",
        "name:en": "Okskaya",
        "name:ml": "ഒക്സ്കായ",
        "network": "Московский метрополитен",
        "opening_hours": "Mo-Su 05:30-01:00",
        "operator": "ГУП «Московский метрополитен»",
        "outdoor_seating": "no",
        "public_transport": "station",
        "railway": "station",
        "start_date": "2020-03-27",
        "station": "subway",
        "subway": "yes",
        "website": "http://mosmetro.ru/",
        "wheelchair": "yes",
        "wikidata": "Q4332928",
        "wikipedia": "ru:Окская (станция метро)"
      },
      "geometry": {
        "type": "Point",
        "coordinates": [
          37.7817628,
          55.718342
        ]
      },
      "id": "node/7335380503"
    },
    {
      "type": "Feature",
      "properties": {
        "@id": "node/7335523472",
        "colour": "#FFCBDB",
        "depth": "19",
        "internet_access": "wlan",
        "layer": "-3",
        "name": "Стахановская",
        "name:en": "Stakhanovskaya",
        "name:ml": "സ്റ്റാഖനോവ്സ്കായ",
        "network": "Московский метрополитен",
        "opening_hours": "Mo-Su 05:30-01:00",
        "operator": "ГУП «Московский метрополитен»",
        "outdoor_seating": "no",
        "public_transport": "station",
        "railway": "station",
        "start_date": "2020-03-27",
        "station": "subway",
        "subway": "yes",
        "website": "http://mosmetro.ru/",
        "wheelchair": "yes",
        "wikidata": "Q4441334",
        "wikipedia": "ru:Стахановская (станция метро)"
      },
      "geometry": {
        "type": "Point",
        "coordinates": [
          37.7532484,
          55.7270183
        ]
      },
      "id": "node/7335523472"
    },
    {
      "type": "Feature",
      "properties": {
        "@id": "node/7339988431",
        "colour": "#FFCBDB",
        "depth": "20",
        "internet_access": "wlan",
        "layer": "-3",
        "name": "Юго-Восточная",
        "name:en": "Yugo-Vostochnaya",
        "name:ml": "യുഗോ-വോസ്റ്റോച്നായ",
        "network": "Московский метрополитен",
        "opening_hours": "Mo-Su 05:30-01:00",
        "operator": "ГУП «Московский метрополитен»",
        "outdoor_seating": "no",
        "public_transport": "station",
        "railway": "station",
        "start_date": "2020-03-27",
        "station": "subway",
        "subway": "yes",
        "website": "http://mosmetro.ru/",
        "wheelchair": "yes",
        "wikidata": "Q4482924",
        "wikipedia": "ru:Юго-Восточная (станция метро, Москва)"
      },
      "geometry": {
        "type": "Point",
        "coordinates": [
          37.8189764,
          55.7050362
        ]
      },
      "id": "node/7339988431"
    },
    {
      "type": "Feature",
      "properties": {
        "@id": "node/7340764979",
        "colour": "#82C0C0",
        "depth": "26",
        "internet_access": "wlan",
        "layer": "-3",
        "name": "Лефортово",
        "name:en": "Lefortovo",
        "name:ml": "ലെഫോർട്ടോവോ",
        "name:ru": "Лефортово",
        "network": "Московский метрополитен",
        "opening_hours": "Mo-Su 05:30-01:00",
        "operator": "ГУП «Московский метрополитен»",
        "outdoor_seating": "no",
        "public_transport": "station",
        "railway": "station",
        "start_date": "2020-03-27",
        "station": "subway",
        "subway": "yes",
        "website": "http://mosmetro.ru/",
        "wheelchair": "yes",
        "wikidata": "Q4260380",
        "wikipedia": "ru:Лефортово (станция метро)"
      },
      "geometry": {
        "type": "Point",
        "coordinates": [
          37.7067382,
          55.7647338
        ]
      },
      "id": "node/7340764979"
    },
    {
      "type": "Feature",
      "properties": {
        "@id": "node/7340764980",
        "colour": "#82C0C0",
        "depth": "19.4",
        "internet_access": "wlan",
        "layer": "-3",
        "name": "Авиамоторная",
        "name:en": "Aviamotornaya",
        "name:ml": "അവിയമോട്ടോർനായ",
        "name:ru": "Авиамоторная",
        "network": "Московский метрополитен",
        "opening_hours": "Mo-Su 05:30-01:00",
        "operator": "ГУП «Московский метрополитен»",
        "outdoor_seating": "no",
        "public_transport": "station",
        "railway": "station",
        "start_date": "2020-03-27",
        "station": "subway",
        "subway": "yes",
        "website": "http://mosmetro.ru",
        "wheelchair": "yes",
        "wikidata": "Q16487624",
        "wikipedia": "ru:Авиамоторная (станция метро, Большая кольцевая линия)"
      },
      "geometry": {
        "type": "Point",
        "coordinates": [
          37.718992,
          55.7539271
        ]
      },
      "id": "node/7340764980"
    },
    {
      "type": "Feature",
      "properties": {
        "@id": "node/7340764981",
        "colour": "#FFCBDB",
        "depth": "21.8",
        "internet_access": "wlan",
        "layer": "-3",
        "name": "Нижегородская",
        "name:en": "Nizhegorodskaya",
        "name:ml": "നിജെഗൊറോഡ്സ്കായ",
        "network": "Московский метрополитен",
        "opening_hours": "Mo-Su 05:30-01:00",
        "operator": "ГУП «Московский метрополитен»",
        "outdoor_seating": "no",
        "public_transport": "station",
        "railway": "station",
        "start_date": "2020-03-27",
        "station": "subway",
        "subway": "yes",
        "website": "http://mosmetro.ru/",
        "wheelchair": "yes",
        "wikidata": "Q4318640",
        "wikipedia": "ru:Нижегородская (станция метро)"
      },
      "geometry": {
        "type": "Point",
        "coordinates": [
          37.7299863,
          55.7319234
        ]
      },
      "id": "node/7340764981"
    },
    {
      "type": "Feature",
      "properties": {
        "@id": "node/8268702705",
        "colour": "#82C0C0",
        "depth": "20",
        "internet_access": "wlan",
        "layer": "-4",
        "name": "Электрозаводская",
        "name:en": "Electrozavodskaya",
        "name:ml": "എലെക്ട്രോസാവോഡ്സ്കായ",
        "name:ru": "Электрозаводская",
        "network": "Московский метрополитен",
        "opening_hours": "Mo-Su 05:30-01:00",
        "operator": "ГУП «Московский метрополитен»",
        "outdoor_seating": "no",
        "public_transport": "station",
        "railway": "station",
        "start_date": "2020-12-31",
        "station": "subway",
        "subway": "yes",
        "website": "http://mosmetro.ru/",
        "wheelchair": "yes",
        "wikidata": "Q4530866",
        "wikipedia": "ru:Электрозаводская (станция метро, Большая кольцевая линия)"
      },
      "geometry": {
        "type": "Point",
        "coordinates": [
          37.7029935,
          55.7802845
        ]
      },
      "id": "node/8268702705"
    },
    {
      "type": "Feature",
      "properties": {
        "@id": "node/8581944518",
        "colour": "#82C0C0",
        "depth": "28",
        "internet_access": "wlan",
        "layer": "-5",
        "name": "Народное Ополчение",
        "name:ru": "Народное Ополчение",
        "network": "Московский метрополитен",
        "opening_hours": "Mo-Su 05:30-01:00",
        "operator": "ГУП «Московский метрополитен»",
        "outdoor_seating": "no",
        "public_transport": "station",
        "railway": "station",
        "start_date": "2021-04-01",
        "station": "subway",
        "subway": "yes",
        "website": "http://mosmetro.ru",
        "wheelchair": "yes",
        "wikidata": "Q4473287",
        "wikipedia": "ru:Народное Ополчение (станция метро)"
      },
      "geometry": {
        "type": "Point",
        "coordinates": [
          37.4857311,
          55.7757351
        ]
      },
      "id": "node/8581944518"
    },
    {
      "type": "Feature",
      "properties": {
        "@id": "node/8581944519",
        "colour": "#82C0C0",
        "depth": "27",
        "internet_access": "wlan",
        "layer": "-5",
        "name": "Мнёвники",
        "name:ru": "Мнёвники",
        "network": "Московский метрополитен",
        "opening_hours": "Mo-Su 05:30-01:00",
        "operator": "ГУП «Московский метрополитен»",
        "outdoor_seating": "no",
        "public_transport": "station",
        "railway": "station",
        "start_date": "2021-04-01",
        "station": "subway",
        "subway": "yes",
        "website": "http://mosmetro.ru",
        "wikidata": "Q16677183",
        "wikipedia": "ru:Мнёвники (станция метро)"
      },
      "geometry": {
        "type": "Point",
        "coordinates": [
          37.471405,
          55.7611845
        ]
      },
      "id": "node/8581944519"
    },
    {
      "type": "Feature",
      "properties": {
        "@id": "node/9315679313",
        "name": "Каховская",
        "public_transport": "stop_position",
        "railway": "stop",
        "subway": "yes"
      },
      "geometry": {
        "type": "Point",
        "coordinates": [
          37.5984538,
          55.6528464
        ]
      },
      "id": "node/9315679313"
    },
    {
      "type": "Feature",
      "properties": {
        "@id": "node/9315679314",
        "name": "Каховская",
        "public_transport": "stop_position",
        "railway": "stop",
        "subway": "yes"
      },
      "geometry": {
        "type": "Point",
        "coordinates": [
          37.5984036,
          55.6529587
        ]
      },
      "id": "node/9315679314"
    },
    {
      "type": "Feature",
      "properties": {
        "@id": "node/9315679315",
        "name": "Зюзино",
        "public_transport": "stop_position",
        "railway": "stop",
        "subway": "yes"
      },
      "geometry": {
        "type": "Point",
        "coordinates": [
          37.5736131,
          55.6558347
        ]
      },
      "id": "node/9315679315"
    },
    {
      "type": "Feature",
      "properties": {
        "@id": "node/9315679316",
        "name": "Зюзино",
        "public_transport": "stop_position",
        "railway": "stop",
        "subway": "yes"
      },
      "geometry": {
        "type": "Point",
        "coordinates": [
          37.5734892,
          55.6557203
        ]
      },
      "id": "node/9315679316"
    },
    {
      "type": "Feature",
      "properties": {
        "@id": "node/9315693017",
        "colour": "#82C0C0",
        "depth": "17.5",
        "internet_access": "wlan",
        "layer": "-3",
        "name": "Зюзино",
        "name:ru": "Зюзино",
        "network": "Московский метрополитен",
        "opening_hours": "Mo-Su 05:30-01:00",
        "operator": "ГУП «Московский метрополитен»",
        "outdoor_seating": "no",
        "public_transport": "station",
        "railway": "station",
        "start_date": "2021-12-07",
        "station": "subway",
        "subway": "yes",
        "website": "http://mosmetro.ru",
        "wheelchair": "yes",
        "wikidata": "Q16654645",
        "wikipedia": "ru:Зюзино (станция метро)"
      },
      "geometry": {
        "type": "Point",
        "coordinates": [
          37.5735524,
          55.6557778
        ]
      },
      "id": "node/9315693017"
    },
    {
      "type": "Feature",
      "properties": {
        "@id": "node/9315693018",
        "name": "Воронцовская",
        "public_transport": "stop_position",
        "railway": "stop",
        "subway": "yes"
      },
      "geometry": {
        "type": "Point",
        "coordinates": [
          37.5394151,
          55.658779
        ]
      },
      "id": "node/9315693018"
    },
    {
      "type": "Feature",
      "properties": {
        "@id": "node/9315693019",
        "colour": "#82C0C0",
        "depth": "21",
        "internet_access": "wlan",
        "layer": "-3",
        "name": "Воронцовская",
        "name:en": "Vorontsovskaya",
        "name:ru": "Воронцовская",
        "network": "Московский метрополитен",
        "opening_hours": "Mo-Su 05:30-01:00",
        "operator": "ГУП «Московский метрополитен»",
        "outdoor_seating": "no",
        "public_transport": "station",
        "railway": "station",
        "start_date": "2021-12-07",
        "station": "subway",
        "subway": "yes",
        "website": "http://mosmetro.ru",
        "wheelchair": "yes",
        "wikidata": "Q21152364",
        "wikipedia": "ru:Воронцовская (станция метро)"
      },
      "geometry": {
        "type": "Point",
        "coordinates": [
          37.5394795,
          55.6588351
        ]
      },
      "id": "node/9315693019"
    },
    {
      "type": "Feature",
      "properties": {
        "@id": "node/9315693020",
        "name": "Воронцовская",
        "public_transport": "stop_position",
        "railway": "stop",
        "subway": "yes"
      },
      "geometry": {
        "type": "Point",
        "coordinates": [
          37.53954,
          55.6588927
        ]
      },
      "id": "node/9315693020"
    },
    {
      "type": "Feature",
      "properties": {
        "@id": "node/9315693021",
        "name": "Новаторская",
        "public_transport": "stop_position",
        "railway": "stop",
        "subway": "yes"
      },
      "geometry": {
        "type": "Point",
        "coordinates": [
          37.5218622,
          55.6701186
        ]
      },
      "id": "node/9315693021"
    },
    {
      "type": "Feature",
      "properties": {
        "@id": "node/9315693022",
        "colour": "#82C0C0",
        "depth": "11",
        "internet_access": "wlan",
        "layer": "-3",
        "name": "Новаторская",
        "name:en": "Novatorskaya",
        "name:ru": "Новаторская",
        "network": "Московский метрополитен",
        "opening_hours": "Mo-Su 05:30-01:00",
        "operator": "ГУП «Московский метрополитен»",
        "outdoor_seating": "no",
        "public_transport": "station",
        "railway": "station",
        "start_date": "2021-12-07",
        "station": "subway",
        "subway": "yes",
        "website": "http://mosmetro.ru",
        "wheelchair": "yes",
        "wikidata": "Q16709780",
        "wikipedia": "ru:Новаторская (станция метро, Большая кольцевая линия)"
      },
      "geometry": {
        "type": "Point",
        "coordinates": [
          37.5217748,
          55.6700672
        ]
      },
      "id": "node/9315693022"
    },
    {
      "type": "Feature",
      "properties": {
        "@id": "node/9315693023",
        "name": "Новаторская",
        "public_transport": "stop_position",
        "railway": "stop",
        "subway": "yes"
      },
      "geometry": {
        "type": "Point",
        "coordinates": [
          37.5216842,
          55.670015
        ]
      },
      "id": "node/9315693023"
    },
    {
      "type": "Feature",
      "properties": {
        "@id": "node/9315693024",
        "name": "Проспект Вернадского",
        "public_transport": "stop_position",
        "railway": "stop",
        "subway": "yes"
      },
      "geometry": {
        "type": "Point",
        "coordinates": [
          37.5038475,
          55.6783824
        ]
      },
      "id": "node/9315693024"
    },
    {
      "type": "Feature",
      "properties": {
        "@id": "node/9315693025",
        "colour": "#82C0C0",
        "depth": "16",
        "internet_access": "wlan",
        "layer": "-3",
        "name": "Проспект Вернадского",
        "network": "Московский метрополитен",
        "opening_hours": "Mo-Su 05:30-01:00",
        "operator": "ГУП «Московский метрополитен»",
        "outdoor_seating": "no",
        "public_transport": "station",
        "railway": "station",
        "start_date": "2021-12-07",
        "station": "subway",
        "subway": "yes",
        "website": "http://mosmetro.ru",
        "wheelchair": "yes",
        "wikidata": "Q16688954",
        "wikipedia": "ru:Проспект Вернадского (станция метро, Большая кольцевая линия)"
      },
      "geometry": {
        "type": "Point",
        "coordinates": [
          37.503929,
          55.6784309
        ]
      },
      "id": "node/9315693025"
    },
    {
      "type": "Feature",
      "properties": {
        "@id": "node/9315693026",
        "name": "Проспект Вернадского",
        "public_transport": "stop_position",
        "railway": "stop",
        "subway": "yes"
      },
      "geometry": {
        "type": "Point",
        "coordinates": [
          37.504011,
          55.6784792
        ]
      },
      "id": "node/9315693026"
    },
    {
      "type": "Feature",
      "properties": {
        "@id": "node/9315693027",
        "name": "Мичуринский проспект",
        "public_transport": "stop_position",
        "railway": "stop",
        "subway": "yes"
      },
      "geometry": {
        "type": "Point",
        "coordinates": [
          37.4852817,
          55.6883537
        ]
      },
      "id": "node/9315693027"
    },
    {
      "type": "Feature",
      "properties": {
        "@id": "node/9315693028",
        "colour": "#82C0C0",
        "depth": "19",
        "internet_access": "wlan",
        "layer": "-3",
        "name": "Мичуринский проспект",
        "name:en": "Michurinskiy prospekt",
        "name:ml": "മിച്ചുറിൻസ്കി പ്രോസ്പെക്റ്റ്",
        "name:ru": "Мичуринский проспект",
        "network": "Московский метрополитен",
        "opening_hours": "Mo-Su 05:30-01:00",
        "operator": "ГУП «Московский метрополитен»",
        "outdoor_seating": "no",
        "public_transport": "station",
        "railway": "station",
        "start_date": "2021-12-07",
        "station": "subway",
        "subway": "yes",
        "website": "http://mosmetro.ru",
        "wheelchair": "yes",
        "wikidata": "Q21153124",
        "wikipedia": "ru:Мичуринский проспект (станция метро, Большая кольцевая линия)"
      },
      "geometry": {
        "type": "Point",
        "coordinates": [
          37.4851908,
          55.6882968
        ]
      },
      "id": "node/9315693028"
    },
    {
      "type": "Feature",
      "properties": {
        "@id": "node/9315693029",
        "name": "Мичуринский проспект",
        "public_transport": "stop_position",
        "railway": "stop",
        "subway": "yes"
      },
      "geometry": {
        "type": "Point",
        "coordinates": [
          37.4850862,
          55.6882357
        ]
      },
      "id": "node/9315693029"
    },
    {
      "type": "Feature",
      "properties": {
        "@id": "node/9315693030",
        "name": "Аминьевская",
        "public_transport": "stop_position",
        "railway": "stop",
        "subway": "yes"
      },
      "geometry": {
        "type": "Point",
        "coordinates": [
          37.4650619,
          55.6972085
        ]
      },
      "id": "node/9315693030"
    },
    {
      "type": "Feature",
      "properties": {
        "@id": "node/9315693031",
        "colour": "#82C0C0",
        "depth": "14",
        "internet_access": "wlan",
        "layer": "-3",
        "name": "Аминьевская",
        "name:en": "Aminyevskaya",
        "name:ru": "Аминьевская",
        "network": "Московский метрополитен",
        "opening_hours": "Mo-Su 05:30-01:00",
        "operator": "ГУП «Московский метрополитен»",
        "outdoor_seating": "no",
        "public_transport": "station",
        "railway": "station",
        "start_date": "2021-12-07",
        "station": "subway",
        "subway": "yes",
        "website": "http://mosmetro.ru",
        "wheelchair": "yes",
        "wikidata": "Q21153156",
        "wikipedia": "ru:Аминьевская (станция метро)"
      },
      "geometry": {
        "type": "Point",
        "coordinates": [
          37.4649703,
          55.6971748
        ]
      },
      "id": "node/9315693031"
    },
    {
      "type": "Feature",
      "properties": {
        "@id": "node/9315693032",
        "name": "Аминьевская",
        "public_transport": "stop_position",
        "railway": "stop",
        "subway": "yes"
      },
      "geometry": {
        "type": "Point",
        "coordinates": [
          37.4648627,
          55.6971358
        ]
      },
      "id": "node/9315693032"
    },
    {
      "type": "Feature",
      "properties": {
        "@id": "node/9315693033",
        "name": "Давыдково",
        "public_transport": "stop_position",
        "railway": "stop",
        "subway": "yes"
      },
      "geometry": {
        "type": "Point",
        "coordinates": [
          37.4517725,
          55.7151485
        ]
      },
      "id": "node/9315693033"
    },
    {
      "type": "Feature",
      "properties": {
        "@id": "node/9315693034",
        "colour": "#82C0C0",
        "depth": "33",
        "internet_access": "wlan",
        "layer": "-2",
        "name": "Давыдково",
        "network": "Московский метрополитен",
        "opening_hours": "Mo-Su 05:30-01:00",
        "operator": "ГУП «Московский метрополитен»",
        "outdoor_seating": "no",
        "public_transport": "station",
        "railway": "station",
        "start_date": "2021-12-07",
        "station": "subway",
        "subway": "yes",
        "website": "http://mosmetro.ru",
        "wheelchair": "yes",
        "wikidata": "Q21140239",
        "wikipedia": "ru:Давыдково (станция метро)"
      },
      "geometry": {
        "type": "Point",
        "coordinates": [
          37.4517426,
          55.7151436
        ]
      },
      "id": "node/9315693034"
    },
    {
      "type": "Feature",
      "properties": {
        "@id": "node/9315693035",
        "name": "Давыдково",
        "public_transport": "stop_position",
        "railway": "stop",
        "subway": "yes"
      },
      "geometry": {
        "type": "Point",
        "coordinates": [
          37.4517111,
          55.7151395
        ]
      },
      "id": "node/9315693035"
    },
    {
      "type": "Feature",
      "properties": {
        "@id": "node/9315693036",
        "name": "Кунцевская",
        "public_transport": "stop_position",
        "railway": "stop",
        "subway": "yes"
      },
      "geometry": {
        "type": "Point",
        "coordinates": [
          37.4459563,
          55.7288644
        ]
      },
      "id": "node/9315693036"
    },
    {
      "type": "Feature",
      "properties": {
        "@id": "node/9315693037",
        "colour": "#82C0C0",
        "depth": "31.2",
        "internet_access": "wlan",
        "layer": "-2",
        "name": "Кунцевская",
        "network": "Московский метрополитен",
        "opening_hours": "Mo-Su 05:30-01:00",
        "operator": "ГУП «Московский метрополитен»",
        "outdoor_seating": "no",
        "public_transport": "station",
        "railway": "station",
        "start_date": "2021-12-07",
        "station": "subway",
        "subway": "yes",
        "website": "http://mosmetro.ru",
        "wheelchair": "yes",
        "wikidata": "Q16668821",
        "wikipedia": "ru:Кунцевская (станция метро, Большая кольцевая линия)"
      },
      "geometry": {
        "type": "Point",
        "coordinates": [
          37.4459847,
          55.7288677
        ]
      },
      "id": "node/9315693037"
    },
    {
      "type": "Feature",
      "properties": {
        "@id": "node/9315693038",
        "name": "Кунцевская",
        "public_transport": "stop_position",
        "railway": "stop",
        "subway": "yes"
      },
      "geometry": {
        "type": "Point",
        "coordinates": [
          37.4460121,
          55.7288713
        ]
      },
      "id": "node/9315693038"
    },
    {
      "type": "Feature",
      "properties": {
        "@id": "node/9315693039",
        "colour": "#82C0C0",
        "depth": "22",
        "internet_access": "wlan",
        "layer": "-2",
        "name": "Терехово",
        "network": "Московский метрополитен",
        "opening_hours": "Mo-Su 05:30-01:00",
        "operator": "ГУП «Московский метрополитен»",
        "outdoor_seating": "no",
        "public_transport": "station",
        "railway": "station",
        "start_date": "2021-12-07",
        "station": "subway",
        "subway": "yes",
        "website": "http://mosmetro.ru",
        "wheelchair": "yes",
        "wikidata": "Q4455735",
        "wikipedia": "ru:Терехово (станция метро)"
      },
      "geometry": {
        "type": "Point",
        "coordinates": [
          37.4596435,
          55.748029
        ]
      },
      "id": "node/9315693039"
    },
    {
      "type": "Feature",
      "properties": {
        "@id": "node/9315693040",
        "name": "Терехово",
        "public_transport": "stop_position",
        "railway": "stop",
        "subway": "yes"
      },
      "geometry": {
        "type": "Point",
        "coordinates": [
          37.4596167,
          55.7480388
        ]
      },
      "id": "node/9315693040"
    },
    {
      "type": "Feature",
      "properties": {
        "@id": "node/9315693041",
        "name": "Терехово",
        "public_transport": "stop_position",
        "railway": "stop",
        "subway": "yes"
      },
      "geometry": {
        "type": "Point",
        "coordinates": [
          37.4596702,
          55.7480191
        ]
      },
      "id": "node/9315693041"
    },
    {
      "type": "Feature",
      "properties": {
        "@id": "node/9315693042",
        "name": "Мнёвники",
        "public_transport": "stop_position",
        "railway": "stop",
        "subway": "yes"
      },
      "geometry": {
        "type": "Point",
        "coordinates": [
          37.4715131,
          55.7611672
        ]
      },
      "id": "node/9315693042"
    },
    {
      "type": "Feature",
      "properties": {
        "@id": "node/9315693043",
        "name": "Мнёвники",
        "public_transport": "stop_position",
        "railway": "stop",
        "subway": "yes"
      },
      "geometry": {
        "type": "Point",
        "coordinates": [
          37.4712833,
          55.7612012
        ]
      },
      "id": "node/9315693043"
    },
    {
      "type": "Feature",
      "properties": {
        "@id": "node/9315693044",
        "name": "Народное Ополчение",
        "public_transport": "stop_position",
        "railway": "stop",
        "subway": "yes"
      },
      "geometry": {
        "type": "Point",
        "coordinates": [
          37.4857373,
          55.7756682
        ]
      },
      "id": "node/9315693044"
    },
    {
      "type": "Feature",
      "properties": {
        "@id": "node/9315693045",
        "name": "Народное Ополчение",
        "public_transport": "stop_position",
        "railway": "stop",
        "subway": "yes"
      },
      "geometry": {
        "type": "Point",
        "coordinates": [
          37.4857286,
          55.7758019
        ]
      },
      "id": "node/9315693045"
    },
    {
      "type": "Feature",
      "properties": {
        "@id": "node/9330588497",
        "name": "Студенческая",
        "public_transport": "stop_position",
        "railway": "stop",
        "subway": "yes"
      },
      "geometry": {
        "type": "Point",
        "coordinates": [
          37.5483675,
          55.7388362
        ]
      },
      "id": "node/9330588497"
    },
    {
      "type": "Feature",
      "properties": {
        "@id": "node/9330588498",
        "name": "Кутузовская",
        "public_transport": "stop_position",
        "railway": "stop",
        "subway": "yes"
      },
      "geometry": {
        "type": "Point",
        "coordinates": [
          37.5343875,
          55.7400336
        ]
      },
      "id": "node/9330588498"
    },
    {
      "type": "Feature",
      "properties": {
        "@id": "node/9330588499",
        "name": "Фили",
        "public_transport": "stop_position",
        "railway": "stop",
        "subway": "yes"
      },
      "geometry": {
        "type": "Point",
        "coordinates": [
          37.5148286,
          55.7461511
        ]
      },
      "id": "node/9330588499"
    },
    {
      "type": "Feature",
      "properties": {
        "@id": "node/9330588500",
        "name": "Филёвский парк",
        "public_transport": "stop_position",
        "railway": "stop",
        "subway": "yes"
      },
      "geometry": {
        "type": "Point",
        "coordinates": [
          37.4834225,
          55.7394565
        ]
      },
      "id": "node/9330588500"
    },
    {
      "type": "Feature",
      "properties": {
        "@id": "node/9330588501",
        "name": "Пионерская",
        "public_transport": "stop_position",
        "railway": "stop",
        "subway": "yes"
      },
      "geometry": {
        "type": "Point",
        "coordinates": [
          37.4671952,
          55.7359311
        ]
      },
      "id": "node/9330588501"
    },
    {
      "type": "Feature",
      "properties": {
        "@id": "node/9961947340",
        "name": "Пионерская",
        "public_transport": "stop_position",
        "railway": "stop",
        "subway": "yes"
      },
      "geometry": {
        "type": "Point",
        "coordinates": [
          37.4671407,
          55.7360543
        ]
      },
      "id": "node/9961947340"
    },
    {
      "type": "Feature",
      "properties": {
        "@id": "node/9961947341",
        "name": "Филёвский парк",
        "public_transport": "stop_position",
        "railway": "stop",
        "subway": "yes"
      },
      "geometry": {
        "type": "Point",
        "coordinates": [
          37.4833259,
          55.7395667
        ]
      },
      "id": "node/9961947341"
    },
    {
      "type": "Feature",
      "properties": {
        "@id": "node/9961947342",
        "name": "Багратионовская",
        "public_transport": "stop_position",
        "railway": "stop",
        "subway": "yes"
      },
      "geometry": {
        "type": "Point",
        "coordinates": [
          37.497706,
          55.743779
        ]
      },
      "id": "node/9961947342"
    },
    {
      "type": "Feature",
      "properties": {
        "@id": "node/9961947343",
        "name": "Фили",
        "public_transport": "stop_position",
        "railway": "stop",
        "subway": "yes"
      },
      "geometry": {
        "type": "Point",
        "coordinates": [
          37.5147885,
          55.7461382
        ]
      },
      "id": "node/9961947343"
    },
    {
      "type": "Feature",
      "properties": {
        "@id": "node/9961947344",
        "name": "Багратионовская",
        "public_transport": "stop_position",
        "railway": "stop",
        "subway": "yes"
      },
      "geometry": {
        "type": "Point",
        "coordinates": [
          37.4977964,
          55.7436822
        ]
      },
      "id": "node/9961947344"
    },
    {
      "type": "Feature",
      "properties": {
        "@id": "node/10701825290",
        "name": "Рижская",
        "public_transport": "stop_position",
        "railway": "stop",
        "subway": "yes"
      },
      "geometry": {
        "type": "Point",
        "coordinates": [
          37.6343173,
          55.7937857
        ]
      },
      "id": "node/10701825290"
    },
    {
      "type": "Feature",
      "properties": {
        "@id": "node/10701825291",
        "name": "Рижская",
        "public_transport": "stop_position",
        "railway": "stop",
        "subway": "yes"
      },
      "geometry": {
        "type": "Point",
        "coordinates": [
          37.6343327,
          55.793983
        ]
      },
      "id": "node/10701825291"
    },
    {
      "type": "Feature",
      "properties": {
        "@id": "node/10701831446",
        "indoor": "yes",
        "layer": "-6",
        "name": "Марьина Роща",
        "public_transport": "stop_position",
        "railway": "stop",
        "subway": "yes"
      },
      "geometry": {
        "type": "Point",
        "coordinates": [
          37.6164093,
          55.7966312
        ]
      },
      "id": "node/10701831446"
    },
    {
      "type": "Feature",
      "properties": {
        "@id": "node/10701831447",
        "indoor": "yes",
        "layer": "-6",
        "name": "Марьина Роща",
        "public_transport": "stop_position",
        "railway": "stop",
        "subway": "yes",
        "wheelchair": "limited"
      },
      "geometry": {
        "type": "Point",
        "coordinates": [
          37.6164208,
          55.7964316
        ]
      },
      "id": "node/10701831447"
    },
    {
      "type": "Feature",
      "properties": {
        "@id": "node/10702113003",
        "colour": "#82C0C0",
        "depth": "9",
        "internet_access": "wlan",
        "layer": "-2",
        "name": "Варшавская",
        "name:be": "Варшаўская",
        "name:en": "Varshavskaya",
        "name:ml": "വാർഷാവ്‌സ്കായ",
        "name:ru": "Варшавская",
        "name:uk": "Варшавська",
        "network": "Московский метрополитен",
        "opening_hours": "Mo-Su 05:25-01:00",
        "operator": "ГУП «Московский метрополитен»",
        "outdoor_seating": "no",
        "public_transport": "station",
        "railway": "station",
        "start_date": "1969-08-11",
        "station": "subway",
        "subway": "yes",
        "website": "http://mosmetro.ru",
        "wheelchair": "no",
        "wikidata": "Q2604373"
      },
      "geometry": {
        "type": "Point",
        "coordinates": [
          37.6195024,
          55.6533344
        ]
      },
      "id": "node/10702113003"
    },
    {
      "type": "Feature",
      "properties": {
        "@id": "node/10702113004",
        "name": "Варшавская",
        "public_transport": "stop_position",
        "railway": "stop",
        "subway": "yes"
      },
      "geometry": {
        "type": "Point",
        "coordinates": [
          37.6195037,
          55.6532765
        ]
      },
      "id": "node/10702113004"
    },
    {
      "type": "Feature",
      "properties": {
        "@id": "node/10702213023",
        "colour": "#82C0C0",
        "depth": "24.3",
        "internet_access": "wlan",
        "name": "Кленовый бульвар",
        "network": "Московский метрополитен",
        "opening_hours": "Mo-Su 05:30-01:00",
        "operator": "ГУП «Московский метрополитен»",
        "outdoor_seating": "no",
        "public_transport": "station",
        "railway": "station",
        "start_date": "2023-03-01",
        "station": "subway",
        "subway": "yes",
        "website": "http://mosmetro.ru",
        "wheelchair": "yes",
        "wikidata": "Q4311510"
      },
      "geometry": {
        "type": "Point",
        "coordinates": [
          37.6807341,
          55.6744865
        ]
      },
      "id": "node/10702213023"
    },
    {
      "type": "Feature",
      "properties": {
        "@id": "node/10702213024",
        "name": "Кленовый бульвар",
        "public_transport": "stop_position",
        "railway": "stop",
        "subway": "yes"
      },
      "geometry": {
        "type": "Point",
        "coordinates": [
          37.6807509,
          55.6744675
        ]
      },
      "id": "node/10702213024"
    },
    {
      "type": "Feature",
      "properties": {
        "@id": "node/10702213025",
        "name": "Кленовый бульвар",
        "public_transport": "stop_position",
        "railway": "stop",
        "subway": "yes"
      },
      "geometry": {
        "type": "Point",
        "coordinates": [
          37.6807215,
          55.6745037
        ]
      },
      "id": "node/10702213025"
    },
    {
      "type": "Feature",
      "properties": {
        "@id": "node/10702213026",
        "colour": "#82C0C0",
        "depth": "27",
        "internet_access": "wlan",
        "layer": "-2",
        "name": "Нагатинский Затон",
        "network": "Московский метрополитен",
        "opening_hours": "Mo-Su 05:30-01:00",
        "operator": "ГУП «Московский метрополитен»",
        "outdoor_seating": "no",
        "public_transport": "station",
        "railway": "station",
        "start_date": "2023-03-01",
        "station": "subway",
        "subway": "yes",
        "website": "http://mosmetro.ru",
        "wheelchair": "yes",
        "wikidata": "Q28946500",
        "wikipedia": "ru:Нагатинский Затон (станция метро)"
      },
      "geometry": {
        "type": "Point",
        "coordinates": [
          37.7043027,
          55.6843314
        ]
      },
      "id": "node/10702213026"
    },
    {
      "type": "Feature",
      "properties": {
        "@id": "node/10702213027",
        "name": "Нагатинский Затон",
        "public_transport": "stop_position",
        "railway": "stop",
        "subway": "yes"
      },
      "geometry": {
        "type": "Point",
        "coordinates": [
          37.7042922,
          55.6843473
        ]
      },
      "id": "node/10702213027"
    },
    {
      "type": "Feature",
      "properties": {
        "@id": "node/10702213028",
        "name": "Нагатинский Затон",
        "public_transport": "stop_position",
        "railway": "stop",
        "subway": "yes"
      },
      "geometry": {
        "type": "Point",
        "coordinates": [
          37.7043348,
          55.6843158
        ]
      },
      "id": "node/10702213028"
    },
    {
      "type": "Feature",
      "properties": {
        "@id": "node/10702442752",
        "colour": "#82C0C0",
        "depth": "30",
        "internet_access": "wlan",
        "layer": "-3",
        "name": "Печатники",
        "name:be": "Пячатнікі",
        "name:cs": "Pečatniki",
        "name:en": "Pechatniki",
        "name:fi": "Petšatnikin metroasema",
        "name:it": "Pečatniki",
        "name:ml": "പെചാറ്റ്നിക്കി",
        "name:pt": "Estação Petchatniki",
        "name:ru": "Печатники",
        "name:uk": "Печатники",
        "network": "Московский метрополитен",
        "opening_hours": "Mo-Su 05:30-01:00",
        "operator": "ГУП «Московский метрополитен»",
        "outdoor_seating": "no",
        "public_transport": "station",
        "railway": "station",
        "start_date": "2023-03-01",
        "station": "subway",
        "subway": "yes",
        "website": "http://mosmetro.ru",
        "wheelchair": "yes",
        "wikidata": "Q4534059"
      },
      "geometry": {
        "type": "Point",
        "coordinates": [
          37.727363,
          55.6946059
        ]
      },
      "id": "node/10702442752"
    },
    {
      "type": "Feature",
      "properties": {
        "@id": "node/10702442753",
        "name": "Печатники",
        "public_transport": "stop_position",
        "railway": "stop",
        "subway": "yes"
      },
      "geometry": {
        "type": "Point",
        "coordinates": [
          37.7273831,
          55.6945898
        ]
      },
      "id": "node/10702442753"
    },
    {
      "type": "Feature",
      "properties": {
        "@id": "node/10702442754",
        "name": "Печатники",
        "public_transport": "stop_position",
        "railway": "stop",
        "subway": "yes"
      },
      "geometry": {
        "type": "Point",
        "coordinates": [
          37.7273429,
          55.694622
        ]
      },
      "id": "node/10702442754"
    },
    {
      "type": "Feature",
      "properties": {
        "@id": "node/10702471714",
        "colour": "#82C0C0",
        "depth": "22",
        "internet_access": "wlan",
        "layer": "-2",
        "name": "Текстильщики",
        "name:en": "Tekstilshchiki",
        "name:ru": "Текстильщики",
        "network": "Московский метрополитен",
        "opening_hours": "Mo-Su 05:30-01:00",
        "operator": "ГУП «Московский метрополитен»",
        "outdoor_seating": "no",
        "public_transport": "station",
        "railway": "station",
        "start_date": "2023-03-01",
        "station": "subway",
        "subway": "yes",
        "website": "http://mosmetro.ru/",
        "wheelchair": "yes"
      },
      "geometry": {
        "type": "Point",
        "coordinates": [
          37.728473,
          55.7070532
        ]
      },
      "id": "node/10702471714"
    },
    {
      "type": "Feature",
      "properties": {
        "@id": "node/10702471715",
        "name": "Текстильщики",
        "public_transport": "stop_position",
        "railway": "stop",
        "subway": "yes"
      },
      "geometry": {
        "type": "Point",
        "coordinates": [
          37.7285059,
          55.7070542
        ]
      },
      "id": "node/10702471715"
    },
    {
      "type": "Feature",
      "properties": {
        "@id": "node/10702471716",
        "name": "Текстильщики",
        "public_transport": "stop_position",
        "railway": "stop",
        "subway": "yes"
      },
      "geometry": {
        "type": "Point",
        "coordinates": [
          37.7284403,
          55.7070521
        ]
      },
      "id": "node/10702471716"
    },
    {
      "type": "Feature",
      "properties": {
        "@id": "node/10702624107",
        "colour": "#82C0C0",
        "depth": "74",
        "internet_access": "wlan",
        "layer": "-2",
        "name": "Марьина Роща",
        "name:ru": "Марьина Роща",
        "network": "Московский метрополитен",
        "opening_hours": "Mo-Su 05:30-01:00",
        "operator": "ГУП «Московский метрополитен»",
        "outdoor_seating": "no",
        "public_transport": "station",
        "railway": "station",
        "start_date": "2023-03-01",
        "station": "subway",
        "subway": "yes",
        "website": "http://mosmetro.ru",
        "wheelchair": "no",
        "wikidata": "Q4283452"
      },
      "geometry": {
        "type": "Point",
        "coordinates": [
          37.6164167,
          55.7965331
        ]
      },
      "id": "node/10702624107"
    },
    {
      "type": "Feature",
      "properties": {
        "@id": "node/10702624108",
        "colour": "#82C0C0",
        "depth": "63.5",
        "internet_access": "wlan",
        "layer": "-2",
        "name": "Рижская",
        "name:ml": "റിജ്‌സ്കായ",
        "name:ru": "Рижская",
        "network": "Московский метрополитен",
        "opening_hours": "Mo-Su 05:30-01:00",
        "operator": "ГУП «Московский метрополитен»",
        "outdoor_seating": "no",
        "public_transport": "station",
        "railway": "station",
        "start_date": "2023-03-01",
        "station": "subway",
        "subway": "yes",
        "website": "http://mosmetro.ru/",
        "wheelchair": "no"
      },
      "geometry": {
        "type": "Point",
        "coordinates": [
          37.6343276,
          55.7938842
        ]
      },
      "id": "node/10702624108"
    },
    {
      "type": "Feature",
      "properties": {
        "@id": "node/10703951288",
        "colour": "#82C0C0",
        "depth": "34",
        "internet_access": "wlan",
        "name": "Сокольники",
        "name:be": "Сакольнікі",
        "name:en": "Sokolniki",
        "name:ml": "സോക്കോൾനിക്കി",
        "name:ru": "Сокольники",
        "name:uk": "Сокольники",
        "network": "Московский метрополитен",
        "opening_hours": "Mo-Su 05:30-01:00",
        "operator": "ГУП «Московский метрополитен»",
        "outdoor_seating": "no",
        "public_transport": "station",
        "railway": "station",
        "start_date": "2023-03-01",
        "station": "subway",
        "subway": "yes",
        "website": "http://mosmetro.ru",
        "wheelchair": "yes"
      },
      "geometry": {
        "type": "Point",
        "coordinates": [
          37.6792574,
          55.7901778
        ]
      },
      "id": "node/10703951288"
    },
    {
      "type": "Feature",
      "properties": {
        "@id": "node/10703951289",
        "name": "Сокольники",
        "public_transport": "stop_position",
        "railway": "stop",
        "subway": "yes"
      },
      "geometry": {
        "type": "Point",
        "coordinates": [
          37.6793658,
          55.7902174
        ]
      },
      "id": "node/10703951289"
    },
    {
      "type": "Feature",
      "properties": {
        "@id": "node/10703951290",
        "name": "Сокольники",
        "public_transport": "stop_position",
        "railway": "stop",
        "subway": "yes"
      },
      "geometry": {
        "type": "Point",
        "coordinates": [
          37.679149,
          55.7901391
        ]
      },
      "id": "node/10703951290"
    },
    {
      "type": "Feature",
      "properties": {
        "@id": "node/10703951291",
        "name": "Электрозаводская",
        "public_transport": "stop_position",
        "railway": "stop",
        "subway": "yes"
      },
      "geometry": {
        "type": "Point",
        "coordinates": [
          37.7031074,
          55.7803037
        ]
      },
      "id": "node/10703951291"
    },
    {
      "type": "Feature",
      "properties": {
        "@id": "node/10703951292",
        "name": "Электрозаводская",
        "public_transport": "stop_position",
        "railway": "stop",
        "subway": "yes"
      },
      "geometry": {
        "type": "Point",
        "coordinates": [
          37.7028799,
          55.7802645
        ]
      },
      "id": "node/10703951292"
    },
    {
      "type": "Feature",
      "properties": {
        "@id": "node/10703951293",
        "layer": "-3",
        "name": "Лефортово",
        "public_transport": "stop_position",
        "railway": "stop",
        "subway": "yes"
      },
      "geometry": {
        "type": "Point",
        "coordinates": [
          37.7066197,
          55.7647277
        ]
      },
      "id": "node/10703951293"
    },
    {
      "type": "Feature",
      "properties": {
        "@id": "node/10703951294",
        "layer": "-3",
        "name": "Лефортово",
        "public_transport": "stop_position",
        "railway": "stop",
        "subway": "yes"
      },
      "geometry": {
        "type": "Point",
        "coordinates": [
          37.7068564,
          55.7647418
        ]
      },
      "id": "node/10703951294"
    },
    {
      "type": "Feature",
      "properties": {
        "@id": "node/10703951295",
        "name": "Нижегородская",
        "public_transport": "stop_position",
        "railway": "stop",
        "subway": "yes"
      },
      "geometry": {
        "type": "Point",
        "coordinates": [
          37.7300651,
          55.7320091
        ]
      },
      "id": "node/10703951295"
    },
    {
      "type": "Feature",
      "properties": {
        "@id": "node/10703951296",
        "name": "Нижегородская",
        "public_transport": "stop_position",
        "railway": "stop",
        "subway": "yes"
      },
      "geometry": {
        "type": "Point",
        "coordinates": [
          37.729716,
          55.7316295
        ]
      },
      "id": "node/10703951296"
    },
    {
      "type": "Feature",
      "properties": {
        "@id": "node/10703951297",
        "name": "Авиамоторная",
        "public_transport": "stop_position",
        "railway": "stop",
        "subway": "yes"
      },
      "geometry": {
        "type": "Point",
        "coordinates": [
          37.7188804,
          55.7539045
        ]
      },
      "id": "node/10703951297"
    },
    {
      "type": "Feature",
      "properties": {
        "@id": "node/10703951298",
        "name": "Авиамоторная",
        "public_transport": "stop_position",
        "railway": "stop",
        "subway": "yes"
      },
      "geometry": {
        "type": "Point",
        "coordinates": [
          37.7191042,
          55.7539491
        ]
      },
      "id": "node/10703951298"
    },
    {
      "type": "Feature",
      "properties": {
        "@id": "node/10784059827",
        "name": "Нижегородская",
        "public_transport": "stop_position",
        "railway": "stop",
        "subway": "yes"
      },
      "geometry": {
        "type": "Point",
        "coordinates": [
          37.7298767,
          55.7318043
        ]
      },
      "id": "node/10784059827"
    },
    {
      "type": "Feature",
      "properties": {
        "@id": "node/10784059828",
        "name": "Нижегородская",
        "public_transport": "stop_position",
        "railway": "stop",
        "subway": "yes"
      },
      "geometry": {
        "type": "Point",
        "coordinates": [
          37.7299074,
          55.7318376
        ]
      },
      "id": "node/10784059828"
    },
    {
      "type": "Feature",
      "properties": {
        "@id": "node/10784059829",
        "name": "Стахановская",
        "public_transport": "stop_position",
        "railway": "stop",
        "subway": "yes"
      },
      "geometry": {
        "type": "Point",
        "coordinates": [
          37.7532359,
          55.7270016
        ]
      },
      "id": "node/10784059829"
    },
    {
      "type": "Feature",
      "properties": {
        "@id": "node/10784059830",
        "name": "Стахановская",
        "public_transport": "stop_position",
        "railway": "stop",
        "subway": "yes"
      },
      "geometry": {
        "type": "Point",
        "coordinates": [
          37.7532585,
          55.7270352
        ]
      },
      "id": "node/10784059830"
    },
    {
      "type": "Feature",
      "properties": {
        "@id": "node/10784059831",
        "name": "Окская",
        "public_transport": "stop_position",
        "railway": "stop",
        "subway": "yes"
      },
      "geometry": {
        "type": "Point",
        "coordinates": [
          37.7817861,
          55.7183543
        ]
      },
      "id": "node/10784059831"
    },
    {
      "type": "Feature",
      "properties": {
        "@id": "node/10784059832",
        "name": "Окская",
        "public_transport": "stop_position",
        "railway": "stop",
        "subway": "yes"
      },
      "geometry": {
        "type": "Point",
        "coordinates": [
          37.7817396,
          55.7183297
        ]
      },
      "id": "node/10784059832"
    },
    {
      "type": "Feature",
      "properties": {
        "@id": "node/10784059833",
        "name": "Юго-Восточная",
        "public_transport": "stop_position",
        "railway": "stop",
        "subway": "yes"
      },
      "geometry": {
        "type": "Point",
        "coordinates": [
          37.8189634,
          55.7050197
        ]
      },
      "id": "node/10784059833"
    },
    {
      "type": "Feature",
      "properties": {
        "@id": "node/10784059834",
        "name": "Юго-Восточная",
        "public_transport": "stop_position",
        "railway": "stop",
        "subway": "yes"
      },
      "geometry": {
        "type": "Point",
        "coordinates": [
          37.8189894,
          55.7050528
        ]
      },
      "id": "node/10784059834"
    },
    {
      "type": "Feature",
      "properties": {
        "@id": "node/10784059835",
        "name": "Некрасовка",
        "public_transport": "stop_position",
        "railway": "stop",
        "subway": "yes"
      },
      "geometry": {
        "type": "Point",
        "coordinates": [
          37.9283274,
          55.7028937
        ]
      },
      "id": "node/10784059835"
    },
    {
      "type": "Feature",
      "properties": {
        "@id": "node/10784059836",
        "name": "Некрасовка",
        "public_transport": "stop_position",
        "railway": "stop",
        "subway": "yes"
      },
      "geometry": {
        "type": "Point",
        "coordinates": [
          37.9281622,
          55.7028049
        ]
      },
      "id": "node/10784059836"
    },
    {
      "type": "Feature",
      "properties": {
        "@id": "node/10852613370",
        "alt_name:en": "Park Pobedy",
        "colour": "blue",
        "depth": "84",
        "internet_access": "wlan",
        "layer": "-4",
        "name": "Парк Победы",
        "name:be": "Парк Перамогі",
        "name:de": "Siegespark",
        "name:en": "Victory Park",
        "name:ml": "വിക്ടറി പാർക്ക്",
        "name:ru": "Парк Победы",
        "name:uk": "Парк Перемоги",
        "network": "Московский метрополитен",
        "opening_hours": "Mo-Su 05:25-01:00",
        "operator": "ГУП «Московский метрополитен»",
        "outdoor_seating": "no",
        "public_transport": "station",
        "railway": "station",
        "start_date": "2003-05-06",
        "station": "subway",
        "subway": "yes",
        "website": "http://mosmetro.ru",
        "wheelchair": "no",
        "wikidata": "Q1810822",
        "wikipedia": "ru:Парк Победы (станция метро, Москва)"
      },
      "geometry": {
        "type": "Point",
        "coordinates": [
          37.5179675,
          55.7361688
        ]
      },
      "id": "node/10852613370"
    },
    {
      "type": "Feature",
      "properties": {
        "@id": "node/10852613371",
        "colour": "lightblue",
        "depth": "0",
        "internet_access": "wlan",
        "name": "Кунцевская",
        "name:be": "Кунцаўская",
        "name:en": "Kuntsevskaya",
        "name:ru": "Кунцевская",
        "name:uk": "Кунцевська",
        "network": "Московский метрополитен",
        "opening_hours": "Mo-Su 05:30-01:00",
        "operator": "ГУП «Московский метрополитен»",
        "outdoor_seating": "no",
        "public_transport": "station",
        "railway": "station",
        "start_date": "1965-08-31",
        "station": "subway",
        "subway": "yes",
        "website": "http://mosmetro.ru",
        "wheelchair": "yes",
        "wikidata": "Q1384273"
      },
      "geometry": {
        "type": "Point",
        "coordinates": [
          37.4459818,
          55.7307628
        ]
      },
      "id": "node/10852613371"
    },
    {
      "type": "Feature",
      "properties": {
        "@id": "node/10852613372",
        "colour": "#82C0C0",
        "depth": "21.8",
        "layer": "-3",
        "name": "Нижегородская",
        "name:en": "Nizhegorodskaya",
        "name:ml": "നിജെഗൊറോഡ്സ്കായ",
        "network": "Московский метрополитен",
        "operator": "ГУП «Московский метрополитен»",
        "public_transport": "station",
        "railway": "station",
        "start_date": "2020-03-27",
        "station": "subway",
        "subway": "yes",
        "wheelchair": "yes",
        "wikidata": "Q4318640",
        "wikipedia": "ru:Нижегородская (станция метро)"
      },
      "geometry": {
        "type": "Point",
        "coordinates": [
          37.7297964,
          55.7317169
        ]
      },
      "id": "node/10852613372"
    },
    {
      "type": "Feature",
      "properties": {
        "@id": "node/10852613373",
        "colour": "green;#82C0C0",
        "depth": "7",
        "name": "Каширская",
        "name:be": "Кашырская",
        "name:en": "Kashirskaya",
        "name:ml": "കാഷിർസ്കായ",
        "name:ru": "Каширская",
        "name:uk": "Каширська",
        "network": "Московский метрополитен",
        "operator": "ГУП «Московский метрополитен»",
        "public_transport": "station",
        "railway": "station",
        "start_date": "1969-08-11",
        "station": "subway",
        "subway": "yes",
        "wheelchair": "no",
        "wikidata": "Q2329927"
      },
      "geometry": {
        "type": "Point",
        "coordinates": [
          37.6485829,
          55.6550857
        ]
      },
      "id": "node/10852613373"
    },
    {
      "type": "Feature",
      "properties": {
        "@id": "node/11171697213",
        "colour": "yellow",
        "depth": "0",
        "internet_access": "wlan",
        "layer": "-4",
        "name": "Пыхтино",
        "name:ru": "Пыхтино",
        "network": "Московский метрополитен",
        "opening_hours": "Mo-Su 05:30-01:00",
        "operator": "ГУП «Московский метрополитен»",
        "outdoor_seating": "no",
        "public_transport": "station",
        "railway": "station",
        "start_date": "2023-09-06",
        "station": "subway",
        "subway": "yes",
        "website": "http://mosmetro.ru",
        "wheelchair": "yes",
        "wikidata": "Q28052628",
        "wikipedia": "ru:Пыхтино (станция метро)"
      },
      "geometry": {
        "type": "Point",
        "coordinates": [
          37.295668,
          55.6245026
        ]
      },
      "id": "node/11171697213"
    },
    {
      "type": "Feature",
      "properties": {
        "@id": "node/11171697214",
        "name": "Пыхтино",
        "public_transport": "stop_position",
        "railway": "stop",
        "subway": "yes"
      },
      "geometry": {
        "type": "Point",
        "coordinates": [
          37.29571,
          55.6244496
        ]
      },
      "id": "node/11171697214"
    },
    {
      "type": "Feature",
      "properties": {
        "@id": "node/11171697215",
        "name": "Пыхтино",
        "public_transport": "stop_position",
        "railway": "stop",
        "subway": "yes"
      },
      "geometry": {
        "type": "Point",
        "coordinates": [
          37.2956232,
          55.6245547
        ]
      },
      "id": "node/11171697215"
    },
    {
      "type": "Feature",
      "properties": {
        "@id": "node/11171729958",
        "colour": "yellow",
        "depth": "16",
        "internet_access": "wlan",
        "layer": "-2",
        "name": "Аэропорт Внуково",
        "name:en": "Vnukovo Airport",
        "name:ml": "വ്നുക്കോവോ വിമാനത്താവളം",
        "name:ru": "Аэропорт Внуково",
        "network": "Московский метрополитен",
        "opening_hours": "Mo-Su 05:30-01:00",
        "operator": "ГУП «Московский метрополитен»",
        "outdoor_seating": "no",
        "public_transport": "station",
        "railway": "station",
        "start_date": "2023-09-06",
        "station": "subway",
        "subway": "yes",
        "website": "http://mosmetro.ru",
        "wheelchair": "yes",
        "wikidata": "Q28667665",
        "wikipedia": "ru:Аэропорт Внуково (станция метро)"
      },
      "geometry": {
        "type": "Point",
        "coordinates": [
          37.2872762,
          55.607309
        ]
      },
      "id": "node/11171729958"
    },
    {
      "type": "Feature",
      "properties": {
        "@id": "node/11171729959",
        "name": "Аэропорт Внуково",
        "public_transport": "stop_position",
        "railway": "stop",
        "subway": "yes"
      },
      "geometry": {
        "type": "Point",
        "coordinates": [
          37.2872008,
          55.6072689
        ]
      },
      "id": "node/11171729959"
    },
    {
      "type": "Feature",
      "properties": {
        "@id": "node/11171729960",
        "name": "Аэропорт Внуково",
        "public_transport": "stop_position",
        "railway": "stop",
        "subway": "yes"
      },
      "geometry": {
        "type": "Point",
        "coordinates": [
          37.2873508,
          55.6073473
        ]
      },
      "id": "node/11171729960"
    },
    {
      "type": "Feature",
      "properties": {
        "@id": "node/11174639393",
        "colour": "#b4d445",
        "depth": "15",
        "internet_access": "wlan",
        "layer": "-5",
        "name": "Физтех",
        "name:ml": "ഫിസ്‌ടെക്",
        "name:ru": "Физтех",
        "network": "Московский метрополитен",
        "opening_hours": "Mo-Su 05:30-01:00",
        "operator": "ГУП «Московский метрополитен»",
        "outdoor_seating": "no",
        "public_transport": "station",
        "railway": "station",
        "start_date": "2023-09-07",
        "station": "subway",
        "subway": "yes",
        "website": "http://mosmetro.ru",
        "wheelchair": "yes",
        "wikidata": "Q46929050",
        "wikipedia": "ru:Физтех (станция метро)"
      },
      "geometry": {
        "type": "Point",
        "coordinates": [
          37.5465759,
          55.9216617
        ]
      },
      "id": "node/11174639393"
    },
    {
      "type": "Feature",
      "properties": {
        "@id": "node/11174639394",
        "name": "Физтех",
        "name:ru": "Физтех",
        "public_transport": "stop_position",
        "railway": "stop",
        "subway": "yes"
      },
      "geometry": {
        "type": "Point",
        "coordinates": [
          37.5464741,
          55.921672
        ]
      },
      "id": "node/11174639394"
    },
    {
      "type": "Feature",
      "properties": {
        "@id": "node/11174639395",
        "name": "Физтех",
        "name:ru": "Физтех",
        "public_transport": "stop_position",
        "railway": "stop",
        "subway": "yes"
      },
      "geometry": {
        "type": "Point",
        "coordinates": [
          37.5466772,
          55.9216504
        ]
      },
      "id": "node/11174639395"
    },
    {
      "type": "Feature",
      "properties": {
        "@id": "node/11174673548",
        "colour": "#b4d445",
        "depth": "18",
        "internet_access": "wlan",
        "layer": "-5",
        "name": "Яхромская",
        "name:ml": "യക്രോംസ്കായ",
        "name:ru": "Яхромская",
        "network": "Московский метрополитен",
        "opening_hours": "Mo-Su 05:30-01:00",
        "operator": "ГУП «Московский метрополитен»",
        "outdoor_seating": "no",
        "public_transport": "station",
        "railway": "station",
        "start_date": "2023-09-07",
        "station": "subway",
        "subway": "yes",
        "website": "http://mosmetro.ru",
        "wheelchair": "yes",
        "wikidata": "Q4471102",
        "wikipedia": "ru:Яхромская (станция метро)"
      },
      "geometry": {
        "type": "Point",
        "coordinates": [
          37.5454418,
          55.8798821
        ]
      },
      "id": "node/11174673548"
    },
    {
      "type": "Feature",
      "properties": {
        "@id": "node/11174673549",
        "name": "Яхромская",
        "name:ru": "Яхромская",
        "public_transport": "stop_position",
        "railway": "stop",
        "subway": "yes"
      },
      "geometry": {
        "type": "Point",
        "coordinates": [
          37.5453408,
          55.87986
        ]
      },
      "id": "node/11174673549"
    },
    {
      "type": "Feature",
      "properties": {
        "@id": "node/11174673550",
        "name": "Яхромская",
        "name:ru": "Яхромская",
        "public_transport": "stop_position",
        "railway": "stop",
        "subway": "yes"
      },
      "geometry": {
        "type": "Point",
        "coordinates": [
          37.5455508,
          55.8798984
        ]
      },
      "id": "node/11174673550"
    },
    {
      "type": "Feature",
      "properties": {
        "@id": "node/11174673551",
        "colour": "#b4d445",
        "depth": "15",
        "internet_access": "wlan",
        "layer": "-5",
        "name": "Лианозово",
        "name:ml": "ലിയാനോസോവോ",
        "name:ru": "Лианозово",
        "network": "Московский метрополитен",
        "opening_hours": "Mo-Su 05:30-01:00",
        "operator": "ГУП «Московский метрополитен»",
        "outdoor_seating": "no",
        "public_transport": "station",
        "railway": "station",
        "start_date": "2023-09-07",
        "station": "subway",
        "subway": "yes",
        "website": "http://mosmetro.ru",
        "wheelchair": "yes",
        "wikidata": "Q4163048",
        "wikipedia": "ru:Лианозово (станция метро)"
      },
      "geometry": {
        "type": "Point",
        "coordinates": [
          37.544663,
          55.898115
        ]
      },
      "id": "node/11174673551"
    },
    {
      "type": "Feature",
      "properties": {
        "@id": "node/11174673552",
        "name": "Лианозово",
        "name:ru": "Лианозово",
        "public_transport": "stop_position",
        "railway": "stop",
        "subway": "yes"
      },
      "geometry": {
        "type": "Point",
        "coordinates": [
          37.5445614,
          55.8981258
        ]
      },
      "id": "node/11174673552"
    },
    {
      "type": "Feature",
      "properties": {
        "@id": "node/11174673553",
        "name": "Лианозово",
        "name:ru": "Лианозово",
        "public_transport": "stop_position",
        "railway": "stop",
        "subway": "yes"
      },
      "geometry": {
        "type": "Point",
        "coordinates": [
          37.5447646,
          55.8981042
        ]
      },
      "id": "node/11174673553"
    },
    {
      "type": "Feature",
      "properties": {
        "@id": "node/12157560724",
        "name": "Потапово",
        "public_transport": "stop_position",
        "railway": "stop",
        "subway": "yes"
      },
      "geometry": {
        "type": "Point",
        "coordinates": [
          37.4926294,
          55.5525824
        ]
      },
      "id": "node/12157560724"
    },
    {
      "type": "Feature",
      "properties": {
        "@id": "node/12157560725",
        "name": "Потапово",
        "public_transport": "stop_position",
        "railway": "stop",
        "subway": "yes"
      },
      "geometry": {
        "type": "Point",
        "coordinates": [
          37.4926112,
          55.552697
        ]
      },
      "id": "node/12157560725"
    },
    {
      "type": "Feature",
      "properties": {
        "@id": "node/12157560726",
        "colour": "red",
        "name": "Потапово",
        "network": "Московский метрополитен",
        "opening_hours": "Mo-Su 05:30-01:00",
        "operator": "ГУП «Московский метрополитен»",
        "public_transport": "station",
        "railway": "station",
        "start_date": "2024-09-05",
        "station": "subway",
        "subway": "yes",
        "website": "http://mosmetro.ru",
        "wheelchair": "yes"
      },
      "geometry": {
        "type": "Point",
        "coordinates": [
          37.4926212,
          55.5526401
        ]
      },
      "id": "node/12157560726"
    },
    {
      "type": "Feature",
      "properties": {
        "@id": "node/12163102804",
        "name": "Тютчевская",
        "public_transport": "stop_position",
        "railway": "stop",
        "subway": "yes"
      },
      "geometry": {
        "type": "Point",
        "coordinates": [
          37.4811766,
          55.6190927
        ]
      },
      "id": "node/12163102804"
    },
    {
      "type": "Feature",
      "properties": {
        "@id": "node/12163102805",
        "colour": "#03795F",
        "layer": "-4",
        "name": "Тютчевская",
        "network": "Московский метрополитен",
        "opening_hours": "Mo-Su 05:30-01:00",
        "operator": "ГУП «Московский метрополитен»",
        "public_transport": "station",
        "railway": "station",
        "start_date": "2024-09-07",
        "station": "subway",
        "subway": "yes",
        "website": "http://mosmetro.ru",
        "wikidata": "Q23670656",
        "wikipedia": "ru:Тютчевская (станция метро)"
      },
      "geometry": {
        "type": "Point",
        "coordinates": [
          37.4810854,
          55.61905
        ]
      },
      "id": "node/12163102805"
    },
    {
      "type": "Feature",
      "properties": {
        "@id": "node/12163102806",
        "name": "Тютчевская",
        "public_transport": "stop_position",
        "railway": "stop",
        "subway": "yes"
      },
      "geometry": {
        "type": "Point",
        "coordinates": [
          37.4809942,
          55.6190072
        ]
      },
      "id": "node/12163102806"
    },
    {
      "type": "Feature",
      "properties": {
        "@id": "node/12163102807",
        "name": "Генерала Тюленева",
        "public_transport": "stop_position",
        "railway": "stop",
        "subway": "yes"
      },
      "geometry": {
        "type": "Point",
        "coordinates": [
          37.4857339,
          55.6262768
        ]
      },
      "id": "node/12163102807"
    },
    {
      "type": "Feature",
      "properties": {
        "@id": "node/12163102808",
        "colour": "#03795F",
        "layer": "-4",
        "name": "Генерала Тюленева",
        "network": "Московский метрополитен",
        "opening_hours": "Mo-Su 05:30-01:00",
        "operator": "ГУП «Московский метрополитен»",
        "public_transport": "station",
        "railway": "station",
        "start_date": "2024-09-07",
        "station": "subway",
        "subway": "yes",
        "website": "http://mosmetro.ru",
        "wikidata": "Q23670654",
        "wikipedia": "ru:Генерала Тюленева (станция метро)"
      },
      "geometry": {
        "type": "Point",
        "coordinates": [
          37.4857715,
          55.6262046
        ]
      },
      "id": "node/12163102808"
    },
    {
      "type": "Feature",
      "properties": {
        "@id": "node/12163102809",
        "name": "Генерала Тюленева",
        "public_transport": "stop_position",
        "railway": "stop",
        "subway": "yes"
      },
      "geometry": {
        "type": "Point",
        "coordinates": [
          37.485809,
          55.6261325
        ]
      },
      "id": "node/12163102809"
    },
    {
      "type": "Feature",
      "properties": {
        "@id": "node/12163102810",
        "name": "Университет дружбы народов",
        "public_transport": "stop_position",
        "railway": "stop",
        "subway": "yes"
      },
      "geometry": {
        "type": "Point",
        "coordinates": [
          37.5070342,
          55.6479834
        ]
      },
      "id": "node/12163102810"
    },
    {
      "type": "Feature",
      "properties": {
        "@id": "node/12163102811",
        "name": "Университет дружбы народов",
        "public_transport": "stop_position",
        "railway": "stop",
        "subway": "yes"
      },
      "geometry": {
        "type": "Point",
        "coordinates": [
          37.5072508,
          55.6478912
        ]
      },
      "id": "node/12163102811"
    },
    {
      "type": "Feature",
      "properties": {
        "@id": "node/12163102812",
        "colour": "#03795F",
        "layer": "-4",
        "name": "Университет дружбы народов",
        "network": "Московский метрополитен",
        "opening_hours": "Mo-Su 05:30-01:00",
        "operator": "ГУП «Московский метрополитен»",
        "public_transport": "station",
        "railway": "station",
        "start_date": "2024-09-07",
        "station": "subway",
        "subway": "yes",
        "website": "http://mosmetro.ru",
        "wikidata": "Q23670653",
        "wikipedia": "ru:Университет дружбы народов (станция метро)"
      },
      "geometry": {
        "type": "Point",
        "coordinates": [
          37.5071425,
          55.6479373
        ]
      },
      "id": "node/12163102812"
    },
    {
      "type": "Feature",
      "properties": {
        "@id": "node/12163102813",
        "name": "Новаторская",
        "public_transport": "stop_position",
        "railway": "stop",
        "subway": "yes"
      },
      "geometry": {
        "type": "Point",
        "coordinates": [
          37.5214792,
          55.6715446
        ]
      },
      "id": "node/12163102813"
    },
    {
      "type": "Feature",
      "properties": {
        "@id": "node/12163102814",
        "name": "Новаторская",
        "public_transport": "stop_position",
        "railway": "stop",
        "subway": "yes"
      },
      "geometry": {
        "type": "Point",
        "coordinates": [
          37.5212822,
          55.6716371
        ]
      },
      "id": "node/12163102814"
    },
    {
      "type": "Feature",
      "properties": {
        "@id": "node/12163102815",
        "colour": "#03795F",
        "layer": "-4",
        "name": "Новаторская",
        "name:en": "Novatorskaya",
        "name:ru": "Новаторская",
        "network": "Московский метрополитен",
        "opening_hours": "Mo-Su 05:30-01:00",
        "operator": "ГУП «Московский метрополитен»",
        "public_transport": "station",
        "railway": "station",
        "start_date": "2024-09-07",
        "station": "subway",
        "subway": "yes",
        "website": "http://mosmetro.ru",
        "wheelchair": "yes",
        "wikidata": "Q23670655",
        "wikipedia": "ru:Новаторская (станция метро, Троицкая линия)"
      },
      "geometry": {
        "type": "Point",
        "coordinates": [
          37.5213865,
          55.6715854
        ]
      },
      "id": "node/12163102815"
    },
    {
      "type": "Feature",
      "properties": {
        "@id": "node/12458764829",
        "name": "Корниловская",
        "public_transport": "stop_position",
        "railway": "stop",
        "subway": "yes"
      },
      "geometry": {
        "type": "Point",
        "coordinates": [
          37.47888,
          55.5984213
        ]
      },
      "id": "node/12458764829"
    },
    {
      "type": "Feature",
      "properties": {
        "@id": "node/12458764830",
        "name": "Корниловская",
        "public_transport": "stop_position",
        "railway": "stop",
        "subway": "yes"
      },
      "geometry": {
        "type": "Point",
        "coordinates": [
          37.4790981,
          55.5983698
        ]
      },
      "id": "node/12458764830"
    },
    {
      "type": "Feature",
      "properties": {
        "@id": "node/12458764840",
        "name": "Коммунарка",
        "public_transport": "stop_position",
        "railway": "stop",
        "subway": "yes"
      },
      "geometry": {
        "type": "Point",
        "coordinates": [
          37.4678612,
          55.5746175
        ]
      },
      "id": "node/12458764840"
    },
    {
      "type": "Feature",
      "properties": {
        "@id": "node/12458764841",
        "name": "Коммунарка",
        "public_transport": "stop_position",
        "railway": "stop",
        "subway": "yes"
      },
      "geometry": {
        "type": "Point",
        "coordinates": [
          37.4680929,
          55.5745854
        ]
      },
      "id": "node/12458764841"
    },
    {
      "type": "Feature",
      "properties": {
        "@id": "node/12458764860",
        "name": "Новомосковская",
        "public_transport": "stop_position",
        "railway": "stop",
        "subway": "yes"
      },
      "geometry": {
        "type": "Point",
        "coordinates": [
          37.4652168,
          55.5604716
        ]
      },
      "id": "node/12458764860"
    },
    {
      "type": "Feature",
      "properties": {
        "@id": "node/12458764861",
        "name": "Новомосковская",
        "public_transport": "stop_position",
        "railway": "stop",
        "subway": "yes"
      },
      "geometry": {
        "type": "Point",
        "coordinates": [
          37.4650197,
          55.5605747
        ]
      },
      "id": "node/12458764861"
    },
    {
      "type": "Feature",
      "properties": {
        "@id": "node/12460750155",
        "colour": "#03795f",
        "internet_access": "wlan",
        "layer": "-4",
        "name": "Корниловская",
        "network": "Московский метрополитен",
        "opening_hours": "Mo-Su 05:30-01:00",
        "operator": "ГУП «Московский метрополитен»",
        "public_transport": "station",
        "railway": "station",
        "start_date": "2024-12-28",
        "station": "subway",
        "subway": "yes",
        "website": "http://mosmetro.ru",
        "wheelchair": "yes",
        "wikidata": "Q23670652",
        "wikipedia": "ru:Корниловская (станция метро)"
      },
      "geometry": {
        "type": "Point",
        "coordinates": [
          37.4789891,
          55.5983956
        ]
      },
      "id": "node/12460750155"
    },
    {
      "type": "Feature",
      "properties": {
        "@id": "node/12460750156",
        "colour": "#03795F",
        "internet_access": "wlan",
        "layer": "-4",
        "name": "Коммунарка",
        "network": "Московский метрополитен",
        "opening_hours": "Mo-Su 05:30-01:00",
        "operator": "ГУП «Московский метрополитен»",
        "public_transport": "station",
        "railway": "station",
        "start_date": "2024-12-28",
        "station": "subway",
        "subway": "yes",
        "website": "http://mosmetro.ru",
        "wheelchair": "yes",
        "wikidata": "Q23670650",
        "wikipedia": "ru:Коммунарка (станция метро)"
      },
      "geometry": {
        "type": "Point",
        "coordinates": [
          37.4679907,
          55.574632
        ]
      },
      "id": "node/12460750156"
    },
    {
      "type": "Feature",
      "properties": {
        "@id": "node/12460750157",
        "colour": "#03795F",
        "internet_access": "wlan",
        "layer": "-4",
        "name": "Новомосковская",
        "network": "Московский метрополитен",
        "old_name": "Коммунарка",
        "opening_hours": "Mo-Su 05:30-01:00",
        "operator": "ГУП «Московский метрополитен»",
        "public_transport": "station",
        "railway": "station",
        "start_date": "2024-12-28",
        "station": "subway",
        "subway": "yes",
        "website": "http://mosmetro.ru",
        "wheelchair": "yes",
        "wikidata": "Q51044787",
        "wikipedia": "ru:Новомосковская (станция метро, Троицкая линия)"
      },
      "geometry": {
        "type": "Point",
        "coordinates": [
          37.4652781,
          55.560601
        ]
      },
      "id": "node/12460750157"
    },
    {
      "type": "Feature",
      "properties": {
        "@id": "node/13141233387",
        "colour": "#03795F",
        "internet_access": "yes",
        "layer": "-4",
        "name": "ЗИЛ",
        "network": "Московский метрополитен",
        "opening_hours": "Mo-Su 05:30-01:00",
        "operator": "ГУП «Московский метрополитен»",
        "public_transport": "station",
        "railway": "station",
        "start_date": "2025-09-13",
        "station": "subway",
        "subway": "yes",
        "website": "http://mosmetro.ru",
        "wikidata": "Q113516344",
        "wikipedia": "ru:ЗИЛ (станция метро, Троицкая линия)"
      },
      "geometry": {
        "type": "Point",
        "coordinates": [
          37.6452346,
          55.6969336
        ]
      },
      "id": "node/13141233387"
    },
    {
      "type": "Feature",
      "properties": {
        "@id": "node/13141233389",
        "name": "ЗИЛ",
        "public_transport": "stop_position",
        "railway": "stop",
        "subway": "yes"
      },
      "geometry": {
        "type": "Point",
        "coordinates": [
          37.6453088,
          55.696897
        ]
      },
      "id": "node/13141233389"
    },
    {
      "type": "Feature",
      "properties": {
        "@id": "node/13141325024",
        "name": "ЗИЛ",
        "public_transport": "stop_position",
        "railway": "stop",
        "subway": "yes"
      },
      "geometry": {
        "type": "Point",
        "coordinates": [
          37.6451517,
          55.6969787
        ]
      },
      "id": "node/13141325024"
    },
    {
      "type": "Feature",
      "properties": {
        "@id": "node/13141822040",
        "colour": "#03795F",
        "internet_access": "yes",
        "layer": "-4",
        "name": "Крымская",
        "network": "Московский метрополитен",
        "opening_hours": "Mo-Su 05:30-01:00",
        "operator": "ГУП «Московский метрополитен»",
        "public_transport": "station",
        "railway": "station",
        "start_date": "2025-09-13",
        "station": "subway",
        "subway": "yes",
        "website": "http://mosmetro.ru"
      },
      "geometry": {
        "type": "Point",
        "coordinates": [
          37.6093943,
          55.689732
        ]
      },
      "id": "node/13141822040"
    },
    {
      "type": "Feature",
      "properties": {
        "@id": "node/13141822041",
        "name": "Крымская",
        "public_transport": "stop_position",
        "railway": "stop",
        "subway": "yes"
      },
      "geometry": {
        "type": "Point",
        "coordinates": [
          37.6093891,
          55.6896722
        ]
      },
      "id": "node/13141822041"
    },
    {
      "type": "Feature",
      "properties": {
        "@id": "node/13141822042",
        "name": "Крымская",
        "public_transport": "stop_position",
        "railway": "stop",
        "subway": "yes"
      },
      "geometry": {
        "type": "Point",
        "coordinates": [
          37.6093983,
          55.689788
        ]
      },
      "id": "node/13141822042"
    },
    {
      "type": "Feature",
      "properties": {
        "@id": "node/13141822043",
        "colour": "#03795F",
        "internet_access": "yes",
        "layer": "-4",
        "name": "Академическая",
        "network": "Московский метрополитен",
        "opening_hours": "Mo-Su 05:30-01:00",
        "operator": "ГУП «Московский метрополитен»",
        "public_transport": "station",
        "railway": "station",
        "start_date": "2025-09-13",
        "station": "subway",
        "subway": "yes",
        "website": "http://mosmetro.ru"
      },
      "geometry": {
        "type": "Point",
        "coordinates": [
          37.5759825,
          55.6869446
        ]
      },
      "id": "node/13141822043"
    },
    {
      "type": "Feature",
      "properties": {
        "@id": "node/13141822044",
        "name": "Академическая",
        "public_transport": "stop_position",
        "railway": "stop",
        "subway": "yes"
      },
      "geometry": {
        "type": "Point",
        "coordinates": [
          37.5758733,
          55.686888
        ]
      },
      "id": "node/13141822044"
    },
    {
      "type": "Feature",
      "properties": {
        "@id": "node/13141822045",
        "name": "Академическая",
        "public_transport": "stop_position",
        "railway": "stop",
        "subway": "yes"
      },
      "geometry": {
        "type": "Point",
        "coordinates": [
          37.5760091,
          55.6870161
        ]
      },
      "id": "node/13141822045"
    },
    {
      "type": "Feature",
      "properties": {
        "@id": "node/13143504742",
        "colour": "#03795F",
        "internet_access": "yes",
        "layer": "-4",
        "name": "Вавиловская",
        "network": "Московский метрополитен",
        "opening_hours": "Mo-Su 05:30-01:00",
        "operator": "ГУП «Московский метрополитен»",
        "public_transport": "station",
        "railway": "station",
        "start_date": "2025-09-13",
        "station": "subway",
        "subway": "yes",
        "website": "http://mosmetro.ru"
      },
      "geometry": {
        "type": "Point",
        "coordinates": [
          37.5408941,
          55.6848912
        ]
      },
      "id": "node/13143504742"
    },
    {
      "type": "Feature",
      "properties": {
        "@id": "node/13143504743",
        "name": "Вавиловская",
        "public_transport": "stop_position",
        "railway": "stop",
        "subway": "yes"
      },
      "geometry": {
        "type": "Point",
        "coordinates": [
          37.5409758,
          55.6848519
        ]
      },
      "id": "node/13143504743"
    },
    {
      "type": "Feature",
      "properties": {
        "@id": "node/13143504744",
        "name": "Вавиловская",
        "public_transport": "stop_position",
        "railway": "stop",
        "subway": "yes"
      },
      "geometry": {
        "type": "Point",
        "coordinates": [
          37.5408124,
          55.6849305
        ]
      },
      "id": "node/13143504744"
    },
    {
      "type": "Feature",
      "properties": {
        "@id": "node/13410867130",
        "public_transport": "stop_position",
        "railway": "stop",
        "subway": "yes"
      },
      "geometry": {
        "type": "Point",
        "coordinates": [
          37.3614323,
          55.5171052
        ]
      },
      "id": "node/13410867130"
    },
    {
      "type": "Feature",
      "properties": {
        "@id": "node/13410867131",
        "public_transport": "stop_position",
        "railway": "stop",
        "subway": "yes"
      },
      "geometry": {
        "type": "Point",
        "coordinates": [
          37.361199,
          55.5170836
        ]
      },
      "id": "node/13410867131"
    },
    {
      "type": "Feature",
      "properties": {
        "@id": "node/13410867132",
        "public_transport": "stop_position",
        "railway": "stop",
        "subway": "yes"
      },
      "geometry": {
        "type": "Point",
        "coordinates": [
          37.3600278,
          55.5145514
        ]
      },
      "id": "node/13410867132"
    },
    {
      "type": "Feature",
      "properties": {
        "@id": "node/13410867133",
        "public_transport": "stop_position",
        "railway": "stop",
        "subway": "yes"
      },
      "geometry": {
        "type": "Point",
        "coordinates": [
          37.3598561,
          55.5146664
        ]
      },
      "id": "node/13410867133"
    },
    {
      "type": "Feature",
      "properties": {
        "@id": "node/13412729348",
        "public_transport": "stop_position",
        "railway": "stop",
        "subway": "yes"
      },
      "geometry": {
        "type": "Point",
        "coordinates": [
          37.4320002,
          55.5530224
        ]
      },
      "id": "node/13412729348"
    },
    {
      "type": "Feature",
      "properties": {
        "@id": "node/13412729349",
        "public_transport": "stop_position",
        "railway": "stop",
        "subway": "yes"
      },
      "geometry": {
        "type": "Point",
        "coordinates": [
          37.4321512,
          55.5531267
        ]
      },
      "id": "node/13412729349"
    }
  ]
}